# vtk DataFile Version 2.0
airfoil, Created by Gmsh 4.15.2-git 
ASCII
DATASET UNSTRUCTURED_GRID
POINTS 6631 double
0 0 0
1 0.00126 0
1 -0.00126 0
-20 -20 0
21 -20 0
21 20 0
-20 20 0
0.01217654428990559 0.01870574753409241 0
0.03262371834004783 0.02949069476555478 0
0.05457294990256228 0.03688830474740334 0
0.07706506781595235 0.04244966477587789 0
0.09982478034037084 0.04679802353398378 0
0.1227378703996262 0.05025410347757264 0
0.1457461971530566 0.05300899301689908 0
0.1688162280117737 0.05518933552852724 0
0.1919271154058035 0.05688492091579211 0
0.2150649426434198 0.05816266058227811 0
0.2382201211705239 0.05907495540678749 0
0.2613858389704912 0.0596636893049102 0
0.2845571653102927 0.05996341925782395 0
0.3077303456720126 0.06000337243854846 0
0.3309027880868851 0.05980833734275304 0
0.3540724816329188 0.05939981179098583 0
0.3772379373262039 0.05879665146304321 0
0.4003980666612554 0.05801539078337451 0
0.4235520531435439 0.05707058025655085 0
0.4466995383207936 0.05597527938204414 0
0.469840031052471 0.05474112737088028 0
0.4929732147428229 0.05337845095751721 0
0.5160991400820482 0.05189648614931876 0
0.5392176364628458 0.05030345153436352 0
0.5623287596916939 0.04860666237547499 0
0.585432574001028 0.04681267765177897 0
0.6085290657940244 0.04492703842902225 0
0.631618337699162 0.0429547298775045 0
0.654700415560831 0.04089999301162715 0
0.677775332834107 0.03876642518218817 0
0.7008431442853015 0.03655706907868758 0
0.7239037445695908 0.03427409696094754 0
0.7469571147978261 0.0319193302186338 0
0.7700032228077427 0.02949391860637775 0
0.7930418353771407 0.02699868492923865 0
0.8160727949996138 0.02443362804648122 0
0.8390959006851196 0.02179857951971227 0
0.8621106761433344 0.01909275912020217 0
0.8851167675272948 0.01631431156916339 0
0.9081140153476842 0.01346212700877774 0
0.9311018276279915 0.01053341019774025 0
0.9540788882891353 0.007525725137499165 0
0.9770668327009653 0.004432692773120505 0
0.003830759343249073 0.01073285700856452 0
0.0220789017984817 0.02469958703819052 0
0.04349994165398435 0.03348010046322389 0
0.06577438505268036 0.03984892999028496 0
0.08842059912522551 0.04475123409875089 0
0.1112665761242875 0.04862369026257889 0
0.1342326181474492 0.05171014841284916 0
0.1572750152269151 0.0541647505014692 0
0.1803675506588121 0.05609315589984831 0
0.2034933348897087 0.05757249913319214 0
0.2266408407254205 0.05866160570493969 0
0.2498020216156939 0.05940731843522156 0
0.2729710689091473 0.05984754546346876 0
0.2961437136772432 0.06001404325219498 0
0.3193167878067987 0.05993363113368617 0
0.3424880765932815 0.0596293376033119 0
0.365655806411446 0.05912126964571668 0
0.388818694585908 0.05842711895397101 0
0.4119758576359879 0.05756232019475538 0
0.4351266335403148 0.0565406934089011 0
0.4582706671806872 0.05537458856062347 0
0.4814075023498263 0.05407495401705962 0
0.5045370919134721 0.05265156825271063 0
0.5276592925891213 0.05111314276675018 0
0.5507741035992533 0.04946741558283514 0
0.5738815775139213 0.04772133887124289 0
0.5969817212407353 0.04588092043781419 0
0.6200746016466711 0.04395141039161762 0
0.6431602713365506 0.0419374167261461 0
0.6662387660143264 0.03984284242243307 0
0.6893101320614637 0.03767102749439192 0
0.7123743406326501 0.03542456281056497 0
0.7354313359756017 0.03310546427810945 0
0.7584810762531357 0.03071521882965761 0
0.7815234679762502 0.02825487493970837 0
0.8045582975998837 0.0257249928470917 0
0.827585371115129 0.02312501049282864 0
0.8506043387337153 0.02045456561598776 0
0.8736148210371157 0.01771265410076344 0
0.8966165745208536 0.01489761166247396 0
0.9196091489842991 0.01200745938940294 0
0.9425916553140354 0.009039538549284172 0
0.9655743005654529 0.005989774994667168 0
0.9885291896808974 0.00285811956923601 0
0.01217654428990559 -0.01870574753409241 0
0.03262371834004783 -0.02949069476555478 0
0.05457294990256228 -0.03688830474740334 0
0.07706506781595235 -0.04244966477587789 0
0.09982478034037084 -0.04679802353398378 0
0.1227378703996262 -0.05025410347757264 0
0.1457461971530566 -0.05300899301689908 0
0.1688162280117737 -0.05518933552852724 0
0.1919271154058035 -0.05688492091579211 0
0.2150649426434198 -0.05816266058227811 0
0.2382201211705239 -0.05907495540678749 0
0.2613858389704912 -0.0596636893049102 0
0.2845571653102927 -0.05996341925782395 0
0.3077303456720126 -0.06000337243854846 0
0.3309027880868851 -0.05980833734275304 0
0.3540724816329188 -0.05939981179098583 0
0.3772379373262039 -0.05879665146304321 0
0.4003980666612554 -0.05801539078337451 0
0.4235520531435439 -0.05707058025655085 0
0.4466995383207936 -0.05597527938204414 0
0.469840031052471 -0.05474112737088028 0
0.4929732147428229 -0.05337845095751721 0
0.5160991400820482 -0.05189648614931876 0
0.5392176364628458 -0.05030345153436352 0
0.5623287596916939 -0.04860666237547499 0
0.585432574001028 -0.04681267765177897 0
0.6085290657940244 -0.04492703842902225 0
0.631618337699162 -0.0429547298775045 0
0.654700415560831 -0.04089999301162715 0
0.677775332834107 -0.03876642518218817 0
0.7008431442853015 -0.03655706907868758 0
0.7239037445695908 -0.03427409696094754 0
0.7469571147978261 -0.0319193302186338 0
0.7700032228077427 -0.02949391860637775 0
0.7930418353771407 -0.02699868492923865 0
0.8160727949996138 -0.02443362804648122 0
0.8390959006851196 -0.02179857951971227 0
0.8621106761433344 -0.01909275912020217 0
0.8851167675272948 -0.01631431156916339 0
0.9081140153476842 -0.01346212700877774 0
0.9311018276279915 -0.01053341019774025 0
0.9540788882891353 -0.007525725137499165 0
0.9770668327009653 -0.004432692773120505 0
0.003830759343249073 -0.01073285700856452 0
0.0220789017984817 -0.02469958703819052 0
0.04349994165398435 -0.03348010046322389 0
0.06577438505268036 -0.03984892999028496 0
0.08842059912522551 -0.04475123409875089 0
0.1112665761242875 -0.04862369026257889 0
0.1342326181474492 -0.05171014841284916 0
0.1572750152269151 -0.0541647505014692 0
0.1803675506588121 -0.05609315589984831 0
0.2034933348897087 -0.05757249913319214 0
0.2266408407254205 -0.05866160570493969 0
0.2498020216156939 -0.05940731843522156 0
0.2729710689091473 -0.05984754546346876 0
0.2961437136772432 -0.06001404325219498 0
0.3193167878067987 -0.05993363113368617 0
0.3424880765932815 -0.0596293376033119 0
0.365655806411446 -0.05912126964571668 0
0.388818694585908 -0.05842711895397101 0
0.4119758576359879 -0.05756232019475538 0
0.4351266335403148 -0.0565406934089011 0
0.4582706671806872 -0.05537458856062347 0
0.4814075023498263 -0.05407495401705962 0
0.5045370919134721 -0.05265156825271063 0
0.5276592925891213 -0.05111314276675018 0
0.5507741035992533 -0.04946741558283514 0
0.5738815775139213 -0.04772133887124289 0
0.5969817212407353 -0.04588092043781419 0
0.6200746016466711 -0.04395141039161762 0
0.6431602713365506 -0.0419374167261461 0
0.6662387660143264 -0.03984284242243307 0
0.6893101320614637 -0.03767102749439192 0
0.7123743406326501 -0.03542456281056497 0
0.7354313359756017 -0.03310546427810945 0
0.7584810762531357 -0.03071521882965761 0
0.7815234679762502 -0.02825487493970837 0
0.8045582975998837 -0.0257249928470917 0
0.827585371115129 -0.02312501049282864 0
0.8506043387337153 -0.02045456561598776 0
0.8736148210371157 -0.01771265410076344 0
0.8966165745208536 -0.01489761166247396 0
0.9196091489842991 -0.01200745938940294 0
0.9425916553140354 -0.009039538549284172 0
0.9655743005654529 -0.005989774994667168 0
0.9885291896808974 -0.00285811956923601 0
1 4.264167144385489e-15 0
1 0.0006300000000021321 0
1 -0.0006299999999975598 0
-18.29166666666775 -20 0
-16.58333333333605 -20 0
-14.87500000000697 -20 0
-13.1666666666795 -20 0
-11.45833333335493 -20 0
-9.750000000030356 -20 0
-8.041666666705787 -20 0
-6.333333333381216 -20 0
-4.625000000053985 -20 0
-2.916666666726755 -20 0
-1.208333333394787 -20 0
0.4999999999371845 -20 0
2.208333333269824 -20 0
3.916666666601124 -20 0
5.624999999933323 -20 0
7.333333333265063 -20 0
9.041666666597983 -20 0
10.749999999929 -20 0
12.45833333327038 -20 0
14.16666666661285 -20 0
15.87499999996144 -20 0
17.58333333330642 -20 0
19.29166666665262 -20 0
-19.14583333333382 -20 0
-17.43750000000244 -20 0
-15.72916666667143 -20 0
-14.02083333334323 -20 0
-12.31250000001721 -20 0
-10.60416666669257 -20 0
-8.895833333368072 -20 0
-7.187500000043334 -20 0
-5.479166666717703 -20 0
-3.770833333390371 -20 0
-2.062500000060773 -20 0
-0.3541666667283891 -20 0
1.354166666603511 -20 0
3.062499999935689 -20 0
4.770833333267202 -20 0
6.47916666659906 -20 0
8.187499999931429 -20 0
9.895833333263607 -20 0
11.60416666659976 -20 0
13.31249999994124 -20 0
15.02083333328714 -20 0
16.72916666663379 -20 0
18.43749999997981 -20 0
20.14583333332693 -20 0
21 -17.99999999999769 0
21 -15.99999999999508 0
21 -13.99999999999991 0
21 -12.00000000000349 0
21 -10.0000000000101 0
21 -8.00000000001633 0
21 -6.000000000022725 0
21 -4.000000000029031 0
21 -2.000000000026962 0
21 -2.467004378559068e-11 0
21 1.999999999979202 0
21 3.99999999998024 0
21 5.999999999983181 0
21 7.99999999998516 0
21 9.999999999988791 0
21 11.99999999999008 0
21 13.99999999999202 0
21 15.99999999999503 0
21 17.99999999999752 0
21 -18.99999999999922 0
21 -16.99999999999705 0
21 -14.99999999999741 0
21 -13.00000000000202 0
21 -11.00000000000713 0
21 -9.000000000013236 0
21 -7.000000000019519 0
21 -5.00000000002596 0
21 -3.00000000002807 0
21 -1.000000000026144 0
21 0.9999999999768718 0
21 2.999999999979721 0
21 4.999999999981789 0
21 6.999999999984251 0
21 8.999999999987473 0
21 10.99999999998918 0
21 12.99999999999098 0
21 14.99999999999386 0
21 16.99999999999638 0
21 18.99999999999806 0
19.29166666666775 20 0
17.58333333333605 20 0
15.87500000000672 20 0
14.1666666666795 20 0
12.45833333335493 20 0
10.75000000003036 20 0
9.041666666705787 20 0
7.333333333381216 20 0
5.625000000053985 20 0
3.916666666726755 20 0
2.208333333394787 20 0
0.5000000000628155 20 0
-1.208333333269824 20 0
-2.916666666601124 20 0
-4.624999999933323 20 0
-6.333333333265063 20 0
-8.041666666597983 20 0
-9.749999999929003 20 0
-11.45833333327038 20 0
-13.16666666661285 20 0
-14.87499999996144 20 0
-16.58333333330642 20 0
-18.29166666665262 20 0
20.14583333333382 20 0
18.43750000000244 20 0
16.72916666667149 20 0
15.02083333334308 20 0
13.31250000001721 20 0
11.60416666669257 20 0
9.895833333368072 20 0
8.187500000043334 20 0
6.479166666717703 20 0
4.770833333390371 20 0
3.062500000060773 20 0
1.354166666728389 20 0
-0.3541666666035113 20 0
-2.062499999935689 20 0
-3.770833333267202 20 0
-5.47916666659906 20 0
-7.187499999931429 20 0
-8.895833333263607 20 0
-10.60416666659976 20 0
-12.31249999994124 20 0
-14.02083333328714 20 0
-15.72916666663379 20 0
-17.43749999997981 20 0
-19.14583333332693 20 0
-20 17.99999999999769 0
-20 15.99999999999508 0
-20 13.99999999999991 0
-20 12.00000000000349 0
-20 10.0000000000101 0
-20 8.00000000001633 0
-20 6.000000000022725 0
-20 4.000000000029031 0
-20 2.000000000026962 0
-20 2.467004378559068e-11 0
-20 -1.999999999979202 0
-20 -3.99999999998024 0
-20 -5.999999999983181 0
-20 -7.99999999998516 0
-20 -9.999999999988791 0
-20 -11.99999999999008 0
-20 -13.99999999999202 0
-20 -15.99999999999503 0
-20 -17.99999999999752 0
-20 18.99999999999922 0
-20 16.99999999999705 0
-20 14.99999999999741 0
-20 13.00000000000202 0
-20 11.00000000000713 0
-20 9.000000000013236 0
-20 7.000000000019519 0
-20 5.00000000002596 0
-20 3.00000000002807 0
-20 1.000000000026144 0
-20 -0.9999999999768718 0
-20 -2.999999999979721 0
-20 -4.999999999981789 0
-20 -6.999999999984251 0
-20 -8.999999999987473 0
-20 -10.99999999998918 0
-20 -12.99999999999098 0
-20 -14.99999999999386 0
-20 -16.99999999999638 0
-20 -18.99999999999806 0
7.572672768418216 16.81380651883289 0
7.205439642669711 -16.78693957391896 0
-6.578292518132415 -16.82264157898934 0
-9.646344228764262 16.6388929118425 0
-2.916007457470899 16.78791222417659 0
17.33854039767444 -3.994154884085202 0
-16.39576499716674 4.044702543354759 0
16.70181446613871 3.89121610664426 0
-15.81178865598007 -3.992991395633775 0
-16.48090612985513 16.2327183773269 0
17.22529418673523 -12.42293038134522 0
13.97279618267949 -16.48952352277636 0
17.11494407772579 8.343097868708469 0
-16.20031606175265 -8.388403859639626 0
0.7880738810934688 16.36029963939783 0
3.87053737589645 -16.78334810049078 0
10.77002048449155 16.65972430087083 0
17.34177962552936 12.33624086897053 0
14.07046560856028 16.42553261553616 0
0.189429599893425 -16.36316771160124 0
-9.779995276674699 -16.66583996748126 0
-16.37279908964447 -12.3474595788878 0
-13.08276718325284 -16.43038747697194 0
-16.32272761956025 12.44059200990899 0
17.49685790723636 16.19558526875792 0
-16.50601524054817 -16.19889057151829 0
17.45058823953752 -16.2372619315258 0
7.06654645492111 -13.40986449751684 0
-0.3864728267510834 13.62276523538087 0
12.94954717528229 5.162827152394278 0
-12.52057482614449 -5.51462429885571 0
7.748636043983574 13.78755018944656 0
-6.760817784282483 -13.8059574017918 0
13.67863859399485 -13.02534489294053 0
-12.34138163833073 -9.003247309778256 0
13.15508868945595 8.966318210120578 0
-9.701890046473705 -13.43159645815628 0
10.66396996035547 13.41897468672506 0
-16.39302733196642 0.2443234202874688 0
17.34183945444834 -0.283270930823686 0
1.322795921049868 -13.59466069153849 0
-3.380952339748309 -16.77721931126942 0
4.374041346206781 16.76510325256196 0
-15.85532950679717 8.246587668822743 0
16.71252360132009 -8.167023245760181 0
-6.269985727148664 16.75256715479262 0
10.57456770420254 -16.67384281202729 0
-13.03809999548014 16.45774592980102 0
-12.8994655967602 -12.856280580045 0
13.8449826554816 12.84122575075637 0
-12.7318664905618 6.828676970088583 0
-10.00445407347694 -5.612595986190509 0
-6.06203461529398 13.31032749424946 0
10.3879044551846 5.953857723898839 0
14.08654579368062 -0.6684271186410221 0
12.91541370210638 -9.729427076439487 0
-3.949349502247194 -13.82388098218025 0
-6.790171394607 -10.99923106558392 0
4.950003245295411 13.79042775153793 0
7.78136270125901 10.99338666702916 0
-2.886845751727224 13.86977686821456 0
10.43286806405412 -13.49165395632653 0
-13.16027647261049 0.5295352911081541 0
3.84817563492134 -13.81216083236637 0
-1.343779398910942 -13.26004099613983 0
2.321301150092848 13.22029277983196 0
13.57668168722128 2.066423920582942 0
-12.72489008388373 -2.507059885123615 0
-12.84695291284827 12.91848902972279 0
13.5065127108783 -6.556831799057001 0
-9.357081342533499 -10.69341999746991 0
10.27008472495822 10.68704526259862 0
3.592237103456938 -11.10298781124639 0
1.534454499445315 11.15994553957978 0
10.97643273818508 -6.194761539143246 0
8.057154478037786 -10.76511648081275 0
11.0941378987456 -0.9247260013725142 0
-10.22732199090709 0.6944539093697739 0
5.354030175356211 11.19546118747509 0
-4.288937089977062 -11.24822204119545 0
-13.18248985558264 3.874431158688056 0
14.05853024321566 -3.786778563629072 0
-0.5709203925353419 -11.29000033838201 0
-2.629836592907639 11.48291221090722 0
-6.605916160076717 -8.032897742497655 0
7.612913433947411 8.111275367243548 0
-9.526388712337324 13.24082377230053 0
-12.5241570585371 9.799843837323365 0
10.209814268269 -10.8822382958741 0
11.17346151160955 1.720364968477294 0
-10.04147830531036 -2.68399670560716 0
0.6028326479252465 0.09368319361492311 0
9.023069110312386 -0.1548222015945193 0
-7.395612112009382 0.1767092894844602 0
-10.45663690749352 6.627821671402889 0
-6.612934711676456 10.51367713028884 0
5.320870640387895 9.101436335214968 0
-4.018086774604189 -9.069200795294369 0
-10.32844286937558 3.812056534363818 0
-0.4012057168036225 11.45757710490326 0
11.30529449943236 -3.648129944321729 0
1.253629129320649 -11.44767729776556 0
0.5869692103622872 -0.09491897907971429 0
-9.259045609337097 9.505666858057259 0
-9.441180899168424 -8.095306374666439 0
10.18559609237704 8.093703183231279 0
7.868295937619106 -8.21937161263169 0
5.874022178702699 -10.92983905861942 0
-4.568999005189489 11.05706705606931 0
10.38298844055534 -8.469076044614072 0
2.532611958995882 -9.300228558431236 0
-0.2947244204954065 9.416279317666413 0
5.415023710994322 6.796609922202005 0
-4.885162759931304 -6.415128038120806 0
-7.686833448047261 4.152946428739947 0
-4.118738939678597 9.334481658236992 0
8.306730911879768 5.520915967263917 0
5.658051749837641 -9.091402341797318 0
8.604945635031168 -5.660119832869959 0
0.9946377975506849 -9.579122783570705 0
-8.244676031823236 1.757416251058658 0
-7.860354965244639 -5.96715044653577 0
-7.158160708467834 7.097413011273493 0
3.400778385696408 11.080778152731 0
9.029792391678436 -1.818360756222318 0
-2.332040536913619 -11.21862081867889 0
2.302413358662761 -7.825661246835518 0
7.447303282728361 -1.772190070198122 0
-6.215011587198077 0.9556232276062038 0
6.409695146474715 4.819406691543659 0
-3.233080422785552 -7.25280527918103 0
3.536943937988785 7.434788976316101 0
-5.81214208216197 -4.53514780431129 0
-5.352038027344296 6.151915027471744 0
1.640847169145873 9.322491862049031 0
9.047840932511919 -3.539848897443862 0
-8.291631916330216 -3.724649199114239 0
-2.289478500942505 9.395566967493428 0
3.49631947290514 9.203276763751617 0
8.792970722564643 3.447487690530626 0
-2.233761681607549 -9.606406643825176 0
-0.5898791277126901 -9.760506636695176 0
5.490847671886903 -6.874828236504221 0
7.41552623525938 -0.2450938268974493 0
0.7353811505145408 -7.922768453503346 0
6.990612953870501 3.006611103297113 0
-2.015677601780096 7.369420282019183 0
1.826519582402015 7.35379229155193 0
-6.397093429548006 -0.9310058489268156 0
-3.889192529791801 -5.012809556668893 0
-6.57983025793455 2.601951695259284 0
3.765748918728745 -7.571400911573617 0
-7.109640634453482 -2.570653992815805 0
10.70633141014939 3.783437593923608 0
6.431609729814707 -4.766742751889816 0
-0.0007179788290448073 7.440655321527374 0
4.01271633299157 5.428371580689664 0
-1.220280172662094 5.965530274109661 0
5.992936844877343 -1.756293559177677 0
-5.384293540420987 -0.08875756718375022 0
-5.148008404803452 1.772436047561797 0
2.397782821616627 5.69991494212666 0
-2.448397487483986 -5.690461168618012 0
-4.792482136104161 -3.066231853751796 0
2.118274785847188 -6.418519979097325 0
-1.222041231813802 -7.99775709381964 0
9.070681274175657 1.521838005978644 0
-5.36629874728111 3.92592482969299 0
7.393524543073402 -3.225324214857741 0
4.951861687136567 3.951981311344197 0
-8.432891081944531 -1.05288402041198 0
-4.127006825857647 7.314703824119165 0
-0.1758532392067727 6.042047321584898 0
4.076144018740882 -9.083256766715756 0
-8.683448633647354 3.156539471970787 0
4.269409794712566 -5.626636891666557 0
-1.096068125880898 4.811109526598546 0
-4.3821991552497 0.7436533780569295 0
5.785431529890801 -0.3330013374821036 0
-4.077963138950215 2.770779481345059 0
-0.8614854091084043 -6.180425536424297 0
4.637120723133008 -4.381784597757485 0
1.569318831820924 4.351427314856123 0
-3.279596531902696 -3.554276522155055 0
-2.332558956588237 6.008112787459583 0
0.6927796290619479 -6.393703065986864 0
2.591539756214704 4.406959472158781 0
7.297892030050468 1.341476707486732 0
-5.517539134588477 -2.042795732213465 0
-6.435200138025245 5.093014583459945 0
5.984854559373408 -3.030771148626994 0
-5.765729678934881 8.678313435733733 0
0.7964912985598607 -5.014639101891154 0
4.747754656971136 -1.769535061440603 0
-3.334106144925619 1.41528448717151 0
-3.613318591065136 -0.1720770793865484 0
-2.374676939045961 4.817227510071613 0
2.675897559845856 3.408529529020394 0
-1.817966543223593 -4.384523592611955 0
0.12205692043252 4.740186933224082 0
-4.33249148623693 4.981199506493168 0
5.797126405665887 1.119213513370325 0
-3.952621046204795 -2.34787364522877 0
4.753853538630752 -2.999965134579079 0
-4.408208571155355 -1.193638508614915 0
-8.698876210954911 5.578138990962426 0
3.450177543336468 4.311241417065049 0
2.062743599667397 -5.114131947780698 0
-0.9199297412475269 3.710958873886994 0
1.794342281175275 3.253755522324763 0
-2.752460918172338 -2.404299607124842 0
3.760859539113815 -1.692192877360097 0
-2.914133486795094 0.4212685793631578 0
2.09614749594853 -3.785541942960793 0
0.2326055645787246 -0.1080261353626016 0
-2.705731368102401 2.395977273031713 0
3.350888862294891 -4.055647075569228 0
4.62203527326826 0.09380736615645559 0
-2.881987175088182 -0.7605455625698758 0
-0.5150782536540219 -4.800340208467749 0
5.494210443548648 2.498262860096566 0
-3.372048217734047 3.998192421182117 0
3.179221731306725 -5.169152807308896 0
-3.17329394194394 -1.695869370690152 0
1.089414857804158 5.601713694675122 0
-3.37865956211293 5.799125375505367 0
3.897332004797243 3.042297569712773 0
0.2603143991634653 0.1079644369947026 0
-2.29462107120073 -1.354493817372242 0
-2.321941158836862 -0.1828565988094586 0
4.158938849877472 1.916470742016582 0
-0.06529335238106754 3.778061352780377 0
-1.273744997405583 -3.359771996249828 0
2.865459769508695 2.540977439906577 0
2.421128412628926 -2.828967004409954 0
3.41524396353167 -2.751688659322022 0
-2.079055494686738 3.354910040290357 0
0.8889113537359251 -3.814414925491602 0
4.69675453661061 0.9358939384919677 0
0.7361761387769377 3.39980844461979 0
4.638462212223821 -0.8037405205571716 0
-1.978521029539158 1.890549700672096 0
3.327853308559792 -6.313705826816609 0
-2.001075745362126 -3.052827154703536 0
1.013214843630578 6.589287652945274 0
1.31263036826844 2.580977087454104 0
3.788081609284299 0.909072276910855 0
-1.619938299468403 -0.7997370303190311 0
3.632223408388798 -0.7575222073019354 0
-0.6504563000469024 2.818833838125769 0
-0.2172473943268551 -3.655109417030425 0
-1.857658832985933 -2.180471548374683 0
2.793345479585043 -1.701104104795293 0
-2.23456132408689 1.049489201701892 0
0.8589611436733144 4.181663288518034 0
1.730247023894361 -2.915615582658957 0
3.033490199428461 1.777927035170276 0
-1.372082997473226 2.421316876938041 0
2.876890396535391 -0.9822097563456875 0
-0.351281962376951 2.194730958241963 0
3.015635273091511 0.9732403109928106 0
-1.753811377512728 0.3191190786082765 0
0.8234735310226038 2.550047994428612 0
-0.8504460821209425 1.688456421332444 0
-0.8668131797184496 -2.505668001294154 0
0.9703854376124844 -2.725292039644681 0
2.238878176735581 1.621717026822594 0
3.757491396617017 0.1338781803907628 0
0.01316962210744842 3.019093103472506 0
-1.131159207450066 -1.471700281682531 0
1.622924542202396 -2.295664765603062 0
-1.463828599754226 1.304141093650315 0
-0.5264922866925532 -1.802783191109978 0
-0.203436539812326 1.648498274660056 0
-1.107141065186488 0.6602761904940937 0
-0.9747447800195337 -0.7966942903238635 0
2.204372936805931 0.8987381435479295 0
2.90651050298534 0.2013408136117305 0
0.7978640833371173 -1.893344006266029 0
0.8358655900446873 1.968558522418711 0
-1.339572644111716 -0.1640124716790473 0
2.365836455206414 -0.8601384354538056 0
0.0004374709116627823 -2.702864288765447 0
2.91857313528457 -0.4156806216309779 0
2.194370719324577 -2.138143332243189 0
0.2027411464227392 2.398693994541841 0
2.106919193958692 2.334956751717009 0
0.8620974080523237 0.07644965804072068 0
0.06644879821598891 0.09721117451652039 0
0.8685792108485466 -0.05928026165899306 0
0.07677825808343906 -0.1014585049933963 0
2.437515365825365 -0.3968038233322207 0
-0.784591004749728 -0.1945106917878584 0
2.330219720105553 0.3825744999103434 0
1.655597789955171 1.446750534827655 0
-0.6297169839747575 1.034871586144489 0
1.452832167872706 -1.675929875109832 0
-1.017638518605418 0.1276036247956533 0
0.3222874636957404 1.744237100560455 0
-0.6290436250278841 -1.116754205524841 0
0.1392852984310055 -1.942559822937628 0
2.163425738210382 -1.318487462248599 0
1.419852094564037 2.007784282735904 0
0.2111179780004172 1.238488487750106 0
-0.2412580860278727 -1.279050624869328 0
1.670026861493204 -1.027782455349082 0
1.700657901122584 1.03172792826149 0
1.661019286926179 -0.2393643604710572 0
-0.622339460406548 0.1888300702177127 0
0.7985934162102998 0.07267695090465846 0
0.7947647957948927 -0.08420698916132474 0
0.6993077133642293 -1.359366245954173 0
-0.1698929398727471 1.184599178954528 0
0.1497390782016733 -0.1046153814813365 0
-0.4174310600898675 0.6082727323811903 0
1.925026726214963 -0.4916091622680873 0
-0.3751075805684947 -0.7549603687270188 0
0.9601124185380194 1.438330566964985 0
-0.7006015505161042 0.4867188572377749 0
1.820544771558554 0.5378844457106183 0
1.965655329634405 -1.697325050543009 0
0.8107859198552737 0.9659770925347396 0
0.3165280397002002 0.8642336396042932 0
-0.05606238825835105 -0.8778702600129333 0
-0.3715445781702224 0.3114170945047371 0
-0.4777462810763654 -0.2132136870431811 0
1.490747334169339 0.6721090367489464 0
-0.07433628237479513 0.7847897644603283 0
1.114263411217033 -1.083522401946475 0
1.993483901330556 -0.0391325657541336 0
-0.5852526480537612 -0.5082921428627578 0
0.6902832544248754 -0.8942205655621092 0
1.136714957754112 -0.5691610130029335 0
0.2643052954446579 0.4920752040322235 0
1.490651027051115 -0.5746533490232827 0
-0.2119880144456814 -0.5114404942274912 0
0.3048329147593683 -0.930852525686398 0
1.392492041907531 -0.008957578472505844 0
2.372623218025216 -0.02778522499534795 0
1.680878159390329 -0.01941267413785892 0
-0.38040325062731 -0.004849016686614868 0
-0.377532778775741 -0.4500073997324024 0
-1.047413503506511 -0.3871840000290198 0
0.4473778610912431 0.1128135411963525 0
0.8366107148819607 -0.6069173082117404 0
0.3531586623162511 -0.582705645048564 0
-0.08928438167836353 -0.2414847883098777 0
1.236352566951345 -0.2871657596136569 0
1.461816122452341 -0.2835712734319732 0
0.05119765646473319 -0.5469076599320419 0
-0.1811107032975071 -0.0951437319906529 0
0.2307383619587951 -1.370770139326572 0
1.390246054736272 0.2968989357834576 0
0.4393465981172222 -0.1106354348299924 0
0.3154438345325151 -0.3780096620378556 0
1.212609307031646 0.05249242605963774 0
0.4968115731496665 0.1073581949009322 0
1.108283790951923 0.3792566904130084 0
0.02208808102528201 -0.08318669319145282 0
-0.1177578343201245 0.05149171582833889 0
1.235591750293855 -0.1266287466559925 0
0.9725191959075777 -0.3273991336367446 0
-0.2818111184387479 -0.2963394877601743 0
0.5990279429199018 -0.6051320753931656 0
1.688236588711815 0.2569044767879655 0
0.4496352426580906 0.1786924708887232 0
0.8017491322922978 -0.3772148391824577 0
1.014609648348256 -0.1834482319399051 0
0.4905696750619163 -0.1014652364463791 0
1.129352145047293 0.6479323021773428 0
0.01277877694811568 0.0718036353400978 0
0.06338959604393141 -0.1814620326468859 0
-0.04676761527951122 -0.07806712777395641 0
-0.2454386000849699 0.1529844579045601 0
0.3729526855644883 -0.1081742180460651 0
0.6112755557487823 -0.4096819222698787 0
0.5546342960638431 0.111018880205103 0
1.119880929868632 -0.1341893407676559 0
1.988221777849642 0.2846903050357432 0
1.160591498065771 0.1754395147916036 0
-0.01496401603934031 -0.1485876932603614 0
0.05373812223987171 0.1768769952909596 0
0.8862433567631789 0.3705652371127498 0
0.608932015293465 0.147014525532102 0
0.9720658511681909 -0.04315809332560385 0
0.4360743687158823 -0.1713357404739335 0
0.845350023931943 -0.200110707108966 0
1.027174308810806 0.1719876948275865 0
0.303256427303143 -0.1152435797162097 0
1.05693976528393 -0.004084993746879007 0
0.5210841180951666 0.1698202331143626 0
0.03505122706643186 -0.2834554339873905 0
-0.1063316772790024 0.2499941809219254 0
0.3997189436237268 0.1088918162841397 0
0.7274444996493455 -0.2221692492803979 0
0.539490985629811 -0.09689795580671007 0
-0.0374702605057531 0.1367373047083517 0
1.132938513232003 0.9390530822115605 0
0.5907372469690589 0.1999984437688615 0
0.592792644329732 -0.1588491750701399 0
0.2298803416679865 -0.1788461941487531 0
0.374606537650062 0.1710744885202473 0
0.978305929941112 0.03353837398378968 0
0.9217506335487721 -0.05932970307942885 0
0.6687970042877858 -0.1173830637052015 0
0.8374748088078104 0.6153127751063754 0
0.03673842134069589 0.3026060314783165 0
0.5147407970895701 -0.1564038739569867 0
0.1535032593363421 -0.1916952308137228 0
0.3530032134558261 0.1089837077250452 0
-0.187609762689043 0.4126014484080358 0
0.3664045122109322 -0.1801513941833345 0
0.1706618666477039 0.1049441606221004 0
0.1199036992660865 0.1025998624513753 0
0.6883620623222538 0.08567657806776624 0
0.642875121081906 0.08833518249827801 0
0.3065747520903362 0.1133246498338532 0
0.4558534834300668 0.2560817134814861 0
1.28812380179454 1.234438423907409 0
-0.053111438386358 -0.3777374158392423 0
1.396465340350077 0.9825542937325216 0
0.9827334270233813 0.2576041223651661 0
0.8641500391147935 -0.2783026250896162 0
0.933123269707205 0.07592391076209214 0
0.3760680552467029 0.2519001537075358 0
0.8044241114320581 0.2191665100485586 0
0.6768716741975701 0.4137301385735171 0
0.1726064112371064 -0.3235719361844164 0
0.5834483428959539 0.7128354320889567 0
0.6762246355581005 0.1451020072702353 0
0.003274008175297972 0.4982754669797531 0
0.2359282806804239 0.1662606876588735 0
0.1501773111745369 0.175904242741126 0
0.6046279007892031 -0.2607131711250092 0
0.4728803321701557 -0.2580920922541774 0
0.9132334652074882 0.1682798141313191 0
0.2131641757097416 0.1060628656310481 0
0.7375787291647248 0.08500996028252474 0
0.3071617505548563 0.1716290771283573 0
0.6256979175691418 -0.0838672712999097 0
0.2988875075175364 -0.1737402201983266 0
0.5345390273333926 0.2429923434775493 0
0.7352224596079345 -0.09466179707524092 0
0.2669817146614752 -0.2391532572712511 0
0.8612905381586212 -0.1126163266660424 0
0.1750788154074394 0.3026628508933977 0
0.5043811698865561 0.5060879543733359 0
0.6734966803329617 0.2495750290854799 0
0.4606817171052351 -0.3976039770155339 0
0.8114123636596581 0.1318039473883918 0
0.4680582102382068 0.3540315712993382 0
0.9468435752019611 -0.199009224344128 0
0.7473327346609752 0.142974459509928 0
0.9333321555959685 -0.1190526985117037 0
0.3508505281478028 -0.2645783853229784 0
0.5670350755486043 1.076678863180236 0
0.8565411959419691 0.124438436061672 0
0.5695217881824128 0.3166393085853746 0
0.7729701526539375 -0.1427605547372398 0
1.020690794917043 -0.1001905213782659 0
0.3546389901897219 0.3432500965283072 0
0.2826877275218761 0.2549958625489803 0
0.5532552270934027 1.341657873942493 0
1.085907466465242 -0.2379212623338134 0
1.1613776025029 -0.04132878070518479 0
1.109381936535457 0.07387339121587473 0
1.021810913112249 0.0804286794241964 0
1.186600402548709 0.1139659704256206 0
1.134986717300614 0.1246564530037391 0
1.160995621783552 0.06318290863775623 0
-0.9011147616775728 -0.03345353349610253 0
-0.703465232578138 -0.002840310785072825 0
-0.8199889895059828 0.158216847506683 0
-0.6311660846675858 -0.2038605101653514 0
-0.6849218264017446 -0.3514014173253081 0
-0.5314936129970478 -0.3607542201545533 0
2.258637954288728 -3.307254473685374 0
2.075687718261643 -2.872291293534456 0
1.913197259921446 -3.350578762809875 0
0.3343012484243831 -0.4803576535432098 0
0.4069201897107432 -0.4901548110320489 0
0.3880627758188751 -0.3878068195266947 0
3.06242453122641 -10.20160818483881 0
3.83419056109891 -10.09312228898107 0
3.304377988868382 -9.191742662573496 0
1.177736340081243 -0.1304090437118242 0
1.198484676398377 -0.08397876368058863 0
1.140629266185766 -0.08775906073642034 0
0.9129008017864852 7.397223806539651 0
0.5062484324007664 7.014971487236323 0
1.419867213016297 6.971539972248602 0
0.8871341640999377 -0.3523069864096012 0
0.9183346175111856 -0.3028508793631804 0
0.8329495857035456 -0.327758732136037 0
-0.3944878191300449 0.4598449134429637 0
-0.2795771704296327 0.3620092714563864 0
-0.3025204113894552 0.510437090394613 0
-0.6008640222489467 1.941593689787203 0
-0.5269413109666343 1.66847734799625 0
-0.2773592510946385 1.921614616451009 0
-10.39253988843455 5.219939102883353 0
-9.513659540165243 4.695097762663123 0
-9.577756559224216 6.102980331182657 0
0.997263573857551 0.3749109637628791 0
0.93448839189328 0.3140846797389579 0
1.045508608987652 0.3184304063890873 0
6.912567136444054 -3.996033483373779 0
6.689189551223405 -3.128047681742368 0
6.208232144594058 -3.898756950258405 0
5.20373340157953 -0.119596985662824 0
4.630248742746041 -0.354966577200358 0
5.211946871057311 -0.5683709290196376 0
1.561429514682955 -1.351856165229457 0
1.392145136355118 -1.055652428647778 0
1.283547789544869 -1.379726138528153 0
1.927877824769081 12.19011915970587 0
2.467616442570861 11.12036184615539 0
2.861039767894628 12.15053546628148 0
-3.124119815860356 0.9182765332673338 0
-2.574347405440992 0.7353788905325251 0
-2.784333734506255 1.232386844436701 0
2.40167591051589 -0.6284711293930132 0
2.181271046020164 -0.444206492800154 0
2.145431590710689 -0.6758737988609465 0
1.249264922844098 0.338077813098233 0
1.134437644508847 0.277348102602306 0
1.275418776401021 0.2361692252875306 0
6.466892037167653 8.606355851229258 0
5.367947175691109 7.949023128708486 0
6.513968572470866 7.453942644722776 0
0.8241303643315421 0.7906449338205574 0
0.6971171313756138 0.8394062623118481 0
0.7104615758518822 0.6640741035976661 0
-0.2947603966107112 -0.4807239469799468 0
-0.2468915208520595 -0.4038893747794191 0
-0.3296715124369818 -0.373173521094836 0
-4.036039334003428 -3.310254187953426 0
-3.616108789053746 -2.951075083691913 0
-4.372551591154478 -2.707052749490283 0
0.9067855622906309 -1.221444323950324 0
0.902273332820954 -0.9888714837542921 0
0.6947954838945523 -1.126793405758141 0
10.05860350452899 -0.5397741014835167 0
9.026430750995411 -0.9865914789084185 0
10.06196514521202 -1.371543378797416 0
7.561850466479449 -12.0874904891648 0
6.965588328370242 -10.84747776971609 0
6.470284316811904 -12.16985177806813 0
11.71258670720708 9.8266817363596 0
10.22784040866763 9.39037422291495 0
11.67034239091649 8.530010696675928 0
11.66872581523344 5.558342438146559 0
10.54711793266699 4.868647658911224 0
11.82793929271584 4.473132373158943 0
-2.873362578390004 4.407709965626865 0
-2.725551856210393 3.676551230736237 0
-2.226866216866349 4.086068775180985 0
-10.84923149043211 -9.848333653624081 0
-9.399131120850962 -9.394363186068173 0
-10.89128126874957 -8.549276842222348 0
0.2715450156176401 0.1689448823936154 0
0.2949247390383662 0.2133124698386688 0
0.25930800410115 0.2106282751039269 0
3.28661478232155 3.225413549366583 0
2.770678664677275 2.974753484463486 0
3.381395887152969 2.791637504809675 0
0.9630723697286632 -0.02534190923155151 0
0.9860329255840954 -0.02220904666280192 0
0.2667027208480788 1.49136279415528 0
0.3821866025469099 1.290073180846299 0
0.4377713453945715 1.542947487251474 0
-0.0803951789904741 -0.5291740770797666 0
-0.0009568909608124038 -0.4623225378856421 0
-0.1325497264160197 -0.4445889550333667 0
-4.122872882768122 8.324592741178078 0
-4.942234309306739 9.006397546985362 0
-4.946368252396264 7.996508629926449 0
2.618365111545446 0.2919576567610369 0
2.351421469065385 0.1773946374574977 0
2.639566860505278 0.08677779430819127 0
-6.255099367906065 6.624664019372618 0
-6.79668042324654 6.095213797366719 0
-5.89361908268477 5.622464805465844 0
14.81396865171324 -8.948225161099835 0
15.1095181560992 -7.361927522408591 0
13.21096320649234 -8.143129437748243 0
4.475983824491554 7.115699449259052 0
3.774830135490177 6.431580278502882 0
4.713870021992946 6.112490751445835 0
0.9891529649705559 0.01739918699189484 0
0.9661924091151237 0.02053204956064442 0
-3.706034641937917 2.093031984258285 0
-3.01991875651401 1.905630880101612 0
-3.391847253526308 2.583378377188386 0
-14.29359799867948 7.537632319455662 0
-12.62801177454945 8.314260403705974 0
-14.18974328266713 9.023215753073053 0
0.8618590827854946 0.4929390061095626 0
0.7571732415026903 0.5145214568399463 0
0.7815575154803744 0.3921476878431335 0
1.595702617645961 0.8519184825052182 0
1.54856162073633 1.007141110997006 0
1.443606337259708 0.827331665240734 0
0.6751841772652659 0.3316525838294985 0
0.6231967311899915 0.3651847235794459 0
0.6215092342576873 0.2831071688354273 0
-6.337484663485218 11.91200231226915 0
-5.590966858432973 10.78537209317907 0
-5.315516810241734 12.18369727515938 0
11.56261398518769 -10.30583268615679 0
11.64920107133086 -9.099251560526779 0
10.29640135441216 -9.675657170244087 0
-0.9573498957231419 -12.27502066726092 0
-1.45148046472448 -11.25431057853045 0
-1.83790996791228 -12.23933090740936 0
1.127858842304362 1.988171402577308 0
0.8979890042913534 1.703444544691848 0
1.189982256551028 1.723057424850445 0
6.763173843728373 -8.655386977214505 0
6.679571804753005 -7.547099924567956 0
5.574449710862272 -7.98311528915077 0
3.588051751322743 -2.22194076834106 0
3.277102509349429 -1.696648491077695 0
3.104294721558357 -2.226396382058657 0
1.797526793854083 -0.7596958088085844 0
1.707838876633039 -0.533131255645685 0
1.580338944272159 -0.8012179021861821 0
0.1452853844048426 0.1037536642173102 0
0.1604194067568021 0.1404197949043045 0
0.1350440236978815 0.1392447407972476 0
0.763446984653418 -0.7505689368869248 0
0.7178193289009313 -0.606024691802453 0
0.6446555986723885 -0.7496763204776373 0
1.004953867917094 0.2147959085963763 0
0.9479834461154347 0.2129419682482426 0
0.9702038870091469 0.1701337544794528 0
-6.397420922566313 1.778787461432744 0
-5.681509996000765 1.364029637584001 0
-5.863919331369001 2.18719387141054 0
14.8256808207105 4.527021629519269 0
13.26311443125178 3.61462553648861 0
15.13924807667999 2.978820013613601 0
-14.16618174106228 -4.753807847244743 0
-12.62273245501411 -4.010842091989662 0
-14.2683393699319 -3.250025640378695 0
0.5150303303458637 -0.09918159612654459 0
0.5026552360757433 -0.1289345552016829 0
0.5271158913596905 -0.1266509148818484 0
-0.1352073278774084 -0.1683324447876643 0
-0.2314490942895277 -0.195744240089658 0
-0.1855522692654051 -0.2689127704614421 0
-10.13440014810873 -0.9947713981186932 0
-9.237184693627446 -1.868440363009571 0
-9.330106536425813 -0.1792150555211033 0
3.254556902462094 -0.8698659818238115 0
3.275398271836684 -0.5866014144664566 0
2.89773176590998 -0.6989451889883327 0
-1.617978887221095 6.667475278064422 0
-2.174118279184166 6.688766534739383 0
-1.776419564625166 5.986821530784622 0
-1.411820404660119 -9.683456640260175 0
-0.9059601797632462 -8.879131865257408 0
-1.727901456710675 -8.802081868822409 0
0.02264098042705902 0.05078303398030445 0
0.006452354949624368 0.03595289993138884 0
-5.348652421046637 -5.475137921216048 0
-4.387177644861552 -5.71396879739485 0
-4.850667305976885 -4.773978680490091 0
0.7561127604716466 -14.97891420156987 0
-0.01049173893053679 -13.42735084383916 0
-0.5771748995087584 -14.81160435387054 0
4.427846693244041 1.426182340254275 0
3.973510229580885 1.412771509463719 0
4.242418072947454 0.9224831077014113 0
0.2008005271711927 14.99153243738935 0
0.9674141616708822 13.42152900760642 0
1.554687515593158 14.7902962096149 0
1.350316230753423 -2.820453811151819 0
1.676585783048379 -2.60564017413101 0
1.29665498990744 -2.510478402623872 0
0.3635125835987035 -0.08378701491852547 0
0.3866753761128718 -0.08309480441471982 0
0.3871627406368944 0.1399831524021935 0
0.3638048755529441 0.1400290981226463 0
0.3763610785397764 0.1089377620045924 0
0.5257229346067548 0.1091885375530176 0
0.5378592070795049 0.1404195566597328 0
0.5089478456224166 0.1385892140076474 0
-0.01234691479234897 -0.08065308668919186 0
-0.03086205975103104 -0.1133259242042981 0
0.003557158052705209 -0.1158815963495389 0
0.807918237545858 0.1754852287184752 0
0.7758784230465166 0.1810704847792433 0
0.7793725491603166 0.1373892034491599 0
1.083160850909693 0.03489419873449787 0
1.065596424823853 0.07715103532003556 0
1.039375339198089 0.0381718428386587 0
-3.027640558516061 -1.228207466630014 0
-2.733957506572335 -1.525181594031197 0
-2.588304123144456 -1.057519689971059 0
0.6656185917020799 0.08700588028302213 0
0.6822933489401772 0.1153892926690008 0
0.6595498783200033 0.1167185948842566 0
-2.106541176813024 1.470019451186994 0
-1.849194961920558 1.176815147676104 0
-1.721174814646692 1.597345397161205 0
-0.02689815938712634 5.39111712740449 0
0.6057358891183392 5.170950313949602 0
0.4567808092986928 5.821880508130009 0
0.7649936277014135 -0.08943439311828283 0
0.754096306130936 -0.1187111759062404 0
0.7838674742244152 -0.1134837719492823 0
0.3653535227182124 0.2975751251179215 0
0.318663358855799 0.2991229795386438 0
0.3293778913842895 0.2534480081282581 0
0.3354413931979351 3.588934898700083 0
-0.02606186513680956 3.398577228126441 0
0.374672880442193 3.209450774046148 0
-4.180414808680075 -1.770756076921843 0
-3.562957494074367 -2.021871507959461 0
-3.790751256549648 -1.444753939652534 0
0.2643839245927614 -0.1762932071735398 0
0.2484310281647308 -0.2089997257100021 0
0.2829346110895058 -0.2064467387347889 0
3.724315763009645 -5.397894849487726 0
3.253537519933258 -5.741429317062752 0
3.798631551636179 -5.970171359241583 0
-2.353617947817099 5.412670148765597 0
-2.855609259350584 5.903619081482475 0
-2.876668250579446 5.30817644278849 0
0.8073331056049569 0.04855528947556984 0
0.7842983195090212 0.05108543475551811 0
0.2238352536110722 -0.08309439797243985 0
0.2469957017746079 -0.08384491233375591 0
0.7823840093013177 -0.05685045388385125 0
0.8054187953972533 -0.05432030860390298 0
1.210531157513271 1.086745753059485 0
1.26470192679104 0.960803687972041 0
1.342294571072308 1.108496358819965 0
0.5559106825321127 0.1849093384416121 0
0.5626381371512258 0.2214953936232054 0
0.5278115727142796 0.2064062882959559 0
0.8423260029240802 -0.04185694485273714 0
0.8653449434959405 -0.03918651038959761 0
0.1362384743006497 -0.07743474247945456 0
0.1592776531067235 -0.07990235850493185 0
0.4754075829027262 -0.1638698072154601 0
0.4544773504430191 -0.2147139163640555 0
0.4938105646298629 -0.207247983105582 0
0.7863972617906443 -0.2111399781946819 0
0.8091600882929403 -0.1714356309231029 0
0.7502073261516415 -0.1824649020088189 0
-0.02711832043956959 -0.2624788042004411 0
-0.07119229792600613 -0.3096092712114217 0
-0.009030105659963067 -0.3305964249133164 0
0.2481213399219446 0.1371125623267881 0
0.2245462281950827 0.1361617766449608 0
0.2367392874366034 0.1070136513128754 0
-6.753367032000744 -1.75082992087131 0
-6.313589884520979 -2.306724862514635 0
-5.957316282068241 -1.48690079057014 0
1.754390680135184 0.3973944612492919 0
1.838229183280728 0.2707973909118544 0
1.904383274704098 0.4112873753731808 0
0.5787334719945447 0.102351036910013 0
0.6058823316093558 0.1203488595735125 0
0.581783155678654 0.1290167028686025 0
0.9557145998241585 0.05473114237294091 0
1.00005842152668 0.05698352670399304 0
0.9774670914097268 0.07817629509314428 0
1.028469882641965 -0.002672496873439504 0
1.028469882641965 -0.001412496873439504 0
7.269386487967387 -18.39346978695948 0
5.537988509283081 -16.78514383720487 0
3.893602021248787 -18.39167405024539 0
5.581494254608201 -18.39257191860244 0
10.76001024226095 18.32986215043542 0
7.453003050899715 18.40690325941645 0
9.171346626454882 16.73676540985186 0
9.106506646580335 18.36838270492593 0
-9.764997638352527 -18.33291998374063 0
-6.455812925756815 -18.41132078949467 0
-8.179143897403558 -16.7442407732353 0
-8.110405282054671 -18.37212038661765 0
18.85090723306936 3.94560805331225 0
19.0574720388629 8.171548934346815 0
16.90837927193225 6.117156987676364 0
18.95418963596613 6.058578493829772 0
-17.90589432799003 -3.996495697807007 0
-18.10015803087633 -8.194201929812394 0
-16.00605235886636 -6.1906976276367 0
-18.00302617943318 -6.095348813809941 0
-18.18639954482224 -12.17372978943894 0
-16.28655757569856 -10.36793171926371 0
-18.14327878784928 -10.18396585962625 0
19.17088981276468 12.1681204344803 0
17.22836185162758 10.3396693688395 0
19.11418092581378 10.16983468441414 0
-18.16136380978013 12.22029600495624 0
-16.40181687470769 14.33665519361794 0
-18.24045306492756 16.11635918866099 0
-18.20090843735385 14.16832759680893 0
-2.916337062036011 18.3939561120883 0
-1.063966788188715 16.57410593178721 0
0.6440369405781421 18.18014981969892 0
-1.136150060729269 18.2870529658936 0
2.029983487894937 -16.57325790604601 0
0.3447147999153047 -18.18158385580062 0
2.119158410582381 -18.286628953023 0
12.42024304652591 16.5426284582035 0
14.11856613761989 18.21276630776808 0
12.43928818994042 18.27131422910175 0
-11.43138122996377 -16.5481137222266 0
-13.12471692496617 -18.21519373848597 0
-11.44485728165935 -18.2740568611133 0
0.4235484023574849 0.1108526787402461 0
0.4000585051424911 0.08345360353375708 0
0.4470386997060183 0.08439441028919829 0
0.4235502277505143 0.08396162949839844 0
0.3535378475443725 0.08419175975801553 0
0.3767995079329901 0.08386720673381783 0
19.16927019883722 -3.997077442057117 0
17.02553199949726 -6.080589064922691 0
18.85626180066004 -8.083511622888256 0
19.01276599974863 -6.040294532472709 0
-3.204108720310551 9.365024312865209 0
-3.071342213818872 7.342062053069174 0
-2.152578051361301 8.382493624756306 0
-3.137725467064711 8.353543182967192 0
-18.19788249858337 4.022351271691894 0
-16.12554725198195 6.14564510608875 0
-17.92766475339858 8.123293834419536 0
-18.06277362599097 6.072822553055738 0
-0.3084874095955829 0.2321991914581266 0
-0.175888318049791 0.2014914532109207 0
-0.1469659818799125 0.331295560979005 0
-0.2277278789619443 0.2817482716621388 0
1.587650834295594 10.2412187008144 0
2.568583321025507 9.262884312900324 0
3.448548929300774 10.14202745824131 0
2.518099881798184 10.19162307952786 0
14.06973142464617 -18.24476176138818 0
17.51696078642197 -18.1186309657629 0
15.71169221110851 -16.36339272715108 0
15.79334610553497 -18.18169636357554 0
15.78366175789832 16.31055894214704 0
17.5400956202862 18.09779263437896 0
15.82933087895252 18.15527947107352 0
-14.7943912119005 -16.31463902424512 0
-16.54467428694211 -18.09944528575915 0
-14.83469560595374 -18.15731951212256 0
19.11264709336762 -12.21146519067435 0
17.33794121313638 -14.33009615643551 0
19.22529411976876 -16.11863096576044 0
19.16897060656819 -14.16504807821771 0
19.25848039321069 -18.05931548288029 0
19.24842895361818 16.09779263437648 0
19.27004781014297 18.04889631718824 0
-18.25300762027408 -16.09944528575666 0
-18.27233714347092 -18.04972264287834 0
-16.43940716509632 -14.27317507520305 0
-18.21970358254816 -14.13658753759753 0
17.41931876638286 14.26591306886422 0
19.20965938319143 14.13295653442812 0
0.6830686975781803 0.06222150162497721 0
0.637246729390534 0.06564495618789126 0
0.6601595036314555 0.06395293664732463 0
-13.1023833310465 18.22887296490051 0
-11.3422221121222 16.54831942082176 0
-9.698172114346633 18.31944645592125 0
-11.40027772269629 18.27415971041088 0
-7.958164977956462 16.69573003331756 0
-6.301659530206864 18.37628357739631 0
-7.999915822277224 18.34786501665878 0
-1.595761369927442 -16.57019351143533 0
-3.148809503237532 -18.38860965563471 0
-1.402047351661114 -18.28509675571767 0
12.27368194344102 -16.58168316740183 0
10.66228385206577 -18.33692140601364 0
12.3660076383557 -18.29084158370091 0
2.581057613650125 16.5627014459799 0
4.145354006466768 18.38255162628098 0
2.394695473522456 18.28135072298995 0
1.288212525185259 -12.52116899465203 0
0.3413543683926537 -11.36883881807378 0
0.1654313147310585 -12.39809483095647 0
16.96890889402766 -10.2949768135527 0
18.98445444701383 -10.1474884067814 0
-2.548781537563145 -3.969400057383505 0
-3.584394530847248 -4.283543039411974 0
-3.168795008637893 -5.351635362643453 0
-2.13318201535379 -5.037492380614983 0
-2.85878827310052 -4.66051771001348 0
17.02182696029353 1.803972587910287 0
19.17091972722417 -0.141635465424178 0
19.01091348014677 1.901986293944745 0
-16.10240799397324 -1.874333987673153 0
-18.19651366598321 0.1221617101560694 0
-18.05120399698662 -1.937166993826178 0
0.3297889827730811 0.1111541787794492 0
0.3071525488811744 0.08666401113620086 0
0.3303458854299831 0.08548125806110114 0
-2.618037322815978 0.1192059902768496 0
-2.037876268174795 0.06813123989940895 0
-1.994186350799809 0.6843041401550845 0
-2.306111836807894 0.401755065215967 0
2.422933116388794 -11.27533255450597 0
2.585485777985604 -13.70341076195243 0
3.720206369189139 -12.45757432180638 0
2.504209447187199 -12.4893716582292 0
-1.636659289239154 13.74627105179772 0
-2.758341172317431 12.67634453956089 0
-1.515521154855631 11.47024465790524 0
-0.393839271777353 12.54017117014207 0
-1.576090222047392 12.60825785485148 0
-5.539554242292031 -11.12372655338969 0
-4.153511932290625 -10.15871141824491 0
-5.312001467340453 -8.551049268896012 0
-6.698043777341859 -9.51606440404079 0
-5.425777854816242 -9.83738791114285 0
0.1038288191517691 -0.3035136850859034 0
0.1630548352867242 -0.2576335834990696 0
0.1084509563932982 -0.1865754199593485 0
0.04921742624364481 -0.2324605914984983 0
0.1061417382805612 -0.2450431616343798 0
-16.08902856317871 10.34358983936587 0
-18.04451428158935 10.17179491968798 0
6.56769643830761 11.09442392725212 0
5.337450407872053 10.14844876134503 0
7.697138067603211 9.552331017136353 0
6.517294237737632 9.850389889240692 0
-16.53211973158078 18.11635918866345 0
-18.26605986579009 18.05817959433057 0
0.6228538845035763 0.09100918805660056 0
0.5941326109631373 0.07024793563335105 0
0.6156914751488003 0.06796811324281141 0
12.59034184621311 -0.7965765600067681 0
13.83161374045095 0.6989984009709601 0
12.37507159941541 1.893394444530118 0
11.13379970517757 0.3978194835523901 0
12.48270672281426 0.548408942261675 0
-11.69379923175879 0.611994600238964 0
-12.94258327824711 -0.9887622970077303 0
-11.38318419459705 -2.595528295365388 0
-11.53849171317792 -0.9917668475632118 0
0.4667810246376954 -0.3278480346348557 0
0.5359786364270087 -0.4036429496427063 0
0.6079517282689928 -0.3351975466974439 0
0.5387541164796794 -0.2594026316895933 0
0.5373663764533441 -0.3315227906661498 0
0.828027666976757 -0.09841165791368356 0
0.8533202810452821 -0.1563635168875042 0
0.8185938776348487 -0.1349236444183933 0
0.7680860726875123 0.0788434555935916 0
0.7307412368671578 0.05964202862173613 0
0.7575215937426691 0.05538139290611269 0
-4.343868972434043 10.19577435715315 0
-6.189332195305669 9.595995283011288 0
-5.266600583869856 9.895884820082218 0
0.5862008921816576 -0.07086582836574663 0
0.5393543110463284 -0.0736007036705368 0
0.5632300979960492 -0.09590846744321219 0
0.5627794288438714 -0.07225756490934358 0
0.4917714449023696 -0.07742184370194817 0
0.5155647352139558 -0.07553904113793167 0
5.246940471138249 1.027553725931146 0
4.659394904939434 0.5148506523242116 0
5.791278967778345 0.3931060879441109 0
5.22533693635889 0.4539783701341611 0
1.214139987747119 4.266545301687078 0
0.7975686412251261 3.790735866568912 0
1.265259209976106 3.326781983472276 0
1.681830556498099 3.802591418590443 0
1.239699598861613 3.796663642579678 0
2.72306404720349 -6.366112902956967 0
2.620982665487061 -5.141642377544796 0
2.090509192757292 -5.766325963439011 0
2.672023356345275 -5.753877640250881 0
-0.5803997601240161 -10.52525348753859 0
1.124133463435667 -10.51340004066813 0
0.2023793349189974 -9.66981471013294 0
0.2718668516558255 -10.51932676410336 0
1.366241231416239 2.294380685095004 0
1.068051949645522 2.565512540941357 0
0.8296695605336455 2.259303258423661 0
1.097955395974942 2.276841971759333 0
0.2834445756269007 0.1106445434142779 0
0.2608501190669782 0.08381406314980641 0
0.2840008704685967 0.08530398133605095 0
0.5666243913208462 11.30876132224152 0
0.7670192764958642 12.36514516492397 0
-7.794211663815652 13.27557563327499 0
-9.392717160837211 11.37324531517889 0
-7.935990160506776 10.00967199417305 0
-7.865100912161214 11.64262381372402 0
6.720120063802852 -1.7642418146879 0
7.431414758993871 -1.008641948547786 0
6.600478882575091 -0.2890475821897764 0
5.889184187384072 -1.04464744832989 0
6.660299473188972 -1.026644698438838 0
-0.08435289002322821 -6.28706430120558 0
0.7446354638109043 -5.704171083939009 0
0.1407065224529194 -4.907489655179452 0
-0.6882818313812131 -5.490382872446023 0
0.02817681621484558 -5.597276978192517 0
3.920946468734813 -8.327328839144688 0
4.867097884289262 -9.087329554256538 0
4.628298295307824 -7.223114574038919 0
4.747698089798543 -8.155222064147729 0
13.95772413202094 14.63337918314626 0
15.59338114050548 12.58873330986345 0
15.6885214492019 14.44964612600524 0
-12.99111639000652 -14.64333402850847 0
-14.63613234320234 -12.6018700794664 0
-14.71526177755142 -14.45825455185576 0
13.82571738833717 -14.75743420785845 0
15.45196639036504 -12.72413763714287 0
15.58182930073677 -14.54376518214698 0
0.2141145591765807 0.0821127631066631 0
0.2374797043035637 0.08304430335983143 0
5.76603696427017 -10.01062070020837 0
4.733129641079818 -11.0164134349329 0
4.80011376268454 -10.05187149459472 0
0.09317638490370111 0.09990534422883691 0
0.07174151936823683 0.06988723056585834 0
0.1213119701294366 0.07645754419322751 0
0.09648951808627718 0.0733939546209402 0
7.144252491960485 2.174043905391922 0
8.184286652113062 1.431657356732688 0
8.931825998370151 2.484662848254635 0
7.891791838217572 3.22704939691387 0
8.038039245165317 2.329353376823279 0
0.2679309959409338 -0.1116348575394057 0
0.3054933864875778 -0.08762347607737909 0
0.2762440806256132 -0.08579913839861482 0
-0.3479650686495145 10.43692821128484 0
0.6730613743252335 9.369385589857721 0
0.6198428828230399 10.33907345604962 0
-14.75950306266764 16.34523215356396 0
-14.81725153131454 18.17261607678198 0
-6.461945193701357 7.887863223503613 0
-4.739522426600971 6.733309425795454 0
-5.600733810151165 7.310586324649534 0
0.2288826303141585 0.2788270704514277 0
0.1626277788455723 0.2392839694848111 0
0.1930526137731621 0.171078058422691 0
0.2109676220436603 0.2249525644370594 0
0.7798248348997707 2.974928219524201 0
1.553486324721857 2.917366304889433 0
1.166655579810814 2.946147262206817 0
0.8453337340976185 0.2948658735806542 0
0.8588287883197732 0.1937231620899389 0
0.8966585901065266 0.2539039209144484 0
-4.592996592309781 16.7702396894846 0
-4.608998296121552 18.3851198447423 0
9.025723713108611 10.84021596481389 0
8.899254763162226 8.102489275237414 0
8.962489238135419 9.471352620025652 0
0.2677856383590817 -1.150811332506485 0
0.4650230376615122 -1.365068192640372 0
0.4975580845921218 -0.9125365456242536 0
0.481290561126817 -1.138802369132313 0
17.34018992606139 -2.138712907454444 0
15.71419262406448 -0.4758490247323541 0
14.07253801844814 -2.227602841135047 0
15.69853532044505 -3.890466723857137 0
15.70636397225477 -2.183157874294746 0
2.63371865803028 3.907744500589588 0
2.080429294017814 4.379193393507451 0
2.235119920510566 3.331142525672578 0
2.15777460726419 3.855167959590015 0
1.131145329139648 0.7934926921944516 0
1.310049739608316 0.6600206694631445 0
1.287375833199678 0.8104121787175929 0
0.335831979704535 -3.734762171261014 0
0.9296483956742048 -3.269853482568142 0
0.4854114542620736 -2.714078164205064 0
-0.1084049617075961 -3.178986852897936 0
0.4106217169833043 -3.224420167733039 0
0.3408841441024592 0.1713517828243023 0
0.3068682513225963 0.1424768634811052 0
0.3353365634377702 0.1412529808018758 0
-4.979622428940362 -16.79993044512938 0
-4.802311214497173 -18.39996522256469 0
12.24147272453169 -6.375796669100124 0
10.67971058937021 -7.331918791878659 0
11.94533689793128 -7.737524114813451 0
7.356709132654924 0.5481914402946414 0
6.547509217858178 1.230345110428529 0
6.573994050216635 0.4706487641193762 0
5.973357057312498 16.78945488569742 0
5.799178528683242 18.39472744284871 0
8.890003673436127 -16.73039119297312 0
8.965835170017057 -18.36519559648656 0
-9.740942661574202 -15.04871821281877 0
-11.30067782161695 -13.14393851910064 0
-11.36602952579036 -14.84602612066362 0
10.71699522242351 15.03934949379795 0
12.25447630791854 13.13010021874072 0
12.33735967722223 14.83636433847211 0
0.9963783230426171 -0.07167430735193485 0
0.9469082423584815 -0.05124389820251635 0
0.9275413945723703 -0.08919120079556628 0
0.977011475256506 -0.1096216099449848 0
0.9619598588074938 -0.08043275407375058 0
0.5469259662633444 0.08066116586973325 0
0.5705311158431192 0.07547884964274403 0
12.05575332902449 -13.25849942463353 0
10.50371788412833 -15.08274838417691 0
12.16471763623275 -14.92009129601768 0
-2.282901109260584 -10.41251373125203 0
-3.125924228105869 -9.337803719559773 0
-3.310488813445341 -11.23342142993717 0
-3.218206520775605 -10.28561257474847 0
-4.842264756790613 5.566557266982455 0
-5.900749442653177 4.509469706576467 0
-4.84939511675902 4.453562168093079 0
-5.371507099721895 5.038013486779462 0
1.743598839710393 5.650814318400891 0
1.329366844812541 4.976570504765622 0
2.494661288915666 5.05343720714272 0
1.912014066864103 5.015003855954171 0
0.1697390473297388 0.08006674807531382 0
0.1455157907789496 0.07838132861710465 0
-16.39439616456658 2.144512981821114 0
-14.77665190228845 0.3869293556978115 0
-13.17138316409656 2.201983224898105 0
-14.78912742637469 3.959566851021407 0
-14.78288966433157 2.173248103359609 0
11.19971619908898 -2.286427972847122 0
12.68191237132401 -3.717454253975401 0
12.63612710876856 -2.257015406991084 0
-1.292101460718956 9.405923142579921 0
-1.00819779030457 7.405037801773279 0
-0.1477211996622257 8.428467319596894 0
-1.150149625511763 8.405480472176601 0
0.862104042097829 0.04777120858046142 0
0.9206186425274446 0.04469301888543493 0
0.8976103388797644 0.07618678440140642 0
0.8913635532035296 0.04625054798528491 0
19.17009496303069 -2.069356453740702 0
0.7129703957434893 0.08534326917514548 0
0.7069067700143954 0.06095016912691653 0
0.4948923939462447 0.0803683229292247 0
0.4720947171204548 0.1100858680486423 0
0.4709673740864629 0.08241349770976129 0
0.7295631020887627 -0.06446794701809423 0
0.7559753712496198 -0.06067686166845832 0
8.219297672785883 -0.1999580142459843 0
8.238547837203399 -1.79527541321022 0
8.22892275499464 -0.997616713728102 0
5.457361044921225 -13.6110126649416 0
5.095245343000522 -12.31371304993725 0
5.988895702125376 -2.393532353902335 0
5.370345750924239 -1.76291431030914 0
4.750804097800944 -2.384750098009842 0
5.36935404900208 -3.015368141603037 0
5.369849899963159 -2.389141225956088 0
1.302550674469589 0.02176742379356595 0
1.391369048321901 0.1439706786554759 0
1.288984725435305 0.1289683245405483 0
0.5209110373444015 0.08054251185116817 0
-18.19719808228329 2.072256490924038 0
0.8427013261478928 -4.414527013691378 0
-0.3661628239904385 -4.227724812749087 0
0.2382692510787272 -4.321125913220232 0
-11.59425169902766 6.728249320745736 0
-12.95717817307222 5.351554064388319 0
-11.75546636247911 3.843243846525937 0
-11.67485903075338 5.285746583635836 0
6.700154050172609 3.913008897420386 0
8.549850817222206 4.484201828897271 0
7.358213029177241 5.170161329403788 0
7.625002433697407 4.198605363158829 0
-3.852269851985489 4.489695963837642 0
-3.85557552417493 5.390162440999267 0
-3.364469051282467 4.898936203313065 0
1.125489184485572 -0.8263417074747044 0
1.313682992402614 -0.5719071810131081 0
1.352914064378866 -0.8137798048304432 0
0.1919130211787227 0.1055035131265742 0
0.1919200682922631 0.08119421702118317 0
-7.133331852990906 3.377449061999615 0
-8.185141040847308 3.654742950355367 0
-8.464062332735296 2.456977861514722 0
-7.412253144878893 2.179683973158971 0
-7.7986970928631 2.917213461757169 0
-8.073626368570249 -10.84632553152692 0
-8.02354852962257 -8.064102058582048 0
-8.048587449096409 -9.455213795054483 0
0.6063335639657146 -0.08939312518981199 0
0.6286581276341519 -0.06341100058870711 0
0.6074313148798695 -0.06716008180941711 0
-9.586366470550793 14.93985834207152 0
-12.94252645416421 14.6881174797619 0
-11.1866708125928 13.07965640101166 0
-11.2644464623575 14.81398791091671 0
-10.27788243014134 2.253255221866796 0
-11.72463279711895 2.22761922338245 0
0.8951649221986593 -0.05930498236921096 0
0.9149323244482281 -0.03639591504410329 0
0.8901408448629771 -0.03780964696918717 0
0.4430230682190078 -0.08330535710601827 0
0.4649581365895692 -0.1060503356381858 0
0.4673990838210201 -0.08039573150453302 0
-0.5008691312119267 2.506782398183866 0
-1.011269648760064 2.620075357531905 0
-1.111264539797084 2.054886649135242 0
-0.8060668355045054 2.280834523659554 0
0.2774947956222704 0.1397947129039467 0
3.859356505408895 -15.29775446642857 0
7.135993048795411 -15.0984020357179 0
5.497674777102153 -15.19807825107324 0
-14.58484026620426 12.67954051981589 0
-14.67217166443595 14.51238633668992 0
2.307734632940271 -15.13833433399922 0
-2.901426604599061 15.32884454619558 0
-1.350313038713935 15.16018849179246 0
-6.166010171221322 15.03144732452104 0
-4.474440183510602 13.59005218123201 0
-4.533718387910191 15.18014593535831 0
0.4061496418408552 -0.1094048264380288 0
0.4148508474921996 -0.08323770334728982 0
-1.4316504346923 -10.46888360939531 0
3.994004792713949 -4.218715836663357 0
3.265055296800808 -4.612399941439062 0
4.453265258922787 -5.004210744712021 0
3.859160277861798 -4.80830534307554 0
0.03961811851139378 0.08450355851394327 0
0.04707830498136956 0.06078495311184566 0
0.74245573191285 0.1139922098962264 0
0.7117786851095378 0.1440382333900816 0
0.7123745404265136 0.1146907512826135 0
0.6472474609284637 -0.1006251675025556 0
0.6732861685609464 -0.07807474444369485 0
0.6509739382446473 -0.0707625802570914 0
-1.725569246079982 2.888113458614199 0
-2.392393431394569 2.875443656661036 0
-2.342126198820779 2.143263486851905 0
-1.675302013506192 2.155933288805068 0
-2.03384772245038 2.515688472733052 0
0.02732205489133587 -0.05652621997211164 0
-0.02379430752193904 -0.03935348937159371 0
-0.0002515680200635446 -0.04974479198188427 0
-0.181586366814563 0.1022337295004642 0
-0.3129290646022307 0.07406703903779571 0
-0.280756529145773 -0.04998412774619696 0
-0.1494688333999335 -0.02184329085554482 0
-0.2311873152095352 0.02612209080038288 0
1.684557374051072 0.1187459013250533 0
1.539241321724043 0.2769017062857115 0
1.53668510064893 -0.01418512630518238 0
1.537963211186487 0.1313582899902646 0
0.8650094740326129 -8.750945618537026 0
-0.2433300406496307 -7.960262773661493 0
-0.02047535286531671 -8.815038741897219 0
-0.7400815330478501 1.361664003738466 0
-1.157137340937584 1.496298757491379 0
-1.285484832470357 0.9822086420722044 0
-0.868429024580623 0.8475738883192915 0
-1.012783182759103 1.171936322905335 0
-7.061016793036253 4.622980506099946 0
-5.97306450260783 3.263938262476136 0
-6.517040647822042 3.943459384288041 0
9.206303002169523 13.60326243808581 0
7.764999372621292 12.39046842823786 0
10.46702734265684 12.05300997466184 0
9.116013357639069 12.22173920144985 0
0.4862196900623815 0.430059762836337 0
0.5187899992103098 0.3353354399423564 0
0.5906264220420632 0.4599090464734265 0
0.5547082106261865 0.3976222432078915 0
-1.499492617967132 3.532934457088675 0
-1.007998933564213 4.26103420024277 0
-1.735372532463429 4.81416851833508 0
-1.617432575215281 4.173551487711878 0
-0.1590444020590173 -0.356751650394447 0
0.7389603958825099 0.2343707695670193 0
0.7602589556814422 0.3132592287050764 0
1.709243748753556 -1.68662746282642 0
2.064540533922394 -1.507906256395804 0
1.916726299851793 -1.17313495879884 0
1.812985024302674 -1.42988121081263 0
0.8191799235871293 -0.4920660736970991 0
0.7065123440205401 -0.3934483807261682 0
0.6051517493343421 -0.5074069988315222 0
0.7121658364607357 -0.4997365362643106 0
4.254307098042475 -1.73086396940035 0
4.084548751081211 -2.875826896950551 0
4.169427924561844 -2.303345433175451 0
0.04944383590945668 -0.09231073385155206 0
0.07691657491728036 -0.07201129959193188 0
0.05201211043426394 -0.06469101127549702 0
0.8050028899349789 0.1022404491465251 0
0.8303454121313117 0.07456330447268958 0
0.8593193019971463 0.1004440470511964 0
0.8339767798008135 0.1281211917250319 0
0.8321610959660627 0.1013422480988607 0
-8.075993440787428 -4.845899822825005 0
-6.836248523703304 -5.25114912542353 0
-6.460891358307727 -3.552900898563547 0
-7.700636275391849 -3.147651595965022 0
-7.268442399547577 -4.199400360694276 0
9.038816662095178 -2.67910482683309 0
10.17656771597214 -3.593989420882796 0
10.11926643059208 -2.482766399840106 0
-1.158174149271496 5.388319900354103 0
-1.755896048544297 5.40049502455985 0
-0.318643338969727 2.918963470799137 0
-0.07427040797710588 2.296712476391902 0
0.1079553842650938 2.708893549007174 0
-0.1964568734734164 2.60783797359552 0
0.2312429531233555 -0.1434361647556773 0
0.3010719674103397 -0.1444918999572681 0
0.2661574602668477 -0.1439640323564727 0
-1.178605581358567 -0.01820442344169701 0
-1.062389791895953 0.3939399076448735 0
-1.430476221349608 0.4896976345511851 0
-1.546692010812222 0.07755330346461459 0
-1.304540901354087 0.235746605554744 0
-0.4331878544033934 -2.604266145029801 0
-1.070279088562016 -2.932719998771991 0
-0.7454961958662192 -3.507440706640127 0
-0.5893420251348063 -3.055853425834964 0
-3.599417799048564 11.26998963348827 0
-2.459657546925072 10.43923958920033 0
-3.401763259679558 10.31750697317674 0
0.7737293109239144 0.1081163295213758 0
13.78252147704698 -5.171805181343037 0
15.40402673827212 -5.626197123132864 0
1.950630737566983 2.794356137020886 0
2.486189481733693 2.437967095811793 0
2.360654701122129 2.884554810742186 0
0.9834134769275518 0.631622538641859 0
1.118817967999608 0.5135944962951755 0
0.9903385253925514 0.503266751202369 0
0.4760933026180765 -0.5939188602208648 0
0.3289957885378098 -0.756779085367481 0
0.4868256936050991 -0.7532277029225591 0
-14.27084885004169 -8.695825584708942 0
-12.62042361754546 -10.92976394491163 0
-14.45349059662201 -10.64884783208767 0
1.429617449113629 -5.064385524835926 0
2.079445547807964 -4.449836945370746 0
1.492529424842228 -3.799978434226198 0
1.461073436977928 -4.432181979531062 0
13.29702614805062 -11.37738598469001 0
15.13296752103914 -10.83618139912135 0
15.13501638359087 8.654708039414523 0
13.50003567246877 10.90377198043847 0
15.36419876204818 10.62172067463898 0
13.05231793236912 7.064572681257427 0
14.98034860215069 6.590864834466895 0
-12.43097823223761 -7.258935804316984 0
-14.21851529555198 -6.724816715976841 0
1.678127845538877 1.239239231544572 0
1.952515418964258 0.9652330359047097 0
2.221625556770756 1.260227585185262 0
1.947237983345376 1.534233780825124 0
1.949876701154817 1.249733408364917 0
5.912359428734518 5.808008306872832 0
7.95982217291359 6.816095667253733 0
6.936090800824054 6.312051987063281 0
-14.54136271252708 5.748599585238534 0
0.2625143050592398 2.071465547551148 0
0.0594254619417072 1.696367687610255 0
-0.007422473017699341 1.996540082001079 0
-1.494409020218 -1.826085915028607 0
-1.362236006352191 -2.343069774834418 0
-0.6966527332055015 -2.154225596202066 0
-0.8288257470713098 -1.637241736396254 0
-1.095530876711751 -1.990155755615336 0
9.749651066357016 3.615462642227117 0
9.347317683532182 5.737386845581378 0
9.548484374944598 4.676424743904247 0
8.220682737792661 -3.382586556150802 0
7.518277682422937 -5.213431292379887 0
8.826393283771544 -4.59998436515691 0
7.869480210107799 -4.298008924265345 0
-9.166555110820289 -3.2043229523607 0
-7.771265858199007 -1.811769006613893 0
-8.468910484509648 -2.508045979487297 0
0.7645968159708216 -0.2996920442314278 0
0.6660362002192743 -0.2414412102027036 0
0.6862742721199072 -0.3174447954644359 0
2.835117938060217 -1.34165693057049 0
3.696541473751306 -1.224857542331016 0
3.265829705905761 -1.283257236450754 0
2.723518179121711 -3.920594509265011 0
2.672250422304386 -4.531118443404904 0
1.837181030360443 -0.02927261994599626 0
1.990852839590099 0.1227788696408048 0
1.837705106820585 0.1207623854829291 0
-5.302312109133066 -3.800689829031543 0
-4.443353319990157 -4.042116434221758 0
11.14086361880872 -4.921445741732487 0
12.46169254792785 -5.046625461537763 0
-1.403811307787293 10.43808390024258 0
-1.92936728917403 -2.61664935153911 0
-1.637410371383855 -3.206299575476682 0
-1.499823188868023 -2.77468467515555 0
-0.05212766548942317 -0.1950307265345739 0
-0.1139619997861589 -0.08657594125400322 0
-0.08304243832283519 -0.1408213234662956 0
0.3326460098642343 -0.1769458071908305 0
0.3696785988877103 -0.1441628061146998 0
0.3381045564338157 -0.1117088988811374 0
0.335375283149025 -0.144327353035984 0
-1.970939729152632 -0.4912968145642448 0
-1.479755471790059 -0.4818747509990392 0
-1.758815869982427 -0.206871755549815 0
4.13534281030631 -0.7806313639295535 0
4.189763334942638 0.1138427732736092 0
3.694857402502907 -0.3118220134555864 0
4.162553072624473 -0.3333942953279722 0
0.4485065518746668 0.1457530060425378 0
0.4853596803766286 0.1742563520015429 0
0.4787271987485417 0.1421711100250926 0
-8.231353915378094 -13.61877692997404 0
-6.775494589444742 -12.40259423368786 0
-9.529485694503602 -12.06250822781309 0
-8.152490141974173 -12.23255123075048 0
8.749707259487616 -13.45075922692169 0
10.32134116616156 -12.18694612610031 0
9.13348437315339 -10.82367738834342 0
8.941595816320504 -12.13721830763255 0
-0.4813927134147511 -0.4791497712975801 0
-0.3797833637313265 -0.2547768218070248 0
-0.4305854802243458 -0.3669643282439446 0
1.733683375773944 8.33814207680048 0
0.7929810880558593 8.383304698198689 0
-0.0921678772568725 0.4554384576938945 0
-0.03479639213784617 0.2763045084195269 0
0.02000949193541256 0.4004384219756985 0
-0.06347756210193524 0.3658686976261932 0
-3.247652883076658 -0.4663113209782122 0
-4.010763581110245 -0.6828577940007317 0
-3.519202069813153 -0.9555326303153728 0
0.5790765268702138 1.856397811489583 0
0.7566838228157111 1.389994220453739 0
0.6678801748429625 1.623196015971661 0
5.961228700850805 -5.820785494197018 0
8.236620786325137 -6.939745722750825 0
7.098924743587971 -6.380265608473922 0
0.9231783674573466 0.1221018624467056 0
1.024492610961527 0.1262081871258914 0
0.9738354892094367 0.1241550247862985 0
2.636184188082021 1.699822030996435 0
2.949474984468578 2.159452237538427 0
2.172898685347136 1.978336889269801 0
2.561186834907857 2.068894563404114 0
4.693108434597479 -1.286637790998888 0
5.291146310990776 -1.165642619664389 0
-1.545855770314588 -3.872147794430892 0
-1.166522398438808 -4.592431900539852 0
-0.9560092971525136 -4.049936303589989 0
-0.4926115468142972 3.744510113333686 0
0.02838178402572625 4.25912414300223 0
-0.4870056027241891 4.775648229911314 0
-0.4898085747692432 4.260079171622499 0
-8.192854829501085 4.865542709851186 0
-7.928518459711372 6.337776001117959 0
-7.494767626373813 5.480378253608952 0
0.8649348745035839 -0.08594829416251773 0
0.8973113468772949 -0.1158345125888731 0
0.8962381345379771 -0.087569747479042 0
10.1220713928926 1.621101487227969 0
9.046875192244022 0.6835079021920625 0
10.0903374487108 0.5406636928722263 0
-5.355083643264838 -13.81491919198602 0
-6.669555151207449 -15.31429949039057 0
-3.665150920997752 -15.30055014672483 0
-5.1673530361026 -15.3074248185577 0
6.349319644639493 13.78898897049224 0
7.660654406200895 15.30067835413972 0
4.662022295751096 15.27776550204995 0
6.161338350975996 15.28922192809484 0
8.81985546646187 -15.0905752099474 0
-8.205248906390826 -15.18150885160467 0
0.1132642647737176 -0.1030358084626968 0
0.07008182070484158 -0.1414607192995336 0
0.1516211687690077 -0.1481553061475296 0
0.1108563850482927 -0.1448048606412878 0
-2.646564450579068 -13.54196098916004 0
-4.119143296112128 -12.53605151168785 0
-2.978526632012205 -12.3876912095486 0
4.69548713088188 -3.690874866168282 0
3.38306641291328 -3.403667867445625 0
4.039276771897581 -3.547271366806954 0
2.610004104948721 0.93598922727037 0
2.267296328455742 0.6406563217291364 0
2.961072888038426 0.5872905623022706 0
2.614184608247084 0.6139734420157035 0
9.188824814312204 15.17001392396884 0
10.93989646087947 2.751901281200451 0
12.10150544606563 3.18326340884453 0
1.763624878273283 -9.43967567100097 0
2.093278997331038 -10.35750411275347 0
-11.26251444981071 -5.563610142523109 0
-10.02296618939365 -4.148296345898834 0
-11.32284932220388 -4.079569218944248 0
0.290416667572429 0.6781544218182584 0
0.1210958786627025 0.8245117020323107 0
-0.03553113709974857 0.6415326157200407 0
0.1337896518099779 0.4951753355059883 0
0.1274427652363402 0.6598435187691495 0
4.194824954174392 -1.255747666664952 0
-12.68555498569269 11.35916643352308 0
-10.8916013339371 9.652755347690313 0
-11.03913607326495 11.36620587435099 0
0.4377104834165523 -0.140985587651963 0
0.4701828597461478 -0.1349600714268229 0
-7.876188320886056 14.98565283329627 0
0.543914756391255 0.6094616932311463 0
0.6505439989469728 0.5619915750355463 0
5.645668424607267 1.808738186733446 0
4.82657464671306 2.207366801056574 0
5.036757558925654 1.61746026349386 0
2.405069291925291 -0.2122945241637843 0
2.183053559677886 -0.03345889537474078 0
1.95925531377276 -0.2653708640111104 0
2.182162302849025 -0.2388326940874474 0
0.2196928504460424 0.3973679319053475 0
0.1059108885451852 0.3026348444113774 0
0.1198525074426839 0.3989033448723733 0
-9.857841258415309 8.066744264730074 0
-11.24292651648238 8.190502334218024 0
-4.722130943115663 3.348352155519025 0
-3.725005678342131 3.384485951263588 0
-4.287200397550575 3.919024059678333 0
3.635652197694129 13.50536026568495 0
4.377404280526309 11.13811967010305 0
5.152016710325811 12.49294446950651 0
4.00652823911022 12.321739967894 0
9.935861229624811 2.618282064727543 0
-4.765103780026577 1.258044712809363 0
-3.85815265008766 1.07946893261422 0
-4.612985771876834 2.271607764453428 0
-4.235569210982247 1.675538348533824 0
0.9718622165436384 0.95251508737315 0
0.9776378467355951 0.7920688130075045 0
0.6748606579455312 0.1973385181778576 0
0.6321169636510103 0.2247867364271707 0
0.5998346311312619 0.1735064846504817 0
0.6425783254257827 0.1460582664011686 0
0.6373476445383965 0.1854225014141697 0
-1.654941448296195 -5.935443352521155 0
-1.410731923367502 -5.263937626530503 0
1.405527207454568 -6.406111522542094 0
0.7140803897882444 -7.158235759745105 0
1.518897254588651 -7.874214850169432 0
2.210344072254975 -7.122090612966421 0
1.462212231021609 -7.140163186355764 0
1.421422827797825 -3.310216122689008 0
1.093882903438288 0.173713604809595 0
1.06969575621297 0.2460720055993412 0
1.070285862392838 -0.1171899310729609 0
1.109158683893415 -0.0227068872260319 0
1.038815280100486 -0.05213775756257243 0
1.089722273143126 -0.06994840914949638 0
-0.00525986203453882 -1.32491038209795 0
0.1243852632505086 -0.9043613928496657 0
-0.1486602371431119 -1.078460442441131 0
0.05956270060798494 -1.114635887473808 0
-1.041763320461103 -7.089091315121968 0
-0.1638414653364295 -7.123663537433537 0
0.6981207519685657 -0.1697761564927997 0
0.6307948243087589 -0.1381161193876707 0
0.5987102725594675 -0.2097811730975745 0
0.6484155122640166 -0.1897786647951871 0
-0.4290783405117856 -0.1090350419504822 0
-0.3302690984603162 -0.1523874924396635 0
2.6817317601954 7.394290633934015 0
2.112151202009321 6.526853616839295 0
3.205249577304099 5.564143261408162 0
2.943490668749749 6.479216947671089 0
-5.799652563809532 0.4334328302112268 0
-4.883246347835343 0.3274479054365897 0
-5.282378171918054 0.8457387715102952 0
-1.193493073809114 -0.2755982358540335 0
-0.9160022541281195 -0.2908473459084391 0
-1.047303917743343 -0.154525884675068 0
0.04523857168154782 0.2397373226160574 0
-0.07189634227524384 0.193360523866849 0
0.008138203872043179 0.1568209040823632 0
-0.01332851688550331 0.2165555200149128 0
1.440496694452805 0.484503986266202 0
1.279657331226207 0.4990492412806887 0
-1.416219677221888 1.826116023148224 0
-7.233135562660678 -7.000024094516712 0
-5.745539460004011 -7.224012890309231 0
-6.290893991853657 -6.23758100786638 0
0.8848873305747287 0.1463591250964956 0
0.8464027840602932 0.1609221769074854 0
0.2638230088503087 1.0513610636772 0
0.02061251906383502 1.211543833352317 0
-0.1221146111237711 0.9846944717074284 0
0.07085419886326877 1.018027767692314 0
0.4159607693383849 0.253990933594511 0
0.4619558468341368 0.3050566423904121 0
0.4113486002139644 0.3486408339138227 0
0.4136546847761746 0.3013158837541668 0
0.1019633216153601 0.1763918365254105 0
0.1039366680640826 0.2395110616731571 0
-2.840738955134769 -6.471633223899521 0
-4.059121591358428 -6.833966658650918 0
-3.613958299998161 -6.092801010647186 0
-1.957279685334566 -1.077115423845636 0
-2.601964166962522 -0.4717010806896673 0
-2.279621926148544 -0.7744082522676519 0
-2.227560827299677 -7.625281186500334 0
-1.941251137797936 -6.780362269510745 0
0.2021781593904922 -0.564806652490303 0
-0.002432365896808932 -0.7123889599724876 0
0.1632817113205004 -0.7345840226699842 0
-0.6614705054613261 0.3377744637277438 0
-0.4969420192883852 0.2501235823612249 0
-0.5590163053029858 0.5474957948094825 0
-0.5279791622956855 0.3988096885853537 0
0.02421816435810581 -0.1650241925394749 0
-0.001452329364250844 -0.2137491480102634 0
0.191172321390199 -0.106320758421969 0
0.1916918005021643 -0.1852707124812379 0
0.1914320609461816 -0.1457957354516035 0
-3.263726038930115 0.1245957499883047 0
-2.932845102946318 -0.1735526653506813 0
9.790689186608123 -5.927440686006602 0
9.983628451290132 -4.760715053444699 0
0.4527443630440787 0.2173870921851046 0
0.4951962553817297 0.2495370284795177 0
0.4902779678791792 0.2118966902405303 0
0.5601451513210035 1.209168368561365 0
0.688910497701939 1.021327977857488 0
0.8854491691966466 1.202153829749862 0
0.7227971602588251 1.205661099155613 0
-6.805311849603729 0.566166258545332 0
-6.896352770778694 -0.3771482797211777 0
-5.890693484984496 -0.5098817080552829 0
-6.348002667294113 0.02814227524502455 0
0.896096799566952 -0.199559965726547 0
0.9400878653989648 -0.1590309614279158 0
0.8967040732221234 -0.15769723915771 0
0.03682636032960573 -0.128670549092726 0
0.5688469191053834 0.1569630206551073 0
-3.997758873157418 0.2857881493351906 0
-3.560939344508887 0.6020323413012622 0
2.912541819134955 -0.1071699040096237 0
2.678044250554968 -0.4062422224815993 0
2.658805555530123 -0.159732214086704 0
-2.962877430058139 -2.050084488907498 0
-2.305059875579135 -2.292385577749763 0
-2.076139952093331 -1.767482682873462 0
-2.519508691075735 -1.90878358589048 0
1.12411811016628 1.336384495436197 0
1.047990163354959 1.144449791404673 0
2.478385608897713 -1.509795783521946 0
2.621363425870903 -0.9211740958997465 0
2.264631096708398 -1.089312948851202 0
2.549874517384308 -1.215484939710846 0
1.471860795874855 1.340594479367532 0
1.537724942259604 1.727267408781779 0
1.330921526212942 1.531825952108988 0
1.417572328284098 -5.735248523689009 0
-0.7851930206472146 3.264896356006382 0
-1.255381133363598 3.07650490731029 0
-0.4801801143111279 -0.6316262557948883 0
-0.7799987140366474 -0.6524932165933106 0
-0.8018942025237089 -0.9567242479243525 0
-0.5020756027981894 -0.9358572871259301 0
-0.6410371584174185 -0.7941752518596203 0
5.534365226473858 -4.57426367482365 0
4.880128733299735 -6.250732564085389 0
5.207246979886796 -5.412498119454519 0
2.918186188080298 -2.790327831865988 0
2.820852183601004 -3.3554611705655 0
-0.4351508555278785 -1.197902415197085 0
-0.2155849844134229 -0.8164153143699761 0
-0.3253679199706506 -1.00715886478353 0
10.28675027378082 7.023780453565059 0
9.123286223347204 6.919938060409395 0
-0.6980667059344335 6.003788797847279 0
-0.5925361543293114 5.389718513879297 0
-5.447318942778434 -12.46932287268786 0
4.408595056646518 9.152356549483294 0
3.516631705446962 8.319032870033858 0
4.442289440569036 8.134027999371174 0
4.482289010064068 4.69017644601693 0
5.680778416805641 4.385694001443928 0
5.197324219399293 5.249092376444882 0
-3.62558359869487 -8.1610030372377 0
-4.685561529349441 -7.692507963773465 0
3.596214524652966 1.847198888593429 0
3.024562736259986 1.375583673081543 0
3.401858441187905 0.9411562939518328 0
3.499036482920435 1.394177591272631 0
11.80918365710609 -11.78216605539516 0
1.050258557406749 -0.2106847471368593 0
1.102894198166937 -0.1860553015507347 0
1.01765022163265 -0.1418193766590855 0
1.060272209899793 -0.1639373391049101 0
1.793023006570571 -0.3654867613695723 0
1.56141770468926 -0.2614678169515152 0
1.476233574751728 -0.4291123112276279 0
1.63462829066115 -0.3972995362986002 0
6.242411698709574 2.75243698169684 0
6.394960458283876 1.991391046062684 0
2.649703838212935 -0.6637081591906729 0
0.8841247604748008 -2.309318022955355 0
1.537878355037551 -1.985797320356447 0
1.125348125604912 -1.78463694068793 0
1.211001557756176 -2.147557671655901 0
-1.639835591635083 0.8332563911136445 0
-14.3872917744357 10.85137813644447 0
3.673754774066856 3.676769493388911 0
3.020858649775586 4.359100444611915 0
3.153736716048568 3.792256996989249 0
2.417512658829321 -8.562944902633376 0
3.034081138695753 -7.698531079204567 0
3.169229563782067 -8.445136870889032 0
-5.293025137242331 2.767773013464782 0
0.4121208901540763 0.1748834797044853 0
0.4178346462557806 0.1428680792223657 0
7.420413912900881 -2.498757142527932 0
6.704654807513129 -2.446144748215134 0
0.9866628363180363 -0.588039160607337 0
0.9444680845694952 -0.7884553221808146 0
0.5060359695225425 -0.4987809049317856 0
-9.722817486322679 -6.853951180428474 0
-11.07689785928014 -7.056443492372729 0
-0.08828560901790877 6.741351321556136 0
-0.8531322481195021 6.704413299810279 0
6.458508041473552 12.44170644887218 0
3.546801113644268 -6.942553369195113 0
2.878572592949621 -7.032321991080767 0
3.332000949801178 0.1676094970012467 0
3.303699610818931 -0.209495958732605 0
-7.820144071916308 0.967062770271559 0
-7.108782497241311 1.372925115852151 0
1.161130016708294 -0.2625435109737352 0
1.2359721586226 -0.2068972531348247 0
1.169433178394768 -0.1964762773427797 0
-0.1866647398425366 1.416548726807292 0
0.04001899050277111 1.453955760481286 0
3.772786502950658 0.5214752286508089 0
3.366929695494542 0.5543828954765397 0
4.392999668586413 10.14523810979317 0
0.4685746908840615 -1.917951914601828 0
0.06986138467133415 -2.322712055851538 0
0.4769930725730674 -2.316015039403446 0
1.054617076830845 -0.4482800733198391 0
0.9368985002089871 -0.4701730735084691 0
2.159220748977598 0.3336324024730433 0
2.171137154327742 0.1500867535491512 0
0.5131073387226716 2.474370994485226 0
0.4438901095824322 2.841910884265688 0
1.763385644261364 2.171370517226457 0
1.85531181380337 1.85280214902579 0
11.98353150756281 11.47839097755016 0
4.028135427337357 2.479384155864678 0
3.488805205902968 2.319418196701552 0
2.307749565976752 -2.483555168326572 0
1.908647630763487 -2.216904048923126 0
1.992167674512565 -2.544597671228791 0
0.2440251228848107 -0.350790799111136 0
0.1119020338509198 -0.4352397980582292 0
0.2231016411376515 -0.4577987258007195 0
-11.07495465602453 -11.49613608636236 0
-4.896251055788171 -0.6411980378993327 0
-4.447004964472794 -0.1777049442820711 0
11.66953410307497 7.044176567411244 0
-3.752833193985289 6.556914599812266 0
-2.963475736584728 6.622840567275825 0
0.449988191298077 0.7885345358466249 0
0.384343232665607 0.4990815792027797 0
0.417165711981842 0.6438080575247024 0
0.7020097319478602 -0.1060224303902212 0
0.7014264381165809 -0.0712897497344544 0
1.670948723158254 -0.1293885173044581 0
1.427154082179936 -0.1462644259522395 0
1.549051402669095 -0.1378264716283488 0
2.623094146515371 1.317905629133403 0
0.4012394404634073 -0.175743567328634 0
0.4036945411521313 -0.1425741968833314 0
0.3753372964483824 0.2114873211138916 0
0.4140408297462306 0.2144372066494981 0
1.655646052863946 0.6049967412297823 0
2.012458854182242 0.7183112946292739 0
1.804080735914102 0.7851148885672461 0
9.12564218908722 -8.34422382862288 0
7.962725207828446 -9.49224404672222 0
9.129563281120305 -9.583950608483153 0
-0.4056274428920121 3.331736792066411 0
0.5460919327964427 2.165384402987405 0
1.014264152084323 0.02778551491527677 0
0.7485858983506732 -1.626355126110101 0
1.016066843947772 -1.503040632319127 0
-0.2458836712323313 0.6965312484207593 0
-0.3998049619237523 1.109735382549509 0
-0.5235740220323125 0.8215721592628398 0
-0.3228443165780418 0.9031333154851341 0
1.641261066430967 -8.6569452605852 0
-5.155010635346319 -2.554513792982631 0
-4.962873852871915 -1.61821712041419 0
-4.667712722013197 -2.162634934952237 0
3.731446938164019 4.869806498877356 0
3.113054113539842 4.961621853010039 0
-14.52249563611018 -1.431548142340441 0
-3.016028725037517 -2.979288064639949 0
-3.289493109555942 -2.500579786299705 0
1.186993454767273 0.005581822677226476 0
1.135077152838483 0.02023801070586217 0
15.42672035037224 1.251485494440623 0
0.1850118301949003 -1.6566649811321 0
0.4667988642727868 -1.6415100536211 0
-3.05869955486835 3.129964803962311 0
-5.426783668928206 -1.064049414234737 0
-9.505945751511465 3.484298003167303 0
-8.849400290506276 4.174920356509245 0
0.3094721428171899 0.4176626502802654 0
0.2691773865656742 0.3482448603658466 0
2.49385809945481 -1.919623718519241 0
2.706022143767554 -2.354975775192615 0
-2.676742527702773 -8.481542453030055 0
-0.4633731364451933 1.389106365272879 0
1.051314850717368 6.095500673810198 0
1.581733026363345 6.311177145324747 0
6.864381086049308 -9.751432373465295 0
0.5898809273460096 -0.1268840770749271 0
0.5537667207096511 -0.1576265245135633 0
0.55849840935285 -0.1267674959783877 0
9.458165687847671 -7.135832257314741 0
3.108354905672126 15.03403085583242 0
-9.235999011365164 1.225935080214216 0
-7.914251596976957 -0.4380873654637601 0
-8.575125304171062 0.3939238573752279 0
-2.121162910253255 -15.05607725029768 0
-0.01237245540563208 0.1042549444923102 0
-0.07761581912645493 0.09409590978773033 0
-0.05919421326505139 0.02574533678145062 0
-0.03573336729365442 0.06512754270338951 0
4.216090703945047 0.5181629404875102 0
0.3586275201793675 -0.2223648897531564 0
0.4118654301589793 -0.2613352387885779 0
0.4065524353111932 -0.2185394030586059 0
-8.932404519360787 -5.789873216363139 0
-8.477976524491678 -6.926987637472594 0
8.201792162449474 0.6158496712433521 0
0.06009191415532441 0.1370452874388669 0
0.0238715600766769 0.1206646545722015 0
-0.293547797507088 -0.633200431477255 0
-0.1479900817019485 -0.6727946957248714 0
2.080013024479491 -1.917734191393099 0
2.279199316688602 -1.713764987457522 0
0.333147181340159 -0.321294023680417 0
0.3999641029889272 -0.3245710291576362 0
0.4417815576244022 0.9704562513922645 0
0.5694493445000081 0.9049312568520563 0
1.186533762352729 -0.4281633863082952 0
1.349084344701843 -0.285368516522815 0
1.331383668552228 -0.4286378487679615 0
-0.383875186360213 -1.540916907989653 0
-0.1936034941307738 -1.872671507023803 0
-0.09943167808265632 -1.598790944560877 0
0.3351310177433743 0.2123998954762802 0
-4.036928991279582 12.43002090736014 0
2.625157540610453 8.328587473417169 0
0.3345036722603503 -0.08575861811194524 0
0.8351768349504187 -0.07013430138321036 0
5.223036065342608 3.225122085720381 0
4.424596845966905 3.497139440528485 0
4.625585746339983 2.852253120792529 0
-1.375548753459235 -1.135718656000781 0
-1.725844352776283 -1.451600669437122 0
0.308916121404639 -0.2518658212971148 0
0.3207810656344366 -0.2144058142439726 0
0.6327161049646797 0.1185337272288846 0
0.2197940629492908 -0.2813625967278338 0
0.2057429317257276 -0.2333166546045358 0
-1.011079141763022 -0.5919391451764416 0
-0.8480004840823835 -0.4716702812508748 0
0.05143596409547837 -0.3829181114857728 0
-0.9038713078512963 0.5734975238659343 0
-0.8619301486786395 0.3658571856863087 0
0.5520304077579028 0.2798158260314619 0
0.5920736857044566 0.2523012812293163 0
2.031078945281241 -0.9245043788298934 0
-0.501365206947096 0.0919935441789575 0
-0.5662702071669737 -0.05593625169305633 0
2.08583980157992 0.5259718485511585 0
0.4905090320529172 4.460925110871058 0
0.9099379384327291 4.718747807818339 0
0.8547500315233683 -0.2392066660992911 0
0.8096734237470948 -0.2694493551653595 0
4.213464923472001 -6.596642966640251 0
-8.208603158902466 8.301539934665376 0
-8.893179859063341 7.202260132924017 0
-5.807950996827023 -3.053707345773089 0
-0.1690257742446019 0.5759848530573269 0
0.9807266117751086 -0.1912287281420165 0
0.9788690435158073 -0.1504251690435006 0
8.22961528749803 -2.58893098468051 0
-2.563229966663517 1.687825165644303 0
-7.33380931448885 -1.094458643167535 0
1.597443687293995 0.4409492237577469 0
0.7253695404960239 0.1892045014785505 0
0.9390050349932365 -0.0308886542001283 0
0.943408213726075 0.03263227628534058 0
-0.8801014162389753 -1.294227243603686 0
-1.297341539743968 -0.7982156603214473 0
-1.088721477991472 -1.046221451962567 0
-0.3133956742670836 -2.238468826026802 0
0.8347206564082157 0.04818094199620092 0
-7.198967677104068 8.948767608838331 0
0.1924828174759424 0.1382907857746327 0
0.1915497183980012 -0.08160283966888057 0
0.4815146208497296 6.418425997683167 0
-2.640336138632411 -3.303551838429295 0
-2.472698007105773 -2.797968708089529 0
0.09757173188245226 0.138147022633185 0
0.106538635449872 -0.07496066652431933 0
1.012424102842291 -0.03717340211268717 0
-0.4049307468412648 0.162095920079633 0
0.9596813855547695 -0.2632041789904363 0
1.02921333118641 -0.282660197985279 0
1.004969971480759 -0.2369444630636478 0
0.2764706221447249 -0.3013283102041254 0
1.510211208305593 1.173867795182269 0
1.079739664131071 0.1254323200648153 0
1.314041896100693 -0.06779316256424917 0
1.250517675433983 -0.03110566994351135 0
-1.245417306776541 -0.5369069480877404 0
0.4129752126254262 4.024930004785571 0
-0.7137226649418045 0.6975348415643869 0
1.10787354676957 -0.3554117921467872 0
0.4119840800856561 1.130264716119282 0
1.331563120401268 -0.1765808395435321 0
5.451859637737969 -3.794815908213344 0
0.8912488347272465 0.111272954748951 0
-0.3874702554609196 -0.5561751013874175 0
0.7261085290497509 -0.14424366619952 0
0.9072157085390689 -0.2512054225448637 0
-0.08661007921609515 -0.03046595685255145 0
-0.1267441376782705 0.1478011038111567 0
0.5462604185946652 -0.2085145781015783 0
-9.370972381438314 2.355116541690759 0
-9.049479815090539 -4.497098084361919 0
0.3978459164397856 0.4238612065583012 0
-4.297548975387951 6.06173593339736 0
-2.093095954473499 -3.587849816430094 0
0.5069931272960198 0.292436234210937 0
-0.6319883012995943 -1.41757207579667 0
1.658435984491611 2.544368411057945 0
1.815102018465507 -0.1973796906577842 0
1.808945689758521 -1.951765755874773 0
4.078021892065461 4.183472969702921 0
0.6185641941372366 -0.1137546222887413 0
5.961595057757608 3.569065491570384 0
1.160860913877625 0.1006017773557053 0
-0.8081896612538977 0.04064100107516922 0
-0.6158616868189436 -0.3053390727630653 0
2.082507644157273 -3.176708176676569 0
0.3764280713180004 -0.4527730947006512 0
3.400331027064567 -9.828824378797792 0
1.172283427555129 -0.1007156227096111 0
0.9463388157345159 7.127911755341525 0
0.8794727891048897 -0.3276388659696062 0
-0.3255284669830443 0.4440970917646544 0
-0.4683881947700732 1.843895218078154 0
-9.82798532927467 5.339339065576377 0
0.9924201915794943 0.3358086832969748 0
6.603329610753838 -3.674279371791517 0
5.015309671794293 -0.3476448306276064 0
1.412374146860981 -1.262411577468463 0
2.418844678411523 11.82033882404758 0
-2.827600318602534 0.9620140894121866 0
2.242792849082248 -0.5828504736847046 0
1.219707114584655 0.2838650469960232 0
6.116269261776543 8.003107208220174 0
0.7439030238530127 0.7647084332433571 0
-0.290439928250015 -0.4192622370091569 0
-4.00823323807055 -2.989460673711874 0
0.834618126335379 -1.112369737820919 0
9.71566646691214 -0.965969653063117 0
6.999241037220533 -11.701606678983 0
11.20358983559707 9.249022218650159 0
11.34792768020542 4.966707490072241 0
-2.608593550488915 4.056776657181363 0
-10.37988129334422 -9.263991227304867 0
0.2752592529190521 0.1976285424454037 0
3.146229778050598 2.997268179546581 0
0.9753861445785084 -0.01732124452176282 0
0.3622202229298535 1.441461154084351 0
-0.07130059878910211 -0.4786951899995918 0
-4.670491814823707 8.442499639363295 0
2.536451147038703 0.1853766961755753 0
-6.315132957945792 6.114114207401727 0
14.37815000476826 -8.15109404041889 0
4.321561327324892 6.553256826402589 0
0.9774661708361486 0.01411467140782477 0
-3.372600217326078 2.19401374718276 0
-13.70378435196535 8.291702825411562 0
0.8001966132561864 0.4665360502642141 0
1.529290191880667 0.8954637529143192 0
0.6399633809043148 0.3266481587481239 0
-5.747989444053307 11.62702389353587 0
11.16940547031024 -9.69358047230922 0
-1.415580109453301 -11.92288738440024 0
1.071943367715581 1.804891124039867 0
6.339065119781218 -8.061867396977743 0
3.323149660743509 -2.048328547159137 0
1.695234871586427 -0.6980149888801505 0
0.1469159052251952 0.127800919207043 0
0.7086406374089125 -0.7020899830556717 0
0.974380400347225 0.1992905437746905 0
-5.980950083312026 1.776670323475761 0
14.40934777621409 3.70682239320716 0
-13.68575118866943 -4.004891859871034 0
0.5149338192604325 -0.1182556887366919 0
-0.1840674343744311 -0.2109962219835631 0
-9.567230459387329 -1.014142272216455 0
3.142562313402919 -0.7184708617595337 0
-1.856172243676809 6.447687781196142 0
-1.348560680378013 -9.121556791446665 0
0.0144993643315519 0.03420546338712015 0
-4.862165790628358 -5.321028466366996 0
0.05614870734411712 -14.40595646642652 0
4.21459166525746 1.253812319139802 0
0.9076340681450776 14.40111921820356 0
1.441185667903081 -2.645524129302233 0
0.3758081884827403 -0.075211315236119 0
0.3757762315765382 0.1296500041764774 0
0.5241766624362254 0.1293991027401326 0
-0.01321871087698595 -0.1032810199030556 0
0.7877230699175637 0.1646483056489595 0
1.062710871643878 0.05007235896439738 0
-2.78330072941095 -1.270302916877423 0
0.6691539396540868 0.1063712559454265 0
-1.892303651126758 1.414726665341435 0
0.3452061796766351 5.461315983161367 0
0.7676524693522548 -0.1072097803246018 0
0.3377982576527669 0.2833820375949411 0
0.2280174695011062 3.398987633624224 0
-3.844707853101363 -1.745793841511279 0
0.265249854615666 -0.1972465572061102 0
3.592161611526361 -5.70316517526402 0
-2.69529848591571 5.541488557678854 0
0.7948904490847957 0.04220731778630734 0
0.2363512371248065 -0.07531112516046219 0
0.7936142422796602 -0.04605066387186277 0
1.272509218458873 1.052015266617164 0
0.5487867974658727 0.2042703401202577 0
0.8489215881827725 -0.03427478059795391 0
0.1470925835289171 -0.0700674857481203 0
0.4745651659918694 -0.1952772355616992 0
0.7819215587450753 -0.1883468370422012 0
-0.03577973133533503 -0.3008949771349173 0
0.2364689518512103 0.126762663428208 0
-6.341424399529989 -1.848151857985362 0
1.832334379373337 0.359826409178109 0
0.5887996530941848 0.1172388664507094 0
0.9777467042535219 0.06329698805669273 0
1.01897992176131 -0.001361664582292291 0
5.603247127270762 -19.19628595930122 0
4.737548137928494 -18.39212298442391 0
3.905134343924956 -19.1958370251227 0
7.301359910616226 -19.19673489347974 0
6.425440371287794 -18.39302085278096 0
7.237413065318549 -17.59020468043922 0
6.371714075976396 -16.78604170556191 0
5.559741381945641 -17.58885787790365 0
4.704262942589765 -16.78424596884783 0
3.882069698572619 -17.58751107536808 0
10.76501536337625 17.49479322565313 0
9.933258444420645 18.34912242768068 0
9.13892663651761 17.5525740573889 0
9.970683555473215 16.69824485536135 0
10.75500512114565 19.16493107521771 0
9.074086656643061 19.18419135246297 0
7.393168192140466 19.20345162970822 0
8.279754848740026 18.38764298217119 0
7.512837909658966 17.61035488912466 0
8.37200969743655 16.77528596434237 0
-9.772496457513613 -17.49937997561094 0
-8.937701460203598 -18.35252018517914 0
-8.144774589729114 -17.55818057992647 0
-8.979569587039128 -16.70504037035828 0
-9.757498819191442 -19.16645999187032 0
-8.076035974380229 -19.18606019330882 0
-6.394573129569015 -19.20566039474733 0
-7.283109103905743 -18.39172058805616 0
-6.517052721944616 -17.61698118424201 0
-7.378718207767987 -16.78344117611232 0
17.77636084960404 3.918412079978255 0
18.90254843451774 5.002093273571012 0
17.93128445394919 6.087867740753069 0
16.80509686903548 5.004186547160312 0
19.92545361653468 3.972804026646245 0
19.97709481798307 6.029289246906477 0
20.02873601943145 8.085774467165987 0
19.00583083741451 7.115063714088294 0
18.08620805829435 8.257323401527643 0
17.01166167482902 7.230127428192416 0
-16.85884149198505 -3.994743546720391 0
-17.95446025371161 -5.045922255808474 0
-17.00453926914977 -6.14302322072332 0
-15.90892050742322 -5.091844511635237 0
-18.95294716399502 -3.998247848893624 0
-19.00151308971659 -6.047674406896562 0
-19.05007901543816 -8.097100964898777 0
-18.05159210515475 -7.144775371811168 0
-17.15023704631449 -8.291302894726009 0
-16.10318421030951 -7.289550743638163 0
-18.1217184093628 -9.189083894719323 0
-17.21491818177392 -10.27594878944498 0
-16.24343681872561 -9.37816778945167 0
-19.07163939392464 -10.09198292980752 0
-19.09319977241112 -12.08686489471451 0
-18.16483916633576 -11.1788478245326 0
-17.27959931723336 -12.26059468416337 0
-16.32967833267152 -11.35769564907576 0
19.08582648233834 9.170691809380479 0
18.17127138872068 10.25475202662682 0
17.17165296467668 9.341383618773984 0
20.05709046290689 10.08491734220147 0
20.08544490638234 12.08406021723519 0
19.14253536928923 11.16897755944722 0
18.25633471914702 12.25218065172541 0
17.28507073857847 11.33795511890501 0
-19.10045421867692 14.08416379840442 0
-18.2206807511407 15.14234339273496 0
-19.12022653246378 16.05817959432804 0
-19.08068190489006 12.11014800247986 0
-18.18113612356699 13.19431180088258 0
-17.24204571467019 12.33044400743261 0
-16.36227224713397 13.38862360176347 0
-17.30136265603077 14.25249139521344 0
-16.44136150228141 15.28468678547242 0
-17.36067959739135 16.17453878299394 0
-1.172241696999547 19.1435264829468 0
-0.2460565600755636 18.23360139279626 0
0.5720184703204788 19.09007490984946 0
-2.916501864318568 19.19697805604415 0
-2.02624356138264 18.34050453899095 0
-2.916172259753455 17.59093416813244 0
-1.989987122829807 16.6810090779819 0
-1.100058424458992 17.4305794488404 0
-0.1379464535476231 16.46720278559252 0
0.7160554108358055 17.27022472954837 0
2.163745871926102 -19.1433144765115 0
1.231936605248843 -18.23410640441181 0
0.4223573999262446 -19.09079192790031 0
3.006380215915584 -18.3391515016342 0
2.950260431895694 -16.6783030032684 0
2.074570949238659 -17.42994342953451 0
1.109706543894181 -16.46821280882363 0
0.2670721999043649 -17.27237578370093 0
12.44881076164768 19.13565711455087 0
13.27892716378016 18.24204026843491 0
14.1426164021497 19.10638315388404 0
11.59964921610069 18.30058818976858 0
11.59513176550873 16.60117637953716 0
12.42976561823317 17.40697134365262 0
13.2453543275431 16.48408053686983 0
14.09451587309009 17.31914946165212 0
-11.45159530750714 -19.13702843055665 0
-12.28478710331276 -18.24462529979964 0
-13.14569179582283 -19.10759686924299 0
-10.60492746000594 -18.30348842242697 0
-10.60568825331923 -16.60697684485393 0
-11.43811925581156 -17.41108529166995 0
-12.2570742066083 -16.48925059959927 0
-13.10374205410951 -17.32279060772895 0
0.435463131724364 0.1118331099682993 0
0.4235493150539996 0.09740715411932224 0
0.4352944637282663 0.08417801989379836 0
0.4472082803986307 0.09860397574277538 0
0.4116336729906058 0.1098722475121928 0
0.399888724383109 0.09617270990894837 0
0.4118043664465027 0.08370761651607776 0
0.4002282859018733 0.07073449715856579 0
0.4235511404470291 0.07051610487747464 0
0.4468691190134059 0.07018484483562121 0
0.3880400110817516 0.1089147891443661 0
0.3765802932363833 0.09640248436920514 0
0.3884290065377406 0.08366040513378745 0
0.3646821459978012 0.1089607348648188 0
0.3532705305000993 0.09658773374153037 0
0.3651686777386813 0.08402948324591668 0
0.3538051645886456 0.07179578577450069 0
0.377018722629597 0.07133192909843052 0
20.00638299987432 -6.020147266247717 0
18.93451390020434 -7.061903077680483 0
19.92813090033002 -8.041755811452294 0
20.08463509941861 -3.998538721043074 0
19.09101809929292 -5.018685987264913 0
18.25390529825583 -3.995616163071159 0
17.18203619858585 -5.037371974503946 0
18.01914899962295 -6.0604417986977 0
16.86902780040867 -7.123806155341436 0
17.78439270099006 -8.125267434324218 0
-2.746793610626528 9.38029564017932 0
-3.170917093687631 8.859283747916201 0
-2.645151759213006 8.368018403861749 0
-2.221028276151903 8.889030296124867 0
-3.661423829994574 9.349752985551101 0
-4.120805911223359 8.829537199707534 0
-3.630299174916416 8.339067962072635 0
-4.124939854312885 7.819648282648622 0
-3.599174519838259 7.328382938594169 0
-3.104533840441791 7.847802618018183 0
-2.543509907799484 7.355741167544179 0
-2.084127826570699 7.875956953387744 0
-19.03138681299549 6.036411276539232 0
-17.99521918969478 7.098058193737637 0
-18.96383237669929 8.061646917217933 0
-19.09894124929168 4.011175635860463 0
-18.13032806228717 5.047586912373816 0
-17.29682374787505 4.033526907523326 0
-16.26065612457434 5.095173824721755 0
-17.09416043898646 6.109233829572243 0
-15.99043837938956 7.196116387455747 0
-16.89149713009787 8.18494075162114 0
-0.2335934665593379 0.3873053599322111 0
-0.2536518450994659 0.3218782890749051 0
-0.1873471190725887 0.306522342213969 0
-0.167286976339951 0.3719481333749806 0
-0.3255608742999275 0.3367131829805618 0
-0.3400159490541211 0.2718075150831162 0
-0.2681082363678155 0.2569740085707746 0
-0.2769622521642732 0.1925913812702588 0
-0.2106629370379695 0.1772366941771713 0
-0.2018069602415015 0.2416194594569237 0
-0.1411089901746176 0.2257420757137236 0
-0.1266478558569796 0.2906442688422335 0
2.934197414133634 11.1005699994432 0
2.492858162184523 10.65599246284162 0
2.983324405549479 10.16682526888458 0
3.42466365749859 10.61140280548616 0
2.001035471008088 11.14015369286759 0
1.561052666870455 10.70058212019709 0
2.052875358046889 10.21642089017113 0
1.614249001720734 9.781855281431717 0
2.10471524508569 9.292688087474676 0
2.543341601411846 9.72725369621409 0
3.032451396965324 9.233080538325972 0
3.472434201102957 9.672652110996463 0
14.02126380366283 -17.36714264208227 0
14.93153876509057 -18.21322906248186 0
15.75251915832174 -17.27254454536331 0
14.842244196894 -16.42645812496372 0
14.11819904562951 -19.12238088069409 0
15.83417305274821 -19.09084818178777 0
17.55014705986419 -19.05931548288145 0
16.65515344597847 -18.15016366466922 0
17.48377451297974 -17.17794644864435 0
16.58114022532301 -16.30032732933844 0
15.85216543947962 19.07763973553676 0
16.68471324961936 18.12653605272624 0
17.56171447681113 19.04889631718948 0
14.9739485082862 18.1840228894208 0
14.9270636832293 16.3680457788416 0
15.80649631842542 17.23291920661028 0
16.64025983256734 16.25307210545248 0
17.51847676376128 17.14668895156844 0
-14.85484780298035 -19.07865975606128 0
-15.68968494644792 -18.12838239894085 0
-16.56400381013908 -19.04972264287957 0
-13.97970626545995 -18.18625662530427 0
-13.93857919757667 -16.37251325060853 0
-14.81454340892712 -17.23597926818384 0
-15.65020322622433 -16.2567647978817 0
-16.52534476374514 -17.14916792863872 0
20.08448530328409 -14.08252403910881 0
19.19713236316847 -15.14183952198908 0
20.11264705988438 -16.05931548287776 0
20.05632354668381 -12.10573259533892 0
19.1408088499679 -13.18825663444603 0
18.16897064005143 -12.31719778600979 0
17.2816176999358 -13.37651326889036 0
18.25345590985228 -14.24757211732661 0
17.39426472633695 -15.28367904398065 0
18.33794117965314 -16.17794644864312 0
18.38772058981633 -18.0889732243216 0
19.24188725648973 -17.08897322432037 0
19.27507352993166 -19.02965774144015 0
20.12924019660534 -18.02965774143899 0
19.28085723840536 19.02444815859412 0
20.13502390507148 18.02444815859288 0
18.40507171521459 18.0733444757836 0
18.37264343042727 16.1466889515672 0
19.25923838188058 17.07334447578236 0
20.12421447680909 16.04889631718575 0
-18.28200190506934 -19.02486132143917 0
-19.13616857173546 -18.02486132143793 0
-17.40850571520651 -18.07458396431874 0
-17.37951143041112 -16.14916792863747 0
-18.2626723818725 -17.0745839643175 0
-19.12650381013704 -16.04972264287585 0
-18.2030515636852 -13.15515866351824 0
-17.32955537382224 -14.20488130640029 0
-16.4061031273704 -13.31031732704542 0
-19.10985179127408 -14.06829376879478 0
-18.23635560141112 -15.1180164116771 0
-16.47271120282224 -15.23603282336067 0
19.19027459797805 13.15053848445421 0
18.31448907478714 14.19943480164617 0
17.38054919595611 13.30107696891737 0
20.10482969159571 14.06647826721007 0
19.2290441684048 15.1153745844023 0
17.45808833680961 15.23074916881107 0
0.6574299595961433 0.05242646482947589 0
0.6487031165109947 0.06479894641760794 0
0.634432533544848 0.05429984303269788 0
0.6804220152061436 0.05049396340358269 0
0.671614100604818 0.06308721913615092 0
0.6857153799502171 0.07394903984637172 0
0.6769903270121669 0.08634122917539419 0
0.6628890476667677 0.07547940846517337 0
0.654246856391993 0.08767053139065006 0
0.6400609252362199 0.07699006934308464 0
-11.42930552798334 19.13707985520544 0
-10.54922491852146 18.29680308316607 0
-9.724086057137818 19.15972322796063 0
-13.13452499882967 19.11443648245026 0
-12.25133052687139 18.25151633765569 0
-13.07024166326332 17.34330944735076 0
-12.19016105380117 16.50303267531139 0
-11.37124991740925 17.41123956561632 0
-10.49428317044323 16.59360616633213 0
-9.672258171555448 17.47916968388188 0
-8.020791244437603 19.17393250832939 0
-7.150787676242044 18.36207429702754 0
-6.317496431735964 19.18814178869815 0
-8.849043968311928 18.33365573629002 0
-8.802254603360362 16.66731147258003 0
-7.979040400116843 17.52179752498817 0
-7.114075352552563 16.72414859405509 0
-6.285822628677764 17.56442536609446 0
-1.305190342527951 -19.14254837785883 0
-2.275428427449323 -18.33685320567619 0
-3.032738084982143 -19.19430482781735 0
-0.5286662758729047 -18.23334030575914 0
-0.7031658850170084 -16.46668061151829 0
-1.498904360794278 -17.4276451335765 0
-2.488356854837875 -16.67370641135237 0
-3.26488092149292 -17.58291448345206 0
12.41217048581304 -19.14542079185046 0
11.51414574521074 -18.31388149485728 0
10.70614192599739 -19.16846070300682 0
13.21786953150094 -18.26780167254455 0
13.12323906306026 -16.53560334508909 0
12.31984479089836 -17.43626237555137 0
11.42412482382178 -16.62776298971456 0
10.61842577813416 -17.50538210902047 0
2.301514403458621 19.14067536149497 0
3.270024739994612 18.33195117463546 0
4.031010336596761 19.19127581314049 0
1.519366207050299 18.23075027134443 0
1.684565747371797 16.46150054268886 0
2.487876543586291 17.42202608448492 0
3.477549479928453 16.66390234927093 0
4.259697676336774 17.57382743942147 0
1.305504223117563 -13.05791484309526 0
0.7268219199581585 -12.45963191280425 0
0.07746978790026088 -12.91272283739782 0
0.6561520910596657 -13.51100576768883 0
1.270920827252954 -11.98442314620879 0
0.7974917488566514 -11.40825805791967 0
0.2533928415618561 -11.88346682451513 0
-0.1147830120713441 -11.3294195782279 0
-0.7641351441292419 -11.78251050282146 0
-0.3959592904960416 -12.3365577491087 0
-1.150564647317042 -12.76753083170037 0
-0.6771355689207393 -13.34369591998949 0
19.99222722350692 -10.07374420339575 0
19.04855077019072 -11.17947679872788 0
18.92035812383693 -9.115500014834828 0
16.84071624767387 -9.231000029656439 0
17.97668167052074 -10.22123261016705 0
17.09710154038144 -11.35895359744896 0
-2.183374040393369 -4.17696182499773 0
-2.703784905331832 -4.314958883698493 0
-2.495985144227155 -4.849005045314231 0
-1.975574279288692 -4.711007986613469 0
-2.91418903473292 -3.761838289769281 0
-3.431995531374972 -3.918909780783514 0
-3.221591401973884 -4.472030374712727 0
-3.736793530319525 -4.648176298040434 0
-3.528993769214847 -5.182222459656173 0
-3.013791640869206 -5.006076536328466 0
-2.80859624806094 -5.521048265630732 0
-2.290789751418888 -5.363976774616498 0
20.00545674007338 1.950993146961974 0
19.09091660368547 0.8801754142602833 0
20.08545986361209 -0.07081773272442404 0
18.93091035660806 2.923797173628497 0
16.86182071321612 2.847594347277274 0
18.01637022022015 1.852979440927516 0
17.18183320737094 0.7603508285433005 0
18.25637959083625 -0.212453198123932 0
-19.02560199849331 -1.96858349690269 0
-18.12385883148492 -0.9075026418350542 0
-19.0982568329916 0.06108085509036973 0
-17.97854916248833 -2.966831345816592 0
-15.95709832497666 -2.933662691653464 0
-17.07680599547993 -1.905750490749665 0
-16.24771766296983 -0.8150052836928421 0
-17.29477049897481 0.1832425652217691 0
0.3306243367584341 0.0726447977019271 0
0.3187492171555787 0.086072634598651 0
0.3074414472765935 0.07333369178737466 0
0.3419418664871778 0.08483650890955834 0
0.3413960981144536 0.1100689432522472 0
0.3300674341015321 0.0983177184202752 0
0.3181818674317086 0.1122394143066512 0
0.3068636504857553 0.09999433048502705 0
-2.404454364763941 0.8924340461172088 0
-2.440229621124443 0.5685669778742461 0
-2.150149093803852 0.5430296026855257 0
-2.11437383744335 0.8668966709284884 0
-2.744240446118043 0.5783237349478415 0
-2.766085404805536 0.2702372848200037 0
-2.462074579811936 0.2604805277464083 0
-2.46998924082642 -0.03182530426630453 0
-2.179908713505829 -0.05736267945502485 0
-2.171994052491344 0.234943152557688 0
-1.895843822843762 0.1936251592538427 0
-1.873998864156269 0.5017116093816805 0
3.007585109922866 -11.18916018287618 0
2.463571281787996 -11.88235210636759 0
3.112207908188169 -12.47347299001779 0
3.656221736323038 -11.78028106652638 0
1.838281122854721 -11.36150492613577 0
1.896210986186229 -12.50527032644062 0
1.954140849517736 -13.64903572674546 0
2.544847612586401 -13.09639121009082 0
3.216830706453472 -13.7577857971594 0
3.784191002055239 -13.13486757708637 0
-1.011566057995118 13.6845181435893 0
-1.606374755643273 13.1772644533246 0
-0.9849647469123725 12.57421451249678 0
-0.3901560492642182 13.08146820276147 0
-2.261752520483189 13.80802396000614 0
-2.822593462022327 13.27306070388773 0
-2.167215697182411 12.64230119720619 0
-2.694088882612535 12.07962837523406 0
-2.072678873881634 11.47657843440623 0
-1.545805688451511 12.03925125637836 0
-0.9583634358296266 11.46391088140425 0
-0.3975224942904877 11.99887413752267 0
-6.164862818449516 -11.06147880948681 0
-5.482666048554137 -10.48055723226627 0
-6.061910816079051 -9.676726157591819 0
-6.744107585974429 -10.25764773481236 0
-4.914245666134546 -11.18597429729257 0
-4.221224511133844 -10.70346672972018 0
-4.789644893553433 -9.99804966469388 0
-4.085799353447407 -9.613956106769638 0
-4.665044120972321 -8.81012503209519 0
-5.368889661078347 -9.194218590019432 0
-5.958958813708585 -8.291973505696834 0
-6.651979968709288 -8.774481073269222 0
0.0694400231091005 -0.293484559536647 0
0.1049872345183279 -0.2742782382392188 0
0.07768205589722255 -0.2387502728270097 0
0.04213397368343057 -0.2579578593765594 0
0.1382176151944378 -0.3135428106351599 0
0.1678306232619153 -0.290602759841743 0
0.1345992054370643 -0.2513374461556215 0
0.1582790473115331 -0.2246644071563962 0
0.130978301617745 -0.1891342450589209 0
0.1072974524270415 -0.2158086088868506 0
0.08592147835539704 -0.1840182056624087 0
0.05630297864296462 -0.2069618253368455 0
-19.02225714079468 10.08589745984904 0
-18.10293904568474 11.19604546232211 0
-17.98608951749397 9.147544377053759 0
-15.97217903498794 9.295088754094305 0
-17.06677142238403 10.25769237952693 0
-16.20587809136948 11.39209092463743 0
7.17452956978331 11.04390529714064 0
6.542495338022621 10.47240690824641 0
7.107216152670421 9.701360453188522 0
7.73925038443111 10.27285884208276 0
5.960863306831911 11.14494255736361 0
5.345740291614132 10.67195497441006 0
5.927372322804842 9.999419325292861 0
5.329160524129974 9.62494254828 0
5.893881338777774 8.853896093222113 0
6.492093137452643 9.228372870234974 0
7.039902735557533 8.358815609236403 0
7.655025750775311 8.831803192189952 0
-18.25325646535883 17.08726939149578 0
-19.13302993289505 18.02908979716413 0
-16.50651293071795 17.17453878299517 0
-17.39908979868544 18.08726939149701 0
-16.5577265324436 19.05817959433173 0
-18.27886326622136 19.02908979716528 0
0.6264691022696671 0.06680653471535133 0
0.6121102704714123 0.05644757583591683 0
0.6328645027927411 0.08967218527743928 0
0.6192726798261883 0.07948865064970598 0
0.6128432662144114 0.09234619083576184 0
0.5984826294441918 0.08196556462413708 0
0.6049120430559688 0.06910802443808123 0
0.5897825924820826 0.05853030664256501 0
11.84223987247935 -0.8606512806896411 0
12.53652428451369 -0.1240838088725466 0
11.80825321399592 0.4731142129070325 0
11.11396880196159 -0.263453258910062 0
13.33844381994687 -0.7325018393238951 0
13.95907976706579 0.015285641164969 0
13.15716023163261 0.6237036716163176 0
13.70414771383611 1.382711160776951 0
12.97587664331834 1.97990918255653 0
12.42888916111484 1.220901693395897 0
11.77426655551248 1.806879706503706 0
11.15363060839356 1.059092226014842 0
-10.96056061133294 0.653224254804369 0
-11.61614547246836 -0.1898861236621239 0
-10.83644593064332 -0.9932691228409525 0
-10.18086106950791 -0.1501587443744596 0
-12.42703785218464 0.5707649456735591 0
-13.0514298754288 -0.2296135029497881 0
-12.24053749571252 -0.990264572285471 0
-12.83373668106542 -1.747911091065673 0
-12.05403713924039 -2.551294090244501 0
-11.46083795388748 -1.7936475714643 0
-10.7123312499537 -2.639762500486274 0
-10.08793922670954 -1.839384051862927 0
0.4698306784039256 -0.2929700634445165 0
0.5020737005455198 -0.3296854126505028 0
0.5380602464665117 -0.2954627111778716 0
0.5058172243249176 -0.2587473619718854 0
0.4637313708714653 -0.3627260058251948 0
0.4983301767661219 -0.4006234633291201 0
0.5366725064401764 -0.367582870154428 0
0.5736270960878955 -0.4066624359562925 0
0.6096136420088876 -0.3724397344836613 0
0.5726590523611684 -0.3333601686817969 0
0.606289814529098 -0.2979553589112266 0
0.5716910086344413 -0.2600579014073013 0
0.8446591025676891 -0.105513992289863 0
0.8233107723058029 -0.1166676511660384 0
0.8359570793400655 -0.1456435806529487 0
0.8573054096019517 -0.1344899217767733 0
0.8113962313858248 -0.09130932353750415 0
0.7893161350096539 -0.09884538055530351 0
0.8012306759296319 -0.1242037081838378 0
0.7784188134391763 -0.1281221633432611 0
0.7910651204734389 -0.1570980928301714 0
0.8138769829638945 -0.1531796376707481 0
0.8272550561124417 -0.1857731690160345 0
0.8493351524886126 -0.1782371119982351 0
0.7522393542702477 0.04365036156237324 0
0.7441314153049134 0.05751171076392442 0
0.7273224907183743 0.04695806279134183 0
0.7771507711583819 0.04028967668094793 0
0.7709099566258452 0.0532334138308154 0
0.7914458678596605 0.06188119283008828 0
0.7833397444489061 0.07576020324912502 0
0.7628038332150907 0.06711242424985214 0
0.7528324009261185 0.08192670793805817 0
0.7341599830159413 0.07232599445213043 0
-4.23130395605632 9.765128007695072 0
-4.80523477815195 10.04582958861769 0
-5.104417446588298 9.451141183533789 0
-4.530486624492668 9.170439602611177 0
-4.456433988811765 10.62642070661123 0
-5.07998293181123 10.92121957462419 0
-5.428783721151414 10.34062845663065 0
-6.101950785054714 10.64952461173396 0
-6.401133453491062 10.05483620665006 0
-5.727966389587762 9.745940051546754 0
-5.977530937120275 9.137154359372509 0
-5.35398199412081 8.842355491359548 0
0.5865850512719724 -0.08289240372273046 0
0.5744901605127646 -0.07156169663754511 0
0.5630047634199603 -0.08408301617627789 0
0.5750996541791682 -0.09541372326146325 0
0.5858167330913429 -0.0588392530087628 0
0.5625540942677827 -0.06043211364240929 0
0.5392859737545871 -0.06195207760245016 0
0.5510668699450999 -0.07292913428994019 0
0.5394226483380697 -0.08524932973862343 0
0.5513605418129301 -0.09640321162496113 0
0.4923723298225962 -0.06540014732973269 0
0.5036680900581627 -0.07648044241993993 0
0.5158319376480021 -0.06371776364362522 0
0.491170559982143 -0.08944354007416365 0
0.50280000270389 -0.1003234162864619 0
0.5152975327799098 -0.08736031863223813 0
0.5272606579878374 -0.09803977596662733 0
0.5274595231301421 -0.07456987240423424 0
5.522033438402068 1.073383619650736 0
5.236138703748569 0.7407660480326538 0
5.508307952068617 0.4235422290391361 0
5.794202686722116 0.7561598006572181 0
4.971847503874429 0.9817238322115571 0
4.678074720775022 0.7253722954080897 0
4.942365920649162 0.4844145112291863 0
4.640715089103847 0.3043290092403336 0
4.912884337423895 -0.0128948097531842 0
5.21453516896921 0.1671906922356686 0
5.494582465735165 -0.2262991615724638 0
5.788355248834574 0.03005237523100368 0
1.391729409784022 4.3089863082716 0
1.226919793304366 4.031604472133377 0
1.460765077679856 3.79962753058506 0
1.625574694159512 4.077009366723283 0
1.036550565710217 4.224104295102556 0
0.8282648924492202 3.986199577543473 0
1.01863412004337 3.793699754574295 0
0.7668723900010319 3.595272155594351 0
1.000717674376522 3.363295214046033 0
1.252479404418859 3.561722813025977 0
1.52980074557569 3.29026875289852 0
1.738086418836687 3.528173470457602 0
2.420669416525339 -6.392316441027146 0
2.697543701774383 -6.059995271603924 0
2.381266274551284 -5.760101801844947 0
2.10439198930224 -6.092422971268168 0
3.025458677881641 -6.339909364886788 0
3.290695414246525 -6.027567571939681 0
2.962780438139267 -5.747653478656817 0
3.216379625619991 -5.455291062185823 0
2.900102198396893 -5.155397592426846 0
2.646503010916168 -5.447760008897839 0
2.341863132577229 -5.127887162662747 0
2.076626396212345 -5.440228955609855 0
-0.585139443918353 -10.14288006211688 0
-0.1542664542340952 -10.52229012582098 0
0.2371230932874115 -10.09457073711815 0
-0.1937498963968464 -9.715160673414058 0
-0.575660076329679 -10.9076269129603 0
0.3066106100242396 -10.94408279108857 0
1.188881296378158 -10.98053866921685 0
0.6980001575457463 -10.51636340238575 0
1.059385630493176 -10.04626141211942 0
0.5985085662348412 -9.624468746851822 0
0.9818622161745247 1.978364962498009 0
1.112907119139652 2.13250668716832 0
0.9638124782542938 2.268072615091497 0
0.8327675752891663 2.113930890421186 0
1.2738554684342 1.997977842656606 0
1.393046662990138 2.151082483915454 0
1.232098313695591 2.285611328427168 0
1.339435799842339 2.437678886274554 0
1.190341158956981 2.57324481419773 0
1.083003672810232 2.421177256350345 0
0.9457627403340628 2.557780267684985 0
0.8265715457781246 2.404675626426136 0
0.2955767096748855 0.0859839962361259 0
0.2842790178894447 0.07263370029693746 0
0.2950096638586185 0.1119845966240656 0
0.2837227230477487 0.09797426237516443 0
0.271879487395183 0.1093044902044903 0
0.2605822591152218 0.09588925007225452 0
0.2724254947677874 0.08455902224292869 0
0.2611179790187347 0.07173887622735831 0
0.08270933725861179 11.38316921357239 0
0.6668218339083551 11.83695324358274 0
0.1865900023592556 12.45265816753302 0
1.050539445383081 11.23435343091065 0
1.731166162107198 11.67503234964283 0
1.347448550632473 12.27763216231492 0
2.124589487430964 12.70520596976892 0
1.644357655881865 13.32091089371919 0
0.8672167190833733 12.89333708626519 0
0.2904706674598995 13.52214712149365 0
-6.475209687580836 11.21283972127899 0
-7.101292787823215 11.77731306299659 0
-7.900545536333995 10.82614790394854 0
-7.274462436091616 10.26167456223095 0
-6.199759639389599 12.6111649032593 0
-6.928123139554816 13.29295156376223 0
-7.829656287988433 12.45909972349951 0
-8.660300188076487 13.25819970278776 0
-9.459552936587269 12.30703454373971 0
-8.628909036499213 11.50793456445146 0
-9.325881385087154 10.43945608661808 0
-8.597517884921936 9.757669426115154 0
6.356528454340097 -1.760267686932788 0
6.690209768495912 -1.395443256563369 0
6.274741830286522 -1.035646073384364 0
5.941060516130707 -1.400470503753784 0
7.083711673265606 -1.768215942443011 0
7.439359020861115 -1.390416009372954 0
7.045857116091421 -1.017643323493312 0
7.423470497126625 -0.6268678877226175 0
7.008002558917235 -0.2670707045436129 0
6.630389177882032 -0.6578461403143072 0
6.192955206232947 -0.31102445983594 0
5.837307858637437 -0.688824392905997 0
-0.4729191495658163 -6.233744918814939 0
-0.02808803690419132 -5.942170639699048 0
-0.3300525075831838 -5.543829925319271 0
-0.7748836202448087 -5.83540420443516 0
0.3042133695193598 -6.340383683596222 0
0.7187075464364261 -6.048937074962937 0
0.3864061400128749 -5.650724031065764 0
0.7705633811853825 -5.359405092915082 0
0.46859891050639 -4.961064378535303 0
0.08444166933388247 -5.252383316685984 0
-0.1871858656005513 -4.853914931823601 0
-0.6016800425176175 -5.145361540456886 0
3.843347693731779 -7.949364875359152 0
4.334322279266678 -8.241275451646208 0
4.687998192553183 -7.689168319093325 0
4.197023607018284 -7.397257742806268 0
3.998545243737848 -8.705292802930222 0
4.471620951515072 -9.085293160486147 0
4.807397987043903 -8.621275809202134 0
5.262574817063451 -9.089365948026927 0
5.616250730349956 -8.537258815474043 0
5.161073900330408 -8.06916867664925 0
5.532648691374588 -7.428971762827496 0
5.059572983597363 -7.048971405271571 0
15.73609160355011 15.38010253407614 0
16.55392010779238 14.35777959743473 0
14.01409487029061 15.52945589934121 0
14.82312279061142 14.54151265457575 0
13.90135339375127 13.73730246695132 0
14.71918189799354 12.71497953030991 0
15.64095129485369 13.51918971793435 0
16.46758038301742 12.46248708941699 0
-14.75482649472596 -15.38644678805044 0
-15.57733447132387 -14.3657148135294 0
-13.03694178662968 -15.53686075274021 0
-13.85318908377897 -14.55079429018212 0
-12.94529099338336 -13.74980730427674 0
-13.76779896998127 -12.7290753297557 0
-14.67569706037688 -13.53006231566108 0
-15.5044657164234 -12.4746648291771 0
13.75217799116601 -13.89138955039949 0
14.70377334453697 -14.65059969500271 0
15.51689784555091 -13.63395140964493 0
14.56530249217994 -12.8747412650417 0
13.89925678550833 -15.62347886531741 0
15.64676075592264 -15.45357895464903 0
16.45988525693657 -14.43693066929124 0
16.33863028855014 -12.57353400924405 0
0.2378499127370438 0.07105962938330945 0
0.2257971317400722 0.08257853323324726 0
0.2145897509100002 0.0701377118444706 0
0.2491649116852709 0.08342918325481892 0
0.2485268433000344 0.107489044153789 0
0.2371094958700836 0.0950289773363534 0
0.2249517315731725 0.1065382584719617 0
0.2136393674431611 0.0940878143688556 0
5.820029571486435 -10.4702298794139 0
5.283075363477355 -10.03124609740155 0
4.76662170188218 -10.53414246476381 0
5.303575909891259 -10.97312624677616 0
5.712044357053905 -9.551011521002845 0
4.8336058234869 -9.569600524425629 0
3.955167289919896 -9.588189527848414 0
4.317152161891725 -10.0724968917879 0
3.713213832277924 -10.59805505011373 0
4.162683372268378 -11.05970062308965 0
0.1065403021786872 0.1012540021808436 0
0.09483215723609796 0.08664966011638366 0
0.1089005368313709 0.0749208975882094 0
0.1206080819848184 0.08952805627264446 0
0.07981305833787881 0.09855909641097069 0
0.06909649644879724 0.08355014543650228 0
0.08411686071790844 0.07163119958812195 0
0.07440343090003737 0.05617274418041156 0
0.09815714898425519 0.06009491114693149 0
0.1220216434663907 0.06335563993555728 0
7.067432722915493 2.590327504344518 0
7.591145868562901 2.251698641107601 0
7.964915541691445 2.778201386868575 0
7.441202396044037 3.116830250105492 0
7.221072261005476 1.757760306439327 0
7.741089341081765 1.38656703210971 0
8.111162948639191 1.880505366777984 0
8.627483963144361 1.476747681355666 0
9.001253636272903 2.00325042711664 0
8.484932621767733 2.407008112538957 0
8.862398360467397 2.966075269392631 0
8.342381280391107 3.337268543722248 0
0.2502682802598292 -0.1098304964510036 0
0.2720875382832735 -0.09871699796901023 0
0.2616198912001106 -0.08482202536618536 0
0.2398006331766663 -0.09593552384817874 0
0.2855937116220384 -0.1134392186278077 0
0.3043749068953604 -0.1014335278967944 0
0.2908687335565955 -0.08671130723799696 0
0.3066118660797952 -0.07381342425796378 0
0.280400622967953 -0.07288127882821939 0
0.2541907703725496 -0.07175430081933305 0
1.103746858559317 10.29014607843201 0
0.6464521285741367 9.85422952295367 0
1.156954271735553 9.345938725953376 0
0.5932336370719431 10.82391738914557 0
-0.3745853927265685 10.94725265809405 0
0.1359389070867627 10.38800083366723 0
-0.3213447445724605 9.926603764475626 0
0.1891684769149135 9.392832453762068 0
-13.95981743118052 18.20074452084124 0
-14.78837729699109 17.25892411517297 0
-13.89880152907389 16.40148904168249 0
-14.84612576563799 19.08630803839099 0
-15.67468563144766 18.14448763272271 0
-15.62020459626138 16.28897526544543 0
-6.11383743631812 8.283088329618673 0
-6.031339501926261 7.599224774076573 0
-5.273551031273714 7.653547477287992 0
-5.356048965665572 8.33741103283009 0
-6.810052951084596 7.492638117388553 0
-6.706630038186949 6.861038515323056 0
-5.927916589028615 6.967625172011076 0
-5.803568697625181 6.388289523422181 0
-5.045780226972633 6.442612226633599 0
-5.170128118376068 7.021947875222494 0
-4.43326462622931 7.024006624957309 0
-4.536687539126955 7.655606227022806 0
0.2557851789180173 0.266911466500204 0
0.2199251261789094 0.2518898174442435 0
0.2351378130724052 0.2177904197704931 0
0.2709978658115131 0.2328120688264536 0
0.2019809045047381 0.2907448424753444 0
0.168853339890612 0.2709733487236648 0
0.1867978683399852 0.2321176994003476 0
0.1564023276481253 0.2075945508665443 0
0.1716145283919851 0.1734900453404923 0
0.2020101179084112 0.1980153114298752 0
0.214490447226793 0.1686693730407823 0
0.247618142390787 0.1884444813814002 0
0.7580004868383542 3.187368332071996 0
0.9732402073552924 2.960537740865509 0
1.21595739489346 3.136464622839547 0
0.8016491829611873 2.762488106976406 0
1.117353764728168 2.755829901574087 0
1.433058346495149 2.749171696171769 0
1.360070952266336 2.931756783548125 0
1.673914302948566 3.085560913607098 0
0.9586109094583306 0.285844401052062 0
0.9155734909999034 0.2839943003267031 0
0.9223210181109807 0.2334229445813455 0
0.965358436569408 0.2352730453067043 0
0.9103658743282295 0.3423249584258539 0
0.8657885454303986 0.332715555346702 0
0.8709961621020725 0.2743848972475513 0
0.8248789227648383 0.2570161918146064 0
0.8316264498759156 0.2064448360692487 0
0.8777436892131498 0.2238135415021936 0
0.8860311267636307 0.181001488110629 0
0.9306084556614614 0.1906108911897809 0
-4.616999148027437 19.19255992237115 0
-3.762667679078782 18.3895379784153 0
-5.455328913164208 18.38070171106931 0
-5.431491159729223 16.76140342213861 0
-4.600997444215666 17.57767976711345 0
-3.75450202489034 16.7790759568306 0
9.647904219033414 10.76363061370625 0
8.994106475622015 10.15578429241977 0
9.595164823401523 9.430863421470301 0
10.24896256681292 10.03870974275679 0
8.403543207183811 10.91680131592152 0
8.329813652869316 9.511841818581003 0
8.256084098554819 8.10688232124048 0
8.930872000648822 8.786920947631533 0
9.542425427769633 8.098096229234347 0
10.20671825052234 8.742038703073113 0
0.286309276559225 -1.040831929096441 0
0.3745380997429494 -1.144806850819399 0
0.4894243228594694 -1.025669457378283 0
0.4011954996757451 -0.9216945356553258 0
0.2492620001589384 -1.260790735916529 0
0.3478806998101536 -1.367919165983472 0
0.4731567993941646 -1.251935280886343 0
0.5821653755128707 -1.362217219297273 0
0.6970515986293908 -1.243079825856157 0
0.5880430225106846 -1.132797887445227 0
0.6925393691597138 -1.010506985660125 0
0.5939206695084986 -0.9033785555931814 0
17.33936516186792 -3.066433895769823 0
16.52327694915808 -2.160935390874595 0
15.70244964634991 -3.036812299075941 0
16.51853785905974 -3.94231080397117 0
17.34101469025487 -1.210991919139065 0
16.52801603925641 -0.3795599777780201 0
15.71027829815963 -1.32950344951355 0
14.90036920887255 -0.5721380716866881 0
14.07954190606439 -1.448014979888034 0
14.88945099535146 -2.205380357714896 0
14.0655341308319 -3.00719070238206 0
14.87853278183036 -3.838622643743104 0
2.654808108938068 3.658137014804991 0
2.395746632647235 3.881456230089801 0
2.196447263887378 3.593155242631297 0
2.455508740178211 3.369836027346486 0
2.612629207122492 4.157351986374184 0
2.335984525116259 4.393076432833116 0
2.119101950641002 4.117180676548733 0
1.824874062919369 4.365310354181787 0
1.919802581881145 3.828879689090229 0
2.01473110084292 3.29244902399867 0
1.467176835714523 0.7497203509948402 0
1.365491085229693 0.8188719219791634 0
1.298712786403997 0.7352164240903687 0
1.400398536888827 0.6660648531060455 0
1.420035838804892 0.9049429794866277 0
1.330583633570559 0.9716789908522813 0
1.276038879995359 0.8856079333448169 0
1.198820220011521 0.9499283850918008 0
1.132041921185825 0.8662728872030061 0
1.209260581169663 0.8019524354560222 0
1.130248737093471 0.7207124971858971 0
1.219700942327805 0.6539764858202437 0
0.05929229268883998 -3.694935794145719 0
0.3732268483439197 -3.479591169497026 0
0.1511083776378541 -3.201703510315488 0
-0.1628261780172256 -3.417048134964181 0
0.6123716667202301 -3.774588548376308 0
0.909279874705065 -3.542134204029872 0
0.6701350563287545 -3.247136825150591 0
0.9500169166433445 -2.997572761106412 0
0.727898445937279 -2.719685101924873 0
0.448016585622689 -2.969249165969052 0
0.2429244625868682 -2.708471226485256 0
-0.05398374539796667 -2.940925570831692 0
0.3584040445043851 0.1245064029238458 0
0.3495707194953571 0.140641039462261 0
0.3325627731054256 0.1262035797906625 0
0.369205706601503 0.1555517933214468 0
0.3577453408762605 0.1712131356722748 0
0.3381103537701147 0.156302381813089 0
0.3240229473286578 0.1714904299763298 0
0.3070150009387263 0.1570529703047313 0
0.3211024073801833 0.1418649221414905 0
0.3067215017064662 0.1279007566574792 0
-4.713655607275579 -19.19998261128234 0
-5.629062070126994 -18.40564300602968 0
-3.975560358867352 -18.3942874390997 0
-4.180287384344336 -16.7885748781994 0
-4.890966821718768 -17.59994783384703 0
-5.778957473536389 -16.81128601205936 0
11.0160947559431 -8.784163802570426 0
11.79726898463107 -8.418387837670116 0
11.31252374365074 -7.534721453346055 0
10.53134951496277 -7.900497418246365 0
12.28230738671862 -9.414339318483133 0
13.06318845429936 -8.936278257093864 0
12.57815005221181 -7.940326776280846 0
13.35873795868532 -7.349980618402622 0
12.873992717705 -6.466314234078562 0
12.09340481123148 -7.056660391956788 0
11.60895273135838 -6.285279104121685 0
10.82807166377764 -6.763340165510952 0
6.587236466395863 0.09080059096479987 0
6.18263650899749 0.4318774260317436 0
7.386117683957152 0.1515488066985961 0
6.96535159143578 0.5094201022070088 0
7.327300581352696 0.9448340738906866 0
6.922700623954323 1.28591090895763 0
6.560751634037406 0.8504969372739525 0
6.172317811762032 1.174779311899427 0
5.712089264368613 19.19736372142436 0
6.626090789791478 18.40081535113258 0
4.972266267575005 18.38863953456485 0
5.173699201759639 16.77727906912969 0
5.88626779299787 17.59209116427307 0
6.773014912865357 16.80163070226516 0
9.003750918307521 -19.18259779824328 0
8.117610828992222 -18.37933269172302 0
9.814059511041414 -18.3510585012501 0
9.732285688819335 -16.70211700250021 0
8.927919421726592 -17.54779339472984 0
8.047721658052918 -16.75866538344604 0
-12.17857295789844 -14.74468007458605 0
-11.33335367370366 -13.99498231988213 0
-12.10007170918857 -13.00010954957282 0
-11.39870537787706 -15.69706992144511 0
-9.76046896912445 -15.85727909015001 0
-10.55348609368228 -14.94737216674119 0
-9.721416354023955 -14.24015733548752 0
-10.50128393404533 -13.28776748862846 0
13.14754190462158 14.73487176080918 0
12.29591799257038 13.98323227860641 0
13.04972948170007 12.98566298474854 0
12.37880136187407 15.6894963983378 0
10.74350785345753 15.84953689733439 0
11.52717744982287 14.93785691613503 0
10.69048259138949 14.22916209026151 0
11.45922313413701 13.27453745273289 0
1.00853455897983 -0.08593241436510035 0
0.9791690909250554 -0.07605353071284271 0
0.9694856670319999 -0.09502718200936769 0
0.9988511350867747 -0.1049060656616253 0
0.9842220871054039 -0.05741620033876935 0
0.9594870467633362 -0.0472009957640601 0
0.9544340505829876 -0.06583832613813347 0
0.9343294379536268 -0.0552868006409726 0
0.9246460140605712 -0.07426045193749756 0
0.944750626689932 -0.08481197743465843 0
0.9304367750841693 -0.104121949653635 0
0.9551718154262372 -0.1143371542283443 0
0.5823318634031283 0.07286339263804753 0
0.5664299377674066 0.06204275600910951 0
0.5907830599598956 0.09801711526246808 0
0.574632293918832 0.08891494327637853 0
0.5666838840291939 0.106684958557558 0
0.5507801311635938 0.09584002303741812 0
0.5587285410532319 0.07807000775623864 0
0.5430718013630951 0.06548230870204838 0
12.99521751228496 -14.83876275193806 0
12.21919978983688 -15.75088723170975 0
12.86719596150967 -13.14192215878703 0
12.11023548262862 -14.0892953603256 0
11.2443106965393 -13.37507669048003 0
10.46829297409123 -14.28720117025172 0
11.33421776018054 -15.0014198400973 0
10.53914279416544 -15.8782955981021 0
-2.307470823087101 -10.81556727496546 0
-2.750553815018094 -10.34906315300025 0
-3.264347667110473 -10.75951700234282 0
-2.82126467517948 -11.22602112430803 0
-2.258331395434066 -10.0094601875386 0
-2.679842954856709 -9.472105181692474 0
-3.172065374440737 -9.811708147154121 0
-3.572005501355029 -9.203502257427072 0
-3.685859226533115 -10.22216199649669 0
-3.799712951711201 -11.24082173556631 0
-4.587378121513771 5.273878386737811 0
-5.106885928256254 5.302285376880959 0
-5.110451108240458 4.745787827436271 0
-4.590943301497974 4.717380837293123 0
-5.097151392067454 5.859236147227099 0
-5.622828555014533 5.887189916468794 0
-5.632563091203332 5.330239146122653 0
-6.164409610355008 5.357739694462895 0
-6.167974790339212 4.801242145018206 0
-5.636128271187536 4.773741596677965 0
-5.633524094967144 4.217697268134728 0
-5.107846932020065 4.189743498893034 0
2.07069083066351 5.675364630263775 0
1.827806453287248 5.332909087177531 0
2.203337677889885 5.034220531548446 0
2.446222055266147 5.37667607463469 0
1.416506848757276 5.626264006538007 0
1.20939085130835 5.289142099720372 0
1.620690455838322 4.995787180359896 0
1.449342838316733 4.663998909810872 0
1.996221680440959 4.697098624730812 0
2.543100522565185 4.730198339650751 0
0.1456309939660031 0.06569516081700186 0
0.1334127381635569 0.07742310876503888 0
0.1692776376707563 0.06762804180192053 0
0.1576274190543442 0.07922403834620922 0
0.1702004569887213 0.09250545434870711 0
0.1579736255262733 0.1043489124197053 0
0.1454005875918961 0.09106749641720742 0
0.13259553189859 0.1031781965928172 0
-16.39508058086665 3.094607762587936 0
-15.58864291444907 2.158880542590361 0
-14.78600854535313 3.066407477190508 0
-15.59244621177071 4.002134697188083 0
-16.3937117482665 1.194418201054291 0
-15.58483961712743 0.3156263879926401 0
-14.77977078331001 1.28008872952871 0
-13.96846418744947 0.4582323234029828 0
-13.16582981835353 1.365759258003129 0
-13.97713641421407 2.187615664128857 0
-13.1769365098396 3.03820719179308 0
-13.98580864097866 3.916999004854731 0
12.61323447749084 -1.526795983498926 0
13.35433256360835 -2.242309124063066 0
11.14692704891729 -1.605576987109818 0
11.91792165392877 -2.271721689919103 0
11.25250534926067 -2.967278958584425 0
11.99360343537819 -3.682792099148565 0
12.65901974004629 -2.987234830483243 0
13.37022130726984 -3.752116408802237 0
-0.7934129406071811 9.411101230123167 0
-1.221125543115359 8.905701807378261 0
-0.6489354125869943 8.416973895886748 0
-0.2212228100788161 8.922373318631653 0
-1.790789980830731 9.400745055036674 0
-1.651363838436532 8.393987048466453 0
-1.511937696042333 7.387229041896231 0
-1.079173707908167 7.90525913697494 0
-0.5044578845668076 7.422846561650326 0
-0.07421958924563524 7.934561320562134 0
0.8621007250750763 0.06211043331059105 0
0.8767337976506793 0.04701087828287316 0
0.8944869460416469 0.06121866619334566 0
0.879853873466044 0.07631822122106355 0
0.8621073591205817 0.0334319838503318 0
0.8882401603654122 0.03128242977722415 0
0.9143663289375644 0.02907757294710634 0
0.905991097865487 0.04547178343535992 0
0.9268709561173248 0.06030846482376354 0
0.9153668042934847 0.07605534758174928 0
20.08504748151535 -2.034678226883832 0
19.16968258093396 -3.033216947898909 0
19.17050734512743 -1.10549595958244 0
18.25514244454604 -2.104034680597573 0
0.6949877337962879 0.06158583537594687 0
0.7099385828789424 0.07314671915103101 0
0.7006662290328716 0.08550992362145586 0
0.7038749571498484 0.04875361910280206 0
0.7188240034407766 0.06029609887432633 0
0.725274562454107 0.08517661472883511 0
0.4590030368962406 0.08340395399947979 0
0.4715310456034589 0.0962496828792018 0
0.459736289105849 0.1114497046224974 0
0.470403702569467 0.06857731254032079 0
0.4939328043445338 0.06687338694337096 0
0.4829298840163538 0.081390910319493 0
0.4958519835479556 0.09386325891507845 0
0.4844531451350607 0.1087220314747873 0
0.7885744025481052 -0.07052872152258799 0
0.7691796902754687 -0.05876365777615478 0
0.7604844994755167 -0.07505562739337057 0
0.7798792117481531 -0.08682069113980379 0
0.7761936160545302 -0.0431721862451145 0
0.7514662430237229 -0.04629809594354606 0
0.7267334233291768 -0.04937102198952088 0
0.7427692366691913 -0.06257240434327627 0
0.7323927808483486 -0.07956487204666757 0
0.7501080436546741 -0.09204809509676187 0
9.028111571336924 -1.402476117565368 0
8.627676752995026 -0.9921040963182602 0
8.23373529609902 -1.396446063469161 0
8.634170114440916 -1.806818084716269 0
9.024749930653899 -0.5707068402514689 0
8.621183391549135 -0.1773901079202518 0
8.224110213890262 -0.5987873639870431 0
7.817411954022631 -0.2225259205717168 0
7.830168756994255 -1.003129331137944 0
7.842925559965879 -1.783732741704171 0
4.91418749204017 -11.66506324243508 0
5.782764829906213 -12.24178241400269 0
6.172153247757302 -11.54984541834378 0
4.40772585609483 -12.38564368587182 0
4.652768339921282 -13.71158674865399 0
5.276303193960873 -12.96236285743943 0
6.261953749921167 -13.51043858122922 0
6.768415385866508 -12.78985813779249 0
5.986875130749392 -2.712151751264665 0
5.679372801044267 -2.391336789929212 0
5.369601974482619 -2.702254683779563 0
5.677104304187744 -3.023069645115016 0
5.990916273501359 -2.074912956540006 0
5.681641297900791 -1.759603934743408 0
5.370097825443699 -2.076027768132614 0
5.059050203947687 -1.766224685874872 0
4.74927937738604 -2.077142579725222 0
5.060326998882051 -2.386945661982965 0
4.752328818215847 -2.69235761629446 0
5.061603793816416 -3.007666638091058 0
1.257579990750618 0.03712992492660185 0
1.295767699952447 0.07536787416705712 0
1.237792563992007 0.1214671474830845 0
1.199604854790178 0.0832291982426292 0
1.34752135818856 0.006404922660530053 0
1.391930545114716 0.06750655009148501 0
1.340176886878603 0.1364695015980121 0
1.390807551529087 0.2204348072194667 0
1.332832415568647 0.2665340805354941 0
1.282201750918163 0.1825687749140394 0
1.218005137233396 0.2058043700395671 0
1.17359595030724 0.1447027426086121 0
0.533918501803873 0.08060183886045072 0
0.5185050887132248 0.06621949900024347 0
0.540178615335299 0.1101037088790603 0
0.5233169859755782 0.09486552470209288 0
0.5112672538782106 0.1082733662269749 0
0.507901715645323 0.08045541739019643 0
-19.09859904114165 2.0361282454755 0
-18.19754029043333 3.047303881307966 0
-18.19685587413325 1.097209100540053 0
-17.29579712342493 2.108384736372576 0
0.1894878867658233 -4.614307784199842 0
-0.06394678645585566 -4.27442536298466 0
-0.4406205388222302 -4.514032510608418 0
0.8195963123538768 -4.714583057791266 0
0.54048528861331 -4.367826463455805 0
0.8658063399419089 -4.114470969591491 0
0.2870506153916311 -4.027944042240623 0
-0.2917051091586468 -3.941417114889756 0
-11.02544430326059 6.678035496074312 0
-11.63455536489052 6.006997952190786 0
-11.03369945959397 5.252842843259595 0
-10.42458839796404 5.923880387143122 0
-12.16305909479473 6.77846314541716 0
-12.84452233181701 6.09011551723845 0
-12.3160186019128 5.318650324012077 0
-13.06983401432743 4.612992611538187 0
-12.46897810903087 3.858837502606996 0
-11.71516269661625 4.564495215080886 0
-11.04195461592734 3.827650190444877 0
-10.36049137890506 4.515997818623585 0
6.554924598323662 4.366207794482023 0
7.162578241935008 4.055807130289607 0
7.491607731437324 4.684383346281308 0
6.883954087825979 4.994784010473723 0
6.845383502021555 3.45981000035875 0
7.758397135957489 3.712827380036349 0
8.671410769893424 3.965844759713949 0
8.087426625459806 4.34140359602805 0
8.428290864550988 5.002558898080594 0
7.832471970528505 5.345538648333853 0
-4.092380669111209 4.735447735165405 0
-3.608369451633978 4.694316083575353 0
-3.610022287728698 5.144549322156166 0
-4.09403350520593 5.185680973746218 0
-3.612159034859768 4.243944192509879 0
-3.122705398062025 4.202951193404491 0
-3.118915814836235 4.653323084469966 0
-2.624019758717982 4.612468737849239 0
-2.625672594812703 5.062701976430052 0
-3.120568650930956 5.103556323050777 0
-3.127663906346188 5.553650909146929 0
-3.61711754314393 5.594643908252317 0
1.131102071119842 -0.697751360238819 0
1.239201624432219 -0.8200607561525738 0
1.33329852839074 -0.6928434929217757 0
1.225198975078363 -0.5705340970080208 0
1.119876297851302 -0.9549320547105897 0
1.253204273786075 -1.069587415297127 0
1.372529600366992 -0.9347161167391108 0
1.531085998924161 -1.04171744199843 0
1.625182902882682 -0.9145001787676318 0
1.466626504325513 -0.8074988535083126 0
1.535494985661637 -0.6879356256047324 0
1.402167009726865 -0.5732802650181954 0
0.180829557811001 0.08063048254824849 0
0.1919165447354929 0.09334886507387871 0
0.1812874439132133 0.1052238368743373 0
0.1919235918490333 0.06903956896848763 0
0.2030173137344219 0.08165349006392314 0
0.2025385984442322 0.1057831893788112 0
-6.856581055462728 2.98970037862945 0
-7.466014472927003 3.147331261878392 0
-7.605475118870997 2.548448717458069 0
-6.996041701406721 2.390817834209127 0
-7.410082650519083 3.765197745369781 0
-7.935987244447285 3.903844689547657 0
-7.991919066855203 3.285978206056268 0
-8.434294837247331 3.405641211163077 0
-8.573755483191324 2.806758666742755 0
-8.131379712799198 2.687095661635945 0
-8.354369182279266 2.10719705628669 0
-7.828464588351064 1.968550112108814 0
-8.715353855551875 -10.76987276449841 0
-8.061106908833329 -10.1507696632907 0
-8.723859284973685 -9.424788490561328 0
-9.378106231692231 -10.04389159176904 0
-7.431898881588625 -10.92277829855542 0
-7.373315613219134 -9.485639099547637 0
-7.314732344849643 -8.048499900539852 0
-8.03606798935949 -8.759657926818265 0
-8.732364714395498 -8.079704216624243 0
-9.420156010009693 -8.744834780367306 0
0.6079801903369469 -0.05604356011921968 0
0.6180447212570106 -0.0652855411990621 0
0.6301382326666569 -0.0531828652331058 0
0.5968161035307635 -0.06901295508758187 0
0.5966513871640009 -0.09215605213476313 0
0.6068824394227921 -0.07827660349961454 0
0.6160157407674283 -0.08663019824486085 0
0.6271780226016468 -0.0736391359443084 0
-9.556377591444058 14.09034105718602 0
-10.42540646645415 14.87692312649411 0
-11.22555863747515 13.94682215596418 0
-10.35652976246506 13.16024008665609 0
-9.616355349657528 15.78937562695701 0
-11.30333428723985 15.68115366586924 0
-12.99031322482218 15.57293170478146 0
-12.10348645826085 14.75105269533931 0
-12.89473968350624 13.80330325474235 0
-12.01681186272053 12.99907271536723 0
-11.70921601443887 1.419806911810707 0
-12.44800798060776 2.214801224140277 0
-10.25260221052421 1.473854565618285 0
-11.00125761363014 2.240437222624623 0
-10.30316264975846 3.032655878115307 0
-11.74004957979903 3.035431534954193 0
0.887628806195136 -0.02706197926917528 0
0.9025365846556026 -0.03710278100664523 0
0.9115231698979562 -0.02492902102644052 0
0.8637278098196375 -0.02913963475489989 0
0.8777428941794587 -0.03849807867939239 0
0.8669620771722435 -0.04923338602429533 0
0.8818720665236029 -0.05929262201410201 0
0.8926528835308182 -0.04855731466919906 0
0.9084577778737157 -0.0593173427243199 0
0.9183414789985 -0.04786280906176607 0
0.4686195574367455 -0.06756842943770665 0
0.4795852643616948 -0.0789087876032406 0
0.4448613032699007 -0.0696403182440312 0
0.455211076020014 -0.08185054430527565 0
0.441184833168115 -0.09697039596800536 0
0.4521523673533957 -0.1083428852340891 0
0.4661786102052947 -0.0932230335713594 0
0.4777639058257428 -0.1037577860422824 0
-0.4260755467944388 2.350756678212914 0
-0.653467983358216 2.39380846092171 0
-0.7034654288767261 2.111214106723379 0
-0.4760729923129489 2.068162324014583 0
-0.5756627156294145 2.662808118154818 0
-0.8308629744034833 2.719454597828837 0
-0.9086682421322849 2.450454940595729 0
-1.191676323116645 2.520696117234973 0
-1.241673768635155 2.238101763036641 0
-0.9586656876507949 2.167860586397398 0
-0.9808553109590133 1.871671535233843 0
-0.7256550521849446 1.815025055559823 0
0.2420248103011843 0.1516866249928308 0
0.2628080677721075 0.1384536376153674 0
0.2745199056199553 0.154369797648781 0
0.253736648149032 0.1676027850262444 0
0.2542178695427049 0.1225384996607453 0
0.2804696856245856 0.1252196281591123 0
0.2921815234724333 0.141135788192526 0
0.2893533830862483 0.1702869797609863 0
5.477517911011689 -14.40454545800742 0
6.316833912948782 -15.14824014339557 0
7.101269751858261 -14.25413326661737 0
3.853766070165118 -14.55495764939747 0
4.678515641255524 -15.24791635875091 0
3.864946940652673 -16.04055128345968 0
5.517831643192617 -15.99161104413905 0
7.170716345732561 -15.94267080481843 0
-13.80734905930008 14.60025190822591 0
-14.62850596532011 13.59596342825291 0
-13.71589658952627 12.79901477476934 0
-14.71583736355179 15.42880924512694 0
-15.53699426957182 14.42452076515393 0
-15.45378394288226 12.56006626486244 0
3.083545569174583 -15.2180444002139 0
2.168859060417604 -15.85579612002262 0
2.446610205462938 -14.42087254797583 0
1.039454340760757 -14.28678744655418 0
1.531923696705959 -15.05862426778454 0
0.4727711801825358 -15.67104095658556 0
-2.90871703103498 16.05837838518608 0
-2.125869821656498 15.24451651899402 0
-1.207139913451325 15.86714721178984 0
-2.894136178163143 14.59931070720507 0
-1.493486163976544 14.45322977179509 0
-0.09283614978994531 14.30714883638511 0
-0.5747562557713709 15.07586046459091 0
0.4944372041323307 15.67591603839359 0
-6.217997949184992 15.89200723965683 0
-5.349864279565756 15.10579662993967 0
-4.563357490109986 15.97519281242145 0
-6.114022393257651 14.17088740938525 0
-5.268237399402291 13.45018983774073 0
-4.504079285710397 14.38509905829516 0
-3.680642967618913 13.72991452472329 0
-3.717572496254626 15.25449524077694 0
0.4289369578556037 -0.08327153022665404 0
0.4105002446665274 -0.0963212648926593 0
0.4227481199790387 -0.1100201306340106 0
0.4192014503178717 -0.07015414180192034 0
0.3935367213870636 -0.07055509759904717 0
0.4007631118025357 -0.08316625388100482 0
0.37981403083868 -0.09563451123039247 0
0.3895511637026717 -0.108789522242047 0
-1.89176050081905 -11.23646569860467 0
-1.44156544970839 -10.86159709396288 0
-1.857275771976442 -10.44069867032367 0
-1.011200428629911 -11.27215545845623 0
-1.006025097408158 -10.49706854846695 0
-1.000849766186405 -9.721981638477676 0
-1.42173541967621 -10.07617012482774 0
-1.822791043133834 -9.644931642042675 0
4.315562757923479 -4.30025021721042 0
3.926582535287873 -4.513510589869449 0
4.156212768392292 -4.90625804389378 0
4.545192991027898 -4.692997671234753 0
3.67244682750442 -4.137181456116292 0
3.30797207954785 -4.334023508504145 0
3.562107787331303 -4.710352642257301 0
3.222138514053766 -4.890776374373979 0
3.451768747158185 -5.283523828398311 0
3.791738020435721 -5.103100096281633 0
3.996862778861106 -5.512265870577142 0
4.361337526817676 -5.315423818189289 0
0.05303508327875752 0.09085675323917396 0
0.04334750101897367 0.07264316148574761 0
0.05940828091252611 0.06532072173148334 0
0.02620251670477528 0.07814903542304322 0
0.01770281444848674 0.06129909409149657 0
0.03488046013853577 0.05575875815503944 0
0.02753865470084794 0.04021293941335188 0
0.05083630453736015 0.04881614503119304 0
0.7400172305387873 0.09950108508937555 0
0.7274151361696818 0.11434148058942 0
0.7126724680850014 0.1000170102288795 0
0.7448942332869126 0.1284833347030772 0
0.7295557098852565 0.1435063464500048 0
0.7120766127680257 0.1293644923363476 0
0.6940016603338192 0.1445701203301585 0
0.6792589922491389 0.130245649969618 0
0.6973339446833454 0.1150400219758071 0
0.6853277056312155 0.1005329353683835 0
0.6528371769027392 -0.05583128663435927 0
0.6621300534027968 -0.07441866235039313 0
0.6755307506975267 -0.05842058481294151 0
0.6398160329393996 -0.06708679042289925 0
0.6364726892488028 -0.09224621940123265 0
0.6491106995865555 -0.0856938738798235 0
0.6580222326081248 -0.1090041156038786 0
0.6710415864243661 -0.09772890407444818 0
-1.548826121776604 2.65471516777612 0
-1.879708484265181 2.701900965673625 0
-1.854574867978286 2.33581088076906 0
-1.523692505489709 2.288625082871555 0
-1.90231237038336 3.121511749452278 0
-2.235724463040653 3.115176848475696 0
-2.213120576922475 2.695566064697044 0
-2.549062399748485 2.635710464846374 0
-2.52392878346159 2.269620379941809 0
-2.18798696063558 2.329475979792478 0
-2.160323614179968 2.016906593762 0
-1.826911521522675 2.023241494738582 0
-0.02958040518652803 -0.07935720638892485 0
-0.006335622587383349 -0.06521505402127332 0
-0.01173382363906542 -0.04444903477339212 0
-0.03520817950845812 -0.05869205105982406 0
0.004868534286064516 -0.08190971675813563 0
0.02470932853137926 -0.06983476631902935 0
0.0134965110564885 -0.05322103211471538 0
0.03004223638737265 -0.0430644454056046 0
0.00654359981713544 -0.03419341880912139 0
-0.01254130355696097 -0.01963010673978639 0
-0.1496665963764845 0.07685831335612918 0
-0.2063863855276616 0.06417951037744497 0
-0.1903235330884515 0.002144548563430739 0
-0.133629986839494 0.01481681563299185 0
-0.2135102949582755 0.1276092621201455 0
-0.2791838730960006 0.1135237758609603 0
-0.2720554850221245 0.05009547415180425 0
-0.3466659743969164 0.03460746801964328 0
-0.3305788123181823 -0.0274149677574714 0
-0.2559724477548446 -0.01193205451612504 0
-0.2309351679730902 -0.07255904662528853 0
-0.1652989084110078 -0.0584986219406459 0
1.682717766720701 0.04966661359359719 0
1.61126029261878 0.125052095657659 0
1.537324155917708 0.05858658184254111 0
1.60878163001963 -0.01679890022152065 0
1.686396981381443 0.1878251890565094 0
1.613738955217929 0.2669030915368386 0
1.538602266455265 0.204129998137988 0
1.464743688230158 0.2869003210345846 0
1.464666129754194 0.1376644843228702 0
1.46458857127823 -0.01157135238884411 0
0.09095199102684035 -9.242426726015079 0
-0.4632177663142814 -8.847085303577312 0
-0.7479196537379682 -9.319819250976291 0
0.929823635791649 -9.165034201053865 0
0.422267060583648 -8.782992180217121 0
0.8001953122735768 -8.336857036020186 0
0.246025554932455 -7.941515613582419 0
-0.1319026967574737 -8.387650757779356 0
-0.7326856362317165 -7.979009933740567 0
-1.064000705788524 -8.438444479538525 0
-0.6848992585113038 1.198267794941478 0
-0.8764323579034767 1.266800163321901 0
-0.9406061036698632 1.009755105612314 0
-0.7490730042776903 0.9412227372318904 0
-0.7952638075843963 1.525060212535455 0
-1.003791711529263 1.592377589411911 0
-1.084960261848344 1.334117540198357 0
-1.310482970345905 1.400219925570847 0
-1.374656716112291 1.14317486786126 0
-1.14913400761473 1.07707248248877 0
-1.196312948828423 0.8212424162831491 0
-0.9877850448835557 0.7539250394066925 0
-6.208895045237609 4.226464545432254 0
-6.245052575214936 3.603698823382089 0
-5.66968162494447 3.594931546084563 0
-6.748108465530749 4.857997544779945 0
-6.789028720429148 4.283219945193993 0
-7.373925120541757 4.387963467419946 0
-6.825186250406474 3.660454223143828 0
-6.27644738027119 2.93294497886771 0
9.935136481262498 13.51111856240544 0
9.161158179904296 12.91250081976783 0
9.791520350147957 12.13737458805585 0
10.56549865150616 12.73599233069345 0
8.477469523076548 13.69540631376618 0
7.756817708302433 13.08900930884221 0
8.440506365130179 12.30610381484385 0
7.773181036940151 11.69192754763351 0
9.07086853537384 11.53097758313187 0
10.36855603380753 11.37002761863023 0
0.4953004299744688 0.4680738586048364 0
0.5204639503442839 0.4138410030221142 0
0.5726673163341248 0.428765644840659 0
0.5475037959643096 0.4829985004233812 0
0.4771389501502942 0.3920456670678376 0
0.4934241047242583 0.3446835056208473 0
0.5367491049182481 0.3664788415751239 0
0.5441558936963613 0.3259873742638655 0
0.5963592596862022 0.3409120160824103 0
0.588952470908089 0.3814034833936687 0
0.6500342026937809 0.3894574310764815 0
0.6337490481198167 0.4368195925234718 0
-1.789274056326935 3.443922248689516 0
-1.558462596591206 3.853242972400277 0
-1.922149396040815 4.129810131446431 0
-2.152960855776543 3.720489407735671 0
-1.209711179607329 3.621946665487835 0
-0.9639643374058697 3.985996537064882 0
-1.312715754389747 4.217292843977324 0
-1.052033529722555 4.536071863420658 0
-1.415720329172164 4.812639022466813 0
-1.676402553839355 4.493860003023479 0
-2.055024735754695 4.815698014203347 0
-2.300771577956155 4.451648142626299 0
-0.1722688704308505 -0.4780147246304289 0
-0.145796459226453 -0.4006709226697662 0
-0.2029686339914559 -0.3803211061930969 0
-0.2294367972774788 -0.4576641319610649 0
-0.09283058240118885 -0.4111631854363045 0
-0.06215081129787401 -0.3436733061235356 0
-0.1151193637994533 -0.3331815133646229 0
-0.08023763055336133 -0.2755473308727954 0
-0.1374195587201544 -0.2552000502902201 0
-0.1722985878603602 -0.3128336535533185 0
-0.233681867306907 -0.2826247494065312 0
-0.2643499162899501 -0.3501143446941455 0
0.676027925731418 0.3726913612015078 0
0.7177215664733541 0.3224559062672875 0
0.7709082355809083 0.3527034582741049 0
0.7292145948389723 0.4029389132083253 0
0.6743404287991138 0.2906138064574892 0
0.7062285381077358 0.2419728993262496 0
0.7496096757819761 0.2738149991360478 0
0.771692253657284 0.226768639807789 0
0.8027963448895303 0.3040625511428653 0
0.8339004361217767 0.3813564624779416 0
1.581037958313131 -1.681278668968126 0
1.761114386528115 -1.558254336819525 0
1.687207269492815 -1.390868688021043 0
1.507130841277831 -1.513893020169644 0
1.837449539193981 -1.691976256684714 0
2.0150979317784 -1.602615653469406 0
1.938762779112534 -1.468893733604217 0
2.113983136066388 -1.413196859322202 0
2.040076019031088 -1.24581121052372 0
1.864855662077234 -1.301508084805735 0
1.793376580672498 -1.100458707073961 0
1.615728188088079 -1.189819310289269 0
0.6584236359104165 -0.6055783835978092 0
0.7149925826808334 -0.5528806140333818 0
0.6586587928975389 -0.5035717675479164 0
0.602089846127122 -0.5562695371123438 0
0.777215021891446 -0.6064710000070967 0
0.8278953192345451 -0.5494916909544197 0
0.7656728800239325 -0.4959013049807048 0
0.8104645279397136 -0.4346404564397784 0
0.754130738156419 -0.3853316099543129 0
0.7093390902406379 -0.4465924584952394 0
0.6588939498846612 -0.4015651514980234 0
0.6082136525415622 -0.4585444605507004 0
4.460116011181394 -2.344047765592646 0
4.126988337821528 -2.589586165063001 0
4.419201144855982 -2.937896015764816 0
4.501030877506805 -1.750199515420477 0
4.21186751130216 -2.0171047012879 0
4.007583318578146 -1.711528423380224 0
3.674455645218279 -1.957066822850579 0
3.878739837942293 -2.262643100758256 0
3.501647857427206 -2.486814713831541 0
3.749896357306441 -2.813757778136287 0
0.03968646233963027 -0.06056263060060563 0
0.05331021960862557 -0.05078833243231891 0
0.03576645005843327 -0.08775309566177446 0
0.050721753555068 -0.07850457360389421 0
0.0631113759302437 -0.09688608501183259 0
0.07684224836372561 -0.0867368237142367 0
0.064469839903305 -0.06832340641295942 0
0.0769986408063581 -0.05723041945791807 0
0.8082076267973185 0.1170221982674585 0
0.8185819929505208 0.1017913486226929 0
0.8330689378834382 0.1147317199119463 0
0.8226945717302359 0.1299625695567119 0
0.8017981530726394 0.08745870002559181 0
0.8144694141708058 0.07362012768867401 0
0.8312532540486872 0.08795277628577516 0
0.8462214100918177 0.07550648125670513 0
0.860708355024735 0.08844685254595852 0
0.8457401989816045 0.1008931475750286 0
0.8579302489695577 0.1124412415564342 0
0.8452589878713913 0.126279813893352 0
-8.183812678558823 -4.285274510969622 0
-7.672217920167503 -4.52265009175964 0
-7.484539337469712 -3.673525978329649 0
-7.996134095861033 -3.436150397539631 0
-7.968174203016034 -5.406525134680388 0
-7.348301744473972 -5.60914978597965 0
-7.052345461625441 -4.725274743058903 0
-6.324195302932637 -4.89314846486741 0
-6.136516720234848 -4.044024351437418 0
-6.864666878927652 -3.876150629628912 0
-6.785265996380605 -3.061777445689676 0
-7.405138454922666 -2.859152794390414 0
10.65949131484053 -2.384597186343614 0
10.14791707328211 -3.038377910361451 0
10.74093110770225 -3.621059682602263 0
10.57805152197881 -1.148134690084965 0
10.09061578790205 -1.927154889318761 0
9.545878768445228 -1.594952067509867 0
9.034304526886807 -2.248732791527704 0
9.579041546343628 -2.580935613336598 0
9.043328797303548 -3.109476862138476 0
9.612204324242029 -3.566919159163329 0
-1.49834986864363 5.976175902447141 0
-1.766157806584732 5.693658277672236 0
-1.457035098907897 5.394407462456977 0
-1.189227160966795 5.676925087231882 0
-2.054489260606701 5.997467159122102 0
-2.343088452202668 5.71039146811259 0
-2.054756998180698 5.406582586662724 0
-2.36414744343153 5.114948829418605 0
-1.745634290503863 5.107331771447465 0
-1.127121137576197 5.099714713476325 0
-0.1527368584311393 2.969028287135822 0
-0.2575501062215717 2.763400722197328 0
-0.04425074460416129 2.658365761301347 0
0.06056250318627113 2.86399332623984 0
-0.4845498195083147 2.868898654462453 0
-0.3486630023426716 2.557310185889693 0
-0.2127761851770285 2.245721717316933 0
-0.1353636407252611 2.452275224993711 0
0.0642353692228167 2.347703235466872 0
0.1553482653439165 2.553793771774507 0
0.2670442281038907 -0.1277994449479392 0
0.2836147138385937 -0.1442279661568704 0
0.3021641973567414 -0.1298677398367389 0
0.2319242588510401 -0.1257311500591395 0
0.2487002066951016 -0.143700098556075 0
0.230561647395671 -0.1611411794522152 0
0.247132133130374 -0.1775697006611464 0
0.2652706924298046 -0.1601286197650063 0
0.2816357160551489 -0.1750167136859332 0
0.299979737463938 -0.1591160600777973 0
-1.259089112735141 -0.09110844756037217 0
-1.241573241356327 0.1087710910565235 0
-1.425616456083155 0.1566499545096793 0
-1.443132327461969 -0.04322958410721638 0
-1.098122049981992 0.05469960067697817 0
-1.040014155250685 0.2607717662202634 0
-1.18346534662502 0.3148432565998088 0
-1.084765428541221 0.5271080490694836 0
-1.268808643268048 0.5749869125226394 0
-1.367508561351848 0.3627221200529646 0
-1.592143799431168 0.4044083565797308 0
-1.650251694162475 0.1983361910364456 0
-0.3488734934212012 -3.11742013936645 0
-0.6674191105005127 -3.281647066237545 0
-0.4813717950965371 -3.581275061835276 0
-0.2163751917458653 -2.653565216897624 0
-0.5112649397690998 -2.830059785432382 0
-0.6500005170609215 -2.554967073161977 0
-0.9685461341402331 -2.719194000033072 0
-0.8298105568484113 -2.994286712303477 0
-1.1720120429838 -3.14624599751091 0
-1.009620596635901 -3.433606351444977 0
-3.114627195978101 11.37645092219774 0
-3.500590529364061 10.7937483033325 0
-2.930710403302315 10.37837328118853 0
-2.544747069916355 10.96107590005377 0
-4.084208402119026 11.16352834477879 0
-3.8728161160568 10.25664066516494 0
-3.302935989995055 9.841265643020975 0
-2.374568023933788 9.917403278346878 0
0.7709076918057134 0.09347989255748368 0
0.7580925214183822 0.1110542697088011 0
0.7893661004294467 0.1051783893339504 0
0.7953924564099873 0.1345965754187758 0
0.7765509300421155 0.1227527664852678 0
0.7633526419106459 0.1401818314795439 0
15.55128102935859 -4.758331923495001 0
16.21477936888469 -5.853393094027778 0
13.92052586013132 -4.479291872486054 0
14.59327410765955 -5.39900115223795 0
13.64451709396264 -5.864318490200018 0
14.30801543348875 -6.959379660732796 0
15.25677244718566 -6.494062322770727 0
15.91102087870964 -7.764475384084386 0
1.872486509371129 3.024055829672824 0
2.155642719344557 2.839455473881536 0
2.297887310816348 3.107848668207382 0
2.028774965762838 2.564656444368947 0
2.296554337846192 2.386461923764401 0
2.423422091427911 2.661260953276989 0
2.675824625621194 2.489472267859185 0
2.818069217092985 2.757865462185031 0
2.565666682899702 2.929654147602836 0
2.723288112261566 3.19164150674194 0
1.056382810987422 0.6397774204096009 0
0.9868760011600516 0.567444644922114 0
1.05457824669608 0.5084306237487722 0
1.124085056523451 0.5807633992362591 0
0.910444142867681 0.6234676568741172 0
0.8496669457966526 0.554125890607969 0
0.926098804089023 0.4981028786559658 0
0.8740512197743368 0.4317521216111562 0
0.941753465310365 0.3727381004378144 0
0.9938010496250512 0.4390888574826241 0
1.052773682404737 0.3770838270879437 0
1.113550879475766 0.4464255933540919 0
0.5375606227689891 -0.5995254678070152 0
0.4814594981115878 -0.6735732815717119 0
0.5657406461387439 -0.7514520117000982 0
0.6218417707961452 -0.6774041979354015 0
0.4146259824671638 -0.5883122526347144 0
0.3410772254270305 -0.6697423652080225 0
0.4079107410714544 -0.75500339414502 0
0.3169143516485891 -0.8438158055269395 0
0.4921918890986104 -0.8328821242734064 0
0.6674694265486319 -0.8219484430198732 0
-13.30611524418621 -8.849536447243599 0
-14.36216972333185 -9.672336708398307 0
-13.53695710708374 -10.78930588849965 0
-12.48090262793809 -9.966505627344944 0
-15.23558245589717 -8.542114722174283 0
-15.37002408616029 -10.50838977567569 0
-14.54481146991218 -11.62535895577704 0
-12.75994460715283 -11.89302226247832 0
1.113054373836745 -5.03951231336354 0
1.445345443045779 -4.748283752183494 0
1.15188738156291 -4.42335449661122 0
1.746180524390513 -5.089258736308311 0
2.07109457373768 -4.781984446575722 0
1.770259492392946 -4.441009462450904 0
2.087796521878247 -4.117689444165769 0
1.794338460395379 -3.792760188593495 0
1.476801430910078 -4.11608020687863 0
1.190720389289077 -3.8071966798589 0
16.0509382075334 -10.56557910633703 0
15.29246695570209 -11.78015951813211 0
15.76324612651666 -8.557624203430008 0
14.97346808637619 -9.892203280110595 0
13.86469117690981 -9.33882611876966 0
13.1062199250785 -10.55340653056475 0
14.21499683454488 -11.10678369190568 0
13.48783237102273 -12.20136543881527 0
14.14505253652341 8.810513124767549 0
15.24960757281952 9.638214357026754 0
14.43211721725848 10.76274632753873 0
13.32756218096236 9.935045095279527 0
16.12498023065833 8.498902954061496 0
16.29628030683788 10.48069502173924 0
15.47878995127683 11.60522699225121 0
13.67250916397519 11.87249886559742 0
15.05768249287078 7.622786436940709 0
15.94436393704147 6.354010911071629 0
13.10370331091253 8.015445445689004 0
14.0163332672599 6.827718757862161 0
13.0009325538257 6.113699916825853 0
13.8876139979964 4.844924390956773 0
14.90301471143059 5.558943231993082 0
15.76374764342461 4.209118868081765 0
-14.24468207279684 -7.710321150342891 0
-15.11228382720917 -6.457757171806771 0
-12.38617993528417 -8.13109155704762 0
-13.3247467638948 -6.991876260146912 0
-12.47577652919105 -6.386780051586348 0
-13.34337828360339 -5.134216073050227 0
-14.19234851830713 -5.739312281610792 0
-14.98898519852118 -4.373399621439259 0
1.666862817747024 1.342994883186114 0
1.814002273346847 1.244486319954745 0
1.948557342250096 1.391983594595021 0
1.801417886650273 1.490492157826389 0
1.68939287333073 1.135483579903031 0
1.826586660043421 0.9984804820830998 0
1.951196060059537 1.107483222134813 0
2.078444177885094 0.9319855897263196 0
2.212999246788343 1.079482864366596 0
2.085751128962786 1.254980496775089 0
2.230251866753168 1.440972306003928 0
2.093058080040478 1.577975403823859 0
5.663691569864421 6.302309114537419 0
6.424225114779286 6.060030146968057 0
6.72502968664746 6.882997315893029 0
5.964496141732594 7.125276283462391 0
6.161027287604616 5.313707499208245 0
7.147151915000648 5.741106658233535 0
8.133276542396679 6.168505817258826 0
7.447956486868822 6.564073827158508 0
7.786367803430501 7.46368551724864 0
7.063441003209139 7.782609005983162 0
-14.66524506945088 4.85408321812997 0
-15.33345498225452 5.947122345663642 0
-13.74927044279965 5.550076824813426 0
-13.51273224462064 7.183154644772122 0
-14.41748035560328 6.643115952347098 0
-15.07446375273832 7.892109994139203 0
0.2924008843774901 1.907851324055801 0
0.1275459160207703 2.034002814776113 0
0.02600149446200393 1.846453884805667 0
0.1908564628187238 1.720302394085355 0
0.2326277257409896 2.235079771046494 0
-0.04084644049740261 2.14662627919649 0
-0.3143206067357948 2.058172787346486 0
-0.1423908620561689 1.959077349226044 0
-0.2403978954534823 1.785056445555532 0
-0.07200553893530942 1.672432981135155 0
-1.312784113834033 -1.648893098355569 0
-1.294969948464875 -1.908120835321971 0
-0.9621783118915302 -1.813698746005795 0
-0.9799924772606882 -1.554471009039392 0
-1.676033926601966 -2.003278731701645 0
-1.609947419669062 -2.261770661604551 0
-1.228883441531971 -2.166612765224877 0
-1.11452459303532 -2.424368888064286 0
-0.7817329564619755 -2.32994679874811 0
-0.8960918049586261 -2.072190675908701 0
-0.6115725099490273 -1.978504393656022 0
-0.6776590168819315 -1.720012463753116 0
9.271310894460829 3.531475166378871 0
9.649067720650807 4.145943693065682 0
9.049167596083402 4.580313286400759 0
10.2279912382532 3.699450118075363 0
10.62672467140819 4.326042626417416 0
10.0478011538058 4.772536201407735 0
10.46751119392579 5.411252691405031 0
9.867611069358389 5.845622284740108 0
9.447901029238391 5.206905794742813 0
8.827024297705975 5.629151406422648 0
8.634261835152291 -3.461217726797332 0
8.04508147395023 -3.840297740208073 0
8.347936746939672 -4.448996644711127 0
8.937117108141731 -4.069916631300386 0
7.807103640433031 -3.303955385504271 0
7.153045839758728 -3.61067884911576 0
7.391023673275926 -4.147021203819562 0
6.672088433129381 -4.381388117631797 0
6.974943706118822 -4.990087022134851 0
7.693878946265368 -4.755720108322616 0
8.061611658727053 -5.436775562624923 0
8.715669459401356 -5.130052099013435 0
-8.835037887785989 -1.460662191710775 0
-8.853047589068547 -2.188243171248434 0
-8.120088171354327 -2.159907493050595 0
-8.102078470071769 -1.432326513512937 0
-9.639331499468904 -2.276218534308366 0
-9.604016708065325 -2.94415982898393 0
-8.817732797664968 -2.856184465923998 0
-8.729093513575252 -3.46448607573747 0
-8.084773379950748 -2.827848787726159 0
-7.440453246326244 -2.191211499714849 0
0.6963933080702236 -0.3554465880953021 0
0.6471130001944501 -0.3263211710809399 0
0.7831729741315597 -0.3384534417069428 0
0.7254355440453644 -0.3085684198479318 0
0.7460206578100836 -0.2609306467559129 0
0.6967403499343099 -0.2318052297415508 0
0.6761552361695908 -0.2794430028335697 0
0.6353320505042388 -0.2510771906638564 0
2.856004167297804 -1.161933343458089 0
3.050473821982989 -1.312457083510622 0
3.260193304183928 -1.076561609137282 0
3.065723649498743 -0.9260378690847495 0
2.814231708822629 -1.521380517682891 0
3.035223994467236 -1.698876297936494 0
3.271466107627595 -1.489952863764224 0
3.518981024231622 -1.694420684218896 0
3.728700506432561 -1.458525209845557 0
3.481185589828534 -1.254057389390885 0
3.664382441070052 -0.9911898748164759 0
3.443390155425446 -0.8136940945628734 0
2.375847985056175 -4.490477694387825 0
2.697884300713048 -4.225856476334958 0
2.409832837535121 -3.853068226112902 0
2.646616543895723 -4.836380410474851 0
2.968652859552597 -4.571759192421982 0
3.037203520708301 -3.988120792417119 0
1.759029594875386 -0.02434264704192759 0
1.837443068590514 0.0457448827684664 0
1.761131240435829 0.1197541434039912 0
1.915332465845499 -0.03420259285006493 0
1.992168370460327 0.04182315194333561 0
1.914278973205342 0.1217706275618669 0
1.98953730871987 0.203734587338274 0
1.913225480565185 0.2777438479737988 0
1.837967145050657 0.1957798881973917 0
1.763232885996272 0.26385093384991 0
-4.013873925418703 -4.162829736816866 0
-4.647010312983522 -4.408047557355925 0
-4.369929917884343 -4.893394118579492 0
-3.657817932953062 -3.43226535505424 0
-4.239696326996793 -3.676185311087592 0
-4.414260735053794 -3.188243020852611 0
-5.047397122618613 -3.433460841391669 0
-4.872832714561611 -3.921403131626651 0
-5.557227095647518 -4.167918816671417 0
-5.331404694069428 -4.654563242400691 0
12.35158263622977 -5.711211065318944 0
11.80127808336828 -4.984035601635125 0
11.0586481784969 -5.558103640437867 0
13.12210701248742 -5.1092153214404 0
12.57180245962593 -4.382039857756582 0
11.22307905912054 -4.284787843027108 0
-1.931734427356183 10.43866174472145 0
-1.459666231321462 10.95416427907391 0
-1.347956384253124 9.922003521411252 0
-0.8758881882184039 10.43750605576371 0
-1.28505113871502 -2.85370233696377 0
-1.568616780125939 -2.990492125316116 0
-1.455577684394719 -3.283035785863255 0
-1.431029597610107 -2.558877224994984 0
-1.893513061079981 -2.398560449956896 0
-1.714595239021026 -2.69566701334733 0
-1.965221517268078 -2.834738253121323 0
-1.819243058372991 -3.129563365090109 0
-0.1581643772526001 -0.1317431929261076 0
-0.1091244038303072 -0.1545764585284034 0
-0.09850223364377377 -0.1137064743294121 0
-0.1475366517409117 -0.09085734929793939 0
-0.1122443839269971 -0.2049113008870876 0
-0.07070607009397324 -0.2182563947380229 0
-0.06758254408497494 -0.1679281475897139 0
-0.03354690138107731 -0.1718075278994129 0
-0.02290985898423425 -0.1309563102732842 0
-0.05695137094498066 -0.127072679669729 0
-0.03881750823283918 -0.09570006540114449 0
-0.08039373577260076 -0.08230701850320994 0
0.3182236252796823 -0.1444096264966261 0
0.3367399197914203 -0.1280181259585607 0
0.3206804918684794 -0.1134762392986736 0
0.3157667586908853 -0.1753430136945786 0
0.3340106465066296 -0.1606365801134073 0
0.3495252610375832 -0.1785486006870825 0
0.3680415555493212 -0.1621571001490172 0
0.3525269410183676 -0.1442450795753419 0
0.3713156422260993 -0.1261685120803825 0
0.3555286209991519 -0.1099415584636013 0
-2.146440443994747 -0.3370767066868517 0
-1.86487779956753 -0.3490842850570299 0
-1.898346069078611 -0.06937025782520304 0
-1.795439014310518 -0.6455169224416379 0
-1.549846885629231 -0.6408058906590351 0
-1.619285670886243 -0.3443732532744271 0
-1.409664057950888 -0.3229436113390433 0
-1.652753940397325 -0.06465922604260022 0
3.883783109347553 -0.7690767856157444 0
4.148947941465392 -0.5570128296287629 0
3.92870523756369 -0.3226081543917793 0
3.663540405445852 -0.5346721103787608 0
4.386902511265065 -0.7921859422433626 0
4.634355477484931 -0.5793535488787648 0
4.396400907685257 -0.3441804362641651 0
4.62614200800715 -0.1305796055219512 0
4.405899304105449 0.1038250697150324 0
4.176158203783556 -0.1097757610271815 0
3.973627365779827 0.123860476832186 0
3.726174399559962 -0.08897191653241179 0
0.4490708972663787 0.1622227384656305 0
0.4636168753116042 0.1439620580338152 0
0.4820434395625851 0.1582137310133177 0
0.4674974615173596 0.176474411445133 0
0.4479422064829549 0.1292832736194451 0
0.4754109579344983 0.1261284890368675 0
0.5028797093860415 0.1229737044542898 0
0.4938375221854792 0.14038016201637 0
0.5150159818587916 0.154204723561005 0
0.5032218992358977 0.1720382925579527 0
-8.9666219809259 -13.52518669406516 0
-8.191922028676133 -12.92566408036226 0
-8.840987918238888 -12.14752972928178 0
-9.615687870488653 -12.74705234298468 0
-7.496085849830289 -13.71236716588292 0
-6.768156186863612 -13.10427581773983 0
-7.463992365709458 -12.31757273221917 0
-6.782832992025871 -11.70091264963589 0
-8.113058255272211 -11.5394383811387 0
-9.443283518518552 -11.3779641126415 0
7.809502472258617 -11.42630348498877 0
8.251723141399976 -12.11235439839868 0
9.037540094736947 -11.48044784798799 0
8.595319425595587 -10.79439693457809 0
7.314198460700279 -12.74867749334082 0
7.908126857204364 -13.43031186221926 0
8.845651537904061 -12.79398876727712 0
9.59128766177087 -13.47120659162411 0
10.37710461510784 -12.83930004121342 0
9.631468491241032 -12.16208221686643 0
10.26557771721528 -11.53459221098721 0
9.671649320711193 -10.85295784210876 0
-0.5046212165301329 -0.2869845221695418 0
-0.4810394747309841 -0.3638590908302398 0
-0.4051839302279151 -0.3108705727465704 0
-0.4287661751730772 -0.2339961880115206 0
-0.5583712417851822 -0.4345233111671364 0
-0.5333226807342561 -0.4937209570801689 0
-0.4559877929048063 -0.4230574447242894 0
-0.429462746095246 -0.4645785855149912 0
-0.3536024860382381 -0.4115900925556286 0
-0.3801283920920105 -0.370067654068501 0
-0.3057404398857815 -0.334756921235972 0
-0.3307990992667559 -0.2755595026108685 0
0.7330212311905464 8.876345144028205 0
1.263332231914902 8.360723387499585 0
1.687265272459909 8.830316969424755 0
0.3226299441968168 8.405886008897792 0
0.4560914114787202 7.418939564033513 0
0.8529409449211722 7.89026425236917 0
1.36971019209425 7.37550804904579 0
1.78010147908798 7.845967184176205 0
-0.04444693454078726 0.4768569623368238 0
-0.07782157537020686 0.4106533472337284 0
-0.02173356625241319 0.3831540000441098 0
0.01164219584615987 0.4493566019717418 0
-0.1398888199729578 0.4340199530509651 0
-0.1052218771137246 0.3485826605263355 0
-0.07056363528240688 0.2631489141563511 0
-0.04913584958268223 0.321085825676407 0
0.0009718483274840691 0.2894548585915758 0
0.02837474416107427 0.351521474265348 0
-3.06482002908242 -0.613428441774044 0
-3.383427476444906 -0.7109219756467925 0
-3.273421314164607 -1.091870048472694 0
-2.954813866802121 -0.9943765145999449 0
-3.430485737070897 -0.3191942001823803 0
-3.812041086087691 -0.42746743669364 0
-3.764982825461699 -0.8191952121580522 0
-4.2094860761328 -0.9382481513078234 0
-4.099479913852502 -1.319196224133724 0
-3.6549766631814 -1.200143284983953 0
-3.482022599246794 -1.570311655171343 0
-3.10046725023 -1.462038418660083 0
0.9290507114146864 1.570887555828416 0
0.782934589567158 1.663320280331754 0
0.7122819988293367 1.5065951182127 0
0.8583981206768653 1.414162393709362 0
0.8669272971680204 1.836001533555279 0
0.7074710584574506 1.912478166954147 0
0.6234783508565882 1.739796913730622 0
0.4506819952829771 1.800317456025019 0
0.380029404545156 1.643592293905964 0
0.5528257601187669 1.583071751611568 0
0.4955132862439871 1.442302680596983 0
0.6549695249545568 1.365826047198116 0
7.308601213005455 -5.796848450426904 0
7.667772764956554 -6.660005665612373 0
8.420783210678152 -6.299932777810392 0
6.196419215332757 -5.293764123043417 0
6.530076722219388 -6.10052555133547 0
5.726038186368854 -6.34780686535062 0
6.085209738319953 -7.210964080536089 0
6.889248274170487 -6.963682766520939 0
7.273933871186055 -7.883235768599823 0
8.052458361972121 -7.579558667691257 0
0.9986890979099763 0.1710607246535196 0
0.9720196881092918 0.1471443896328757 0
0.9991640500854819 0.125181605956095 0
1.025833459886166 0.149097940976739 0
0.9417186761083176 0.1692067843053859 0
0.9182059163324174 0.1451908382890124 0
0.9485069283333917 0.1231284436165021 0
0.9281508185822758 0.09901288660439889 0
0.955295180558466 0.07705010292761821 0
0.9756512903095818 0.1011656599397214 0
0.9996390022609877 0.07930248725867034 0
1.023151762036888 0.1033184332750439 0
2.437531182408801 1.660769528909515 0
2.598685511494939 1.884358297200274 0
2.367042760127497 2.023615726336958 0
2.205888431041358 1.800026958046198 0
2.834837193755241 1.738874533083356 0
2.991482591948519 1.968689636354351 0
2.755330909688217 2.11417340047127 0
2.907467376988636 2.350214838722502 0
2.523688158320775 2.253430829607953 0
2.139908939652914 2.156646820493405 0
5.330746030957507 -1.464278464986764 0
4.992127372794127 -1.226140205331638 0
4.720431545784307 -1.528086426219745 0
5.590165249187423 -1.10514503399714 0
5.498689200474056 -0.4506861332508706 0
5.251546591024043 -0.8670067743420133 0
4.925204541640566 -0.6860557247884046 0
4.66578532341065 -1.04518915577803 0
-0.6610860605714761 -4.138830558169538 0
-1.061265847795661 -4.321184102064921 0
-0.8408003260464149 -4.696386054503801 0
-0.8507527465093664 -3.778688505115058 0
-1.409800383860086 -3.61595989534036 0
-1.250932533733551 -3.961042049010441 0
-1.681911156769091 -4.128335693521423 0
-1.492244470831201 -4.488477746575903 0
-0.7062706440309121 3.72773449361034 0
-0.4912100607917702 4.002294642478093 0
-0.7489037541667278 4.260556685932634 0
-0.2789524495976824 3.761285733057031 0
-0.01845578417767064 4.018592747891303 0
-0.2307133953717585 4.259601657312365 0
0.07521935222912315 4.499655538113156 0
-0.1824743411458346 4.757917581567698 0
-0.4884070887467162 4.517863700766907 0
-0.7915368643025437 4.793378878254931 0
-8.445865520227997 5.221840850406807 0
-7.843811227937449 5.172960481730069 0
-7.711643043042592 5.909077127363456 0
-8.313697335333142 5.957957496040192 0
-7.939844138774173 4.509244569295566 0
-7.277892209705033 5.051679379854449 0
-6.615940280635893 5.594114190413332 0
-7.145724024810177 5.787796025487836 0
-6.977420565857187 6.596313404320106 0
-7.543339584089603 6.717594506195725 0
0.8957015283683182 -0.07343736492412647 0
0.9118897645551737 -0.08838047413730414 0
0.8667570426760652 -0.07261427791075539 0
0.8805865045207805 -0.08675902082077987 0
0.8631127063311026 -0.09928231041428007 0
0.8793009425179581 -0.1142254196274577 0
0.896774740707636 -0.1017021300339575 0
0.9153217512366316 -0.1174436055502884 0
10.61206857694419 0.4692415882123082 0
10.0744704766199 0.0004447956943548492 0
10.57637070163729 -0.7322500514280155 0
10.64776645225108 1.670733227852632 0
10.1062044208017 1.080882590050098 0
9.596376333534131 1.571469746603307 0
9.058778233209839 1.102672954085353 0
9.568606320477411 0.6120857975321443 0
9.034972151278204 0.2643428502987716 0
9.54083630742069 -0.347298151539018 0
-4.652216572756016 -13.81940008708314 0
-5.261218339683719 -14.56117200527186 0
-4.416251978550176 -15.30398748264126 0
-3.807250211622473 -14.56221556445254 0
-6.057950713773661 -13.81043829688891 0
-6.715186467744966 -14.56012844609119 0
-5.918454093655025 -15.31086215447413 0
-6.623923834669933 -16.06847053468996 0
-5.073487732521482 -16.05367763184354 0
-3.52305163037303 -16.03888472899713 0
5.649661444967452 13.78970836101509 0
6.255328997807744 14.53910544929354 0
5.411680323363546 15.28349371507239 0
4.806012770523253 14.53409662679394 0
7.048977844311533 13.7882695799694 0
7.704645225092235 14.54411427179314 0
6.910996378588445 15.29495014111728 0
7.616663587309556 16.05724243648631 0
6.067347704144247 16.03933840689613 0
4.518031820978939 16.02143437730596 0
8.854929569948998 -15.91048320146026 0
7.977924257628641 -15.09448862283265 0
9.661786675295101 -15.08666179706216 0
8.784781362974744 -14.27066721843455 0
-8.218301410884461 -14.40014289078935 0
-7.437402028799138 -15.24790417099762 0
-8.973095783982515 -15.11511353221172 0
-8.192196401897192 -15.96287481241998 0
0.1315034820585901 -0.1038220474178953 0
0.1120608426982607 -0.1239203615033554 0
0.1312398894651645 -0.1464791075207819 0
0.1506801234853405 -0.1263853438144331 0
0.09502234779270233 -0.1022475209774832 0
0.07342976318340433 -0.1214594044899983 0
0.09047031237843688 -0.1431322498297107 0
0.06673580284221986 -0.1614612176899475 0
0.1096540985768922 -0.1656900329122033 0
0.1525622140526749 -0.1699252684806262 0
-3.297956976413131 -13.68292098567014 0
-2.812545541295636 -12.96482609935432 0
-3.548834964062166 -12.46187136061823 0
-4.034246399179661 -13.17996624693405 0
-1.995171924745005 -13.40100099264993 0
-1.590844683411611 -12.74968595177459 0
-2.408218299962242 -12.31351105847898 0
-2.08497525241295 -11.72897586304412 0
-3.144507722728773 -11.81055631974289 0
-4.204040193044595 -11.89213677644165 0
4.016640782305765 -3.882993601735155 0
3.711171592405431 -3.475469617126289 0
3.366977637604085 -3.729657471507426 0
4.666303927007444 -4.036329731962883 0
4.36738195138973 -3.619073116487618 0
4.724670334756316 -3.34542000037368 0
4.061912761489396 -3.211549131878752 0
3.399155188222475 -3.077678263383824 0
2.812819689020116 0.9546147691315903 0
2.612094356597902 0.7749813346430368 0
2.787628748142755 0.600632002158987 0
2.988354080564968 0.7802654366475406 0
2.407188520877326 0.9173636854091498 0
2.235834632630837 0.769697232638533 0
2.440740468351413 0.6273148818724199 0
2.298758024280648 0.5116154108197399 0
2.4742924158255 0.3372660783356901 0
2.616274859896265 0.4529655493883702 0
2.762437807265393 0.2466492351863837 0
2.933791695511883 0.3943156879570006 0
9.197563908240863 14.38663818102732 0
8.42473961025655 15.23534613905428 0
9.952910018367856 15.10468170888339 0
9.180085720383543 15.95338966691035 0
13.41989805923653 2.840524728535776 0
12.6823099386587 3.39894447266657 0
12.23828852274052 2.538328926687324 0
13.10633080326703 4.388726344441444 0
12.38874323399907 4.81797976277661 0
11.96472236939073 3.828197891001736 0
11.26713535143261 4.128284983541275 0
10.82311393551443 3.267669437562029 0
11.52070095347255 2.967582345022491 0
11.05667898624451 2.236133124838873 0
2.148118418634582 -9.369952114716103 0
1.928451937802161 -9.898589891877222 0
2.577851764278724 -10.27955614879614 0
2.797518245111146 -9.750918371635024 0
1.379131337911984 -9.509399227285837 0
1.608706230383353 -10.4354520767108 0
2.258106056859916 -10.81641833362972 0
3.327330817341674 -10.6522979980426 0
-11.8915446379776 -5.53911722068941 0
-11.2926818860073 -4.821589680733679 0
-11.972790888609 -4.045205655466955 0
-12.5716536405793 -4.762733195422687 0
-10.63348426164382 -5.588103064356809 0
-10.01371013143529 -4.880446166044671 0
-10.67290775579876 -4.113932782421541 0
-10.03222224735201 -3.416146525752997 0
-11.35301675840046 -3.337548757154818 0
-12.67381126944892 -3.258950988556639 0
0.2773609815085435 0.5851148129252409 0
0.2089297164043846 0.6689989702937039 0
0.1306162085231591 0.5775094271375689 0
0.1990474736273179 0.4936252697691059 0
0.3034723536363146 0.7711940307112758 0
0.2188119591814514 0.8443726708183019 0
0.1242693219495214 0.74217761040073 0
0.02337979814395369 0.8046507332463195 0
-0.05493370973727185 0.7131611900901845 0
0.04595581406829584 0.6506880672445952 0
-0.0161285644622253 0.5699040413498969 0
0.06853182999263796 0.4967254012428707 0
4.165083882240351 -1.018189515297253 0
4.443966694385935 -1.27119272883192 0
3.945683213962849 -1.240302604497984 0
4.224566026108434 -1.493305818032651 0
-10.21592661705108 11.36972559476494 0
-10.96536870360102 10.50948061102065 0
-10.0753234716371 9.579211102873785 0
-11.11290344292887 12.22293113768132 0
-12.76625394927048 12.13882773162294 0
-11.86234552947882 11.36268615393703 0
-12.60485602211489 10.57950513542322 0
-11.7078791962371 9.726299592506839 0
0.4675704981678586 -0.1205052035325044 0
0.4864190479109455 -0.1319473133142529 0
0.4966124555688298 -0.115199895824031 0
0.4385285407668872 -0.1258105112409777 0
0.45394667158135 -0.1379728295393929 0
0.4368924260662173 -0.1561606640629482 0
0.4557409758093043 -0.1676027738446968 0
0.472795221324437 -0.1494149393211415 0
0.4950741899961482 -0.1601368405862234 0
0.5086980165826567 -0.1426692145793348 0
-8.731277395718426 14.96275558768389 0
-7.917176649421259 15.84069143330692 0
-7.835199992350854 14.13061423328563 0
-7.021099246053689 15.00855007890866 0
0.7170224578501302 0.4641257977067317 0
0.7038586202248316 0.5382565159377464 0
0.620585210494518 0.5109503107544864 0
0.7973240251552504 0.5649171159731609 0
0.7739681923298463 0.6396934393520207 0
0.6805027873994275 0.6130328393166062 0
0.6469549593739181 0.6884547678433114 0
0.5636815496436045 0.6611485626600515 0
0.5972293776691139 0.5857266341333462 0
0.5241479631389055 0.5577748238022411 0
5.141849015031951 1.322506994712503 0
4.732302126084847 1.521821301874068 0
4.562300614927326 1.181038139373121 0
5.721397415136577 1.463975850051885 0
5.341212991766461 1.713099225113653 0
5.569939434077957 2.153500523415006 0
5.160392545130854 2.35281483057657 0
4.931666102819356 1.912413532275217 0
4.492756748295266 2.061918771536578 0
4.293392771560756 1.671326541135429 0
2.421292328875328 -0.3045491737480025 0
2.293615797387158 -0.2255636091256158 0
2.181716674434595 -0.3415195934438007 0
2.309393205922765 -0.4205051580661874 0
2.388846254975253 -0.1200398745795661 0
2.277838388851551 -0.03062206018504436 0
2.182607931263456 -0.1361457947310941 0
2.088268730504221 -0.03629573056443719 0
1.976369607551658 -0.152251714882622 0
2.070708808310893 -0.2521017790492789 0
1.942141019993861 -0.3784900131395988 0
2.053148886117564 -0.4679078275341206 0
0.1973861205687764 0.3500148735858737 0
0.169773086187848 0.3981354564274672 0
0.1128821969186384 0.3507684171993717 0
0.1404953421131087 0.302648529310494 0
0.2419992103691065 0.4447215090264428 0
0.1268218071074951 0.4470391316749756 0
0.06993131244088849 0.3996715095073682 0
0.0713250809709991 0.3026207837402209 0
-12.57608441654327 9.057052120514669 0
-11.93546914551592 8.252381368961998 0
-11.06726392520974 8.921628840954169 0
-12.67993913255562 7.571468686897278 0
-11.41858910775502 7.45937582748188 0
-10.15723908295442 7.347282968066482 0
-10.55038388744885 8.12862329947405 0
-9.558443433876203 8.786205561393666 0
-4.568297757154797 4.186293113885705 0
-4.069735124768032 4.204360011757988 0
-5.044214845198386 3.637138492606007 0
-4.504665670333119 3.633688107598679 0
-4.40004704103294 3.059565818432042 0
-3.901484408646173 3.077632716304324 0
-4.006103037946353 3.65175500547096 0
-3.548526948038089 3.691339186222852 0
4.292827721494771 13.64789400861144 0
3.821090218402174 12.91355011678947 0
4.579272474718016 12.40734221870025 0
5.051009977810612 13.14168611052222 0
2.978476673893488 13.36282652275846 0
2.591170458993738 12.68541412305672 0
3.433784003502424 12.23613771708774 0
3.130909076795517 11.61565680950624 0
3.889091333111359 11.10944891141703 0
4.191966259818265 11.72992981899852 0
4.865717227941261 11.16679042878907 0
5.253023442841011 11.8442028284908 0
10.02896631125871 2.119691775977756 0
9.433843613997482 2.551472456491089 0
10.43787884525214 2.685091672963997 0
9.842756147990913 3.11687235347733 0
-4.956556092415014 1.51524038018558 0
-4.500336495504412 1.466791530671594 0
-4.424277491429541 1.973573056493626 0
-4.880497088340142 2.022021906007613 0
-4.573651467638138 1.000849045433146 0
-4.12017590266868 0.9115611553355747 0
-4.046860930534953 1.377503640574022 0
-3.59612939750664 1.247376709892865 0
-3.520070393431768 1.754158235714897 0
-3.970801926460082 1.884285166396054 0
-3.891998890444066 2.431905732801672 0
-4.345474455413525 2.521193622899244 0
0.9805256618315734 0.7118456758246818 0
0.9008841055335686 0.791356873414031 0
0.8308025865696762 0.7029788544634664 0
1.054391587937622 0.792780752600978 0
1.052400364887821 0.9457840847923553 0
0.9747500316396167 0.8722919501903272 0
0.8913240681994561 0.9592460899539448 0
0.8174581420934079 0.8783110131776486 0
0.6755426467518159 0.1712202627240464 0
0.6561041512419639 0.1913805097960136 0
0.6399629849820896 0.1657403839076692 0
0.6594014804919417 0.145580136835702 0
0.6741786691392464 0.2234567736316688 0
0.652806821991986 0.2371808827563253 0
0.6347323040947035 0.2051046189206702 0
0.6114271053100346 0.2123925900980161 0
0.5952859390501604 0.1867524642096716 0
0.6185911378348292 0.1794644930323257 0
0.6043833232123634 0.1602605050912919 0
0.6257551703596238 0.1465363959666353 0
-1.049506877374357 -5.377160249488263 0
-1.532836685831848 -5.599690489525829 0
-1.2582134287023 -6.057934444472726 0
-1.288627160903155 -4.928184763535178 0
-1.771956969360646 -5.150715003572744 0
-2.051669467890091 -5.812952260569583 0
1.761900996650878 -6.41231575081971 0
1.433869719238089 -6.773137354448929 0
1.836278151638292 -7.131126899661092 0
2.164309429051081 -6.770305296031873 0
1.049153418258258 -6.399907294264479 0
0.7034300094250961 -6.775969412865985 0
1.088146310404927 -7.149199473050435 0
0.7247307701513925 -7.540502106624226 0
1.127139202551596 -7.898491651836389 0
1.49055474280513 -7.507189018262598 0
1.910655306625706 -7.849938048502475 0
2.256378715458868 -7.473875929900969 0
1.456976126320026 -3.555097278457603 0
1.175535611736015 -3.290034802628575 0
2.004672377934988 -3.568060352885334 0
1.667310043859636 -3.330397442749442 0
1.821722141907904 -3.133097172734416 0
1.540281627323892 -2.868034696905388 0
1.385869529275624 -3.065334966920414 0
1.160350834182954 -2.77287292539825 0
1.060528606124547 0.1728506498185907 0
1.081789329825629 0.2098928052044681 0
1.037324812065032 0.2304339570978587 0
1.01606408836395 0.1933918017119814 0
1.12723720075203 0.1745765598005993 0
1.147514571287309 0.2263938086969547 0
1.102066700360909 0.2617100541008236 0
1.121360717730385 0.3283023965076571 0
1.076896199969788 0.3488435484010478 0
1.057602182600311 0.2822512059942142 0
1.014121018005517 0.2880172643771267 0
0.9938436474702375 0.2362000154807712 0
1.045488328654941 -0.1086902262256134 0
1.080004067767982 -0.09356917011122863 0
1.064268776621806 -0.0610430833560344 0
1.029753037508765 -0.07616413947041914 0
1.095083396130735 -0.1256896359203084 0
1.130255098027199 -0.1109742007520381 0
1.115175769664446 -0.07885373494295836 0
1.151003434344333 -0.06454392072080256 0
1.135268143198157 -0.03201783396560834 0
1.09944047851827 -0.04632764818776414 0
1.083049224588672 -0.01339594048645545 0
1.047877522692208 -0.02811137565472572 0
-0.1232589740312058 -1.301980503483639 0
0.02715141928672306 -1.219773134785879 0
-0.04454876826756347 -1.096548164957469 0
-0.1949591615854923 -1.178755533655229 0
0.1127392499621281 -1.347840260712261 0
0.1636741694835333 -1.132723609990146 0
0.2146090890049385 -0.9176069592680318 0
0.09197398192924679 -1.009498640161737 0
0.03416143749607879 -0.8911158264312995 0
-0.1023613127007315 -0.978165351227032 0
-0.1240971776798289 -6.705363919319559 0
0.2751194622259074 -7.140949648589322 0
-0.9516243647847539 -6.634758425773132 0
-0.6028023928987665 -7.106377426277753 0
-1.131902276137453 -7.543424204470805 0
-0.2035857529930301 -7.541963155547515 0
0.6572258562416455 -0.2156099374989454 0
0.623562892411742 -0.1997799189463808 0
0.6016690866743353 -0.2352471721112919 0
0.7127826258089556 -0.1959727028865988 0
0.6732681321162912 -0.1797774106439934 0
0.6834588781281757 -0.1435796100990006 0
0.6497959142982723 -0.1277495915464361 0
0.6396051682863877 -0.1639473920914289 0
0.6117937343192454 -0.1484826472289053 0
0.5957514584445998 -0.1843151740838572 0
-0.3550268114075881 -0.2035824659643245 0
-0.3796744460885363 -0.1307103612046766 0
-0.4534113342289036 -0.1611254015712076 0
-0.2566296439427494 -0.2460418274155862 0
-0.2808617027017106 -0.1740657045464866 0
-0.206280276422225 -0.1454449467924517 0
-0.3055147335762977 -0.1011872939000647 0
-0.404740382953826 -0.05694335470687213 0
3.109337849092093 7.414539805125058 0
2.812611214472574 6.936753790802552 0
3.359160402119963 6.455398613086986 0
3.655887036739481 6.933184627409492 0
2.254125671298707 7.374041462742973 0
1.969335392205668 6.940322954195612 0
2.527820935379535 6.503035282255192 0
2.254967011812974 6.113384279482977 0
2.801516199460363 5.632029101767412 0
3.074370123026924 6.021680104539626 0
3.608982955147834 5.496257421048913 0
3.893773234240873 5.929975929596273 0
-5.023740975972316 1.051891742159829 0
-5.082812259876698 0.5865933384734424 0
-4.632722751542522 0.5355506417467596 0
-5.414759200402108 1.568232842572899 0
-5.48194408395941 1.104884204547148 0
-5.948260791599421 1.159826432595102 0
-6.007332075503805 0.6945280289087152 0
-5.541015367863793 0.639585800860761 0
-5.591973052115259 0.1723376315137383 0
-5.133769944128165 0.1193451691264197 0
-1.112954749550955 -0.08636515405838252 0
-0.9742093397104581 -0.09398970908558528 0
-0.9593766401414952 0.04707504564977541 0
-1.266532858960415 -0.2198053537665404 0
-1.120398495776229 -0.2150620602645508 0
-1.120453288657812 -0.3313911179415266 0
-0.9817078788173152 -0.3390156729687294 0
-0.9816530859357315 -0.2226866152917535 0
-0.8502966294389238 -0.2426790188481487 0
-0.8428528832136504 -0.1139821126419805 0
0.04948827990259124 0.2083058385322431 0
0.01595569013989836 0.2281471649245469 0
-0.002595523285732382 0.186685308285907 0
0.03093973616722432 0.1668518429887422 0
0.04098882575543278 0.2711708815865588 0
-0.02406200867849353 0.246428941825811 0
-0.08911310991309095 0.2216764128063975 0
-0.04261277410215308 0.2049580726134137 0
-0.05468180604503294 0.1650451166207076 0
-0.01466716154192263 0.146784326629711 0
1.294853535417261 0.5795349553719167 0
1.360077012839506 0.4917766137734454 0
1.465622014311072 0.5783065115075742 0
1.199237649612908 0.5063218687879321 0
1.17877435689801 0.3586672517556206 0
1.264461127035152 0.4185635271894609 0
1.319755488790185 0.3174883744408453 0
1.415371374594538 0.3907014610248298 0
-1.54576084536404 1.991024655976646 0
-1.263742108509486 1.940501336141733 0
-1.849847922092925 1.743947548916651 0
-1.56869724593429 1.711730710154715 0
-1.592501707200459 1.45074324540576 0
-1.286678509079736 1.661207390319802 0
-7.546745263952658 -6.483587270526241 0
-6.762014777257168 -6.618802551191546 0
-6.563571257778481 -5.744365066644955 0
-6.919525861368697 -7.516460918507184 0
-6.175727810040364 -7.628455316403443 0
-6.018216725928834 -6.730796949087805 0
-5.315351109967658 -6.819570464215019 0
-5.116907590488971 -5.945132979668427 0
-5.819773206450147 -5.856359464541214 0
-5.580397251604303 -5.005142862763669 0
0.8526157861900332 0.1773226694987121 0
0.865645057317511 0.1536406510019905 0
0.8990603978911085 0.1573194696139073 0
0.806171174488958 0.1973258693835169 0
0.8271605108030756 0.1682037028129803 0
0.8096653006027581 0.1536445880534335 0
0.8401897819305534 0.1445216843162587 0
0.8707142632583489 0.1353987805790838 0
0.2901755242752544 0.9577973516407463 0
0.1673386038567887 1.034694415684757 0
0.09597503876298565 0.9212697348623123 0
0.2374704934253629 1.144924775713653 0
0.1158652485321261 1.225016160551212 0
0.04573335896355189 1.114785800522315 0
-0.07464021040445605 1.198071506153423 0
-0.1460037754982591 1.084646825330978 0
-0.02563020613025117 1.001361119699871 0
-0.09822544674928313 0.8847421180838784 0
0.3960144122925439 0.2529455436510234 0
0.4148077270572798 0.2776534086743389 0
0.3895041037471935 0.2994455044360441 0
0.3707107889824577 0.2747376394127287 0
0.4359071263842258 0.2550363235379985 0
0.4589046651321018 0.280569177935949 0
0.4378052658051557 0.3031862630722895 0
0.4650070285361718 0.3295441068448751 0
0.4397034052260856 0.3513362026065804 0
0.4125016424950695 0.3249783588339947 0
0.3829937952018432 0.345945465221065 0
0.3599962564539672 0.3204126108231143 0
0.1332828876224756 0.2393970848878335 0
0.1029499126520545 0.2079506434784669 0
0.1260716390889998 0.1761470486235388 0
0.1049237667372385 0.271072559010112 0
0.07458829156000291 0.2396245506414204 0
0.0778518120143461 0.1766354246352923 0
-3.036909688960161 -6.862219251540275 0
-3.227348627566465 -6.282217117273353 0
-3.836539945678294 -6.463383834649052 0
-3.64610100707199 -7.043385968915974 0
-2.644568221309378 -6.081047196258766 0
-3.391376654318027 -5.722218186645319 0
-4.138185087326677 -5.363389177031872 0
-4.000567972429856 -5.903384904021018 0
-4.636170202396428 -6.064548417757829 0
-4.472142175644866 -6.624547348385862 0
-2.735145649116319 -0.9090326262704672 0
-2.4339630246465 -0.9159639711193552 0
-2.440793046555533 -0.6230546664786596 0
-2.741975671025352 -0.6161233216297716 0
-2.441462597172593 -1.20600675367165 0
-2.125950378267648 -1.215804620608939 0
-2.118450805741555 -0.9257618380566441 0
-1.788608992401485 -0.9384262270823338 0
-2.125280827650588 -0.6328525334159484 0
-2.461952662899692 -0.327278839749563 0
-1.49150722912952 -6.934726792316356 0
-2.084405982548807 -7.20282172800554 0
-1.72480102955674 -7.811519140159987 0
-1.798096293047066 -6.35790281101595 0
-2.390995046466353 -6.625997746705133 0
-2.730320625042614 -7.439043232840682 0
0.1438334872855045 -0.8194727077598249 0
0.08042467271184574 -0.723486491321236 0
-0.02924737707757999 -0.7951296099927105 0
0.2461387499291551 -0.7456815540187326 0
0.2776684108533717 -0.5737561487694336 0
0.1827299353554963 -0.6496953375801436 0
0.1266879079276127 -0.5558571562111725 0
0.02438264528396213 -0.6296483099522647 0
-0.6810360279887151 0.4122466604827593 0
-0.5947248338785058 0.3682920761565487 0
-0.5434977337993356 0.4731527416974181 0
-0.629808927909545 0.5171073260236287 0
-0.6419049829339371 0.2633022669727282 0
-0.5596407398474665 0.2194768262894688 0
-0.5124605907920354 0.3244666354732893 0
-0.4342432987293038 0.280770338432981 0
-0.3830161986501337 0.3856310039738504 0
-0.4612334907128652 0.4293273010141587 0
-0.4059594396099562 0.5340588229120771 0
-0.4882236826964267 0.5778842635953364 0
-0.02678983850281762 -0.2043919600447824 0
0.01138247424974618 -0.1893866356120007 0
0.004627733785867697 -0.1568084771804745 0
-0.05820132740265485 -0.2519820746396754 0
-0.01428572092714403 -0.238113377546899 0
0.003966214777801507 -0.2729675734955908 0
0.0238828789826103 -0.2231052559607028 0
0.04380502698527557 -0.173244039277781 0
0.2113375070347686 -0.1446159501036404 0
0.191561930724173 -0.1655332239664207 0
0.2107860710850754 -0.1820584533149955 0
0.2118889429844618 -0.1071734468922853 0
0.1913021911681903 -0.1260582469367862 0
0.1704556997959361 -0.1054680699516528 0
0.1715266148575947 -0.1469755207995666 0
0.1725975299192532 -0.1884829716474803 0
-3.090248993011488 -0.3199319931644468 0
-3.098285570938216 -0.02447845768118831 0
-3.438522314997625 -0.02374066469912187 0
-2.76740463495442 -0.3226268730201743 0
-2.775441212881148 -0.02717333753691586 0
-3.088929762862604 0.2729321646757312 0
9.405010867530837 -4.680349709300804 0
10.08009808363114 -4.177352237163747 0
9.197817410819646 -5.793780259438281 0
9.887158818949128 -5.34407786972565 0
10.3835609623966 -6.061101112574924 0
10.56224603504943 -4.841080397588593 0
0.4542989232370727 0.2367344028332953 0
0.4715111654616289 0.2146418912128174 0
0.4927371116304544 0.230716859360024 0
0.4755248694058982 0.2528093709805019 0
0.4511898028510846 0.1980397815369139 0
0.4878188241279039 0.1930765211210366 0
0.5244478454047231 0.1881132607051593 0
0.5090447702967293 0.2091514892682431 0
0.5311753000238362 0.2246993158867526 0
0.5148676413575612 0.2462646859785335 0
0.5567001892072031 1.275413121251929 0
0.6414711557899143 1.207414733858489 0
0.7397404915372681 1.297827659804676 0
0.5635901134348039 1.1429236158708 0
0.6279727866252717 1.049003420518862 0
0.7058538289803821 1.113494538506551 0
0.7498482087786064 0.9936525351961136 0
0.8481175445259601 1.084065461142301 0
0.8041231647277358 1.203907464452738 0
0.922780793867333 1.320242198357424 0
-6.510161718400903 0.7608947430757679 0
-6.576657258448921 0.2971542668951783 0
-6.073827615551822 0.2307875527281257 0
-7.100461980806555 0.3714377740148961 0
-7.145982441394038 -0.1002194951183588 0
-6.622177719036404 -0.1745030022380766 0
-6.64672310016335 -0.6540770643239966 0
-6.143893457266251 -0.7204437784910492 0
-6.119348076139304 -0.2408697164051292 0
-5.637493512702742 -0.2993196376195165 0
0.8750121771337027 -0.1570303780226071 0
0.8970077100497091 -0.1367658758732915 0
0.8707234117494476 -0.1998353364177565 0
0.8964004363945377 -0.1786286024421285 0
0.9214701873844565 -0.1992845950353375 0
0.9434657203004629 -0.1790200928860219 0
0.9183959693105441 -0.1583641002928129 0
0.9367100104974666 -0.1390418299698098 0
0.04313540975496442 -0.1104916691539737 0
0.05345554428832983 -0.1350645356417708 0
0.01282050373766699 -0.09953279360185897 0
0.02019388853081354 -0.1222771700401011 0
-0.00570429726354571 -0.1322337892175079 0
0.03052240236526243 -0.1468471629166233 0
0.5843407751183227 0.1652347526527945 0
0.5753150373920187 0.1429898617618549 0
0.5953575854860595 0.1380156142003522 0
0.5733239647505859 0.1924538911052368 0
0.562378800818748 0.1709361795483597 0
0.5384974003136397 0.1773647857779873 0
0.5294716625873357 0.1551198948870477 0
0.5533530630924441 0.14869128865742 0
0.546246751571674 0.1257192184324179 0
0.5682087258712485 0.1200177915368527 0
-4.189979014203558 0.51472076369606 0
-3.779349108833153 0.4439102453182264 0
-3.709545997298274 0.8407506369577409 0
-3.805538732111277 0.05685553497432108 0
-3.412332691719501 0.3633140456447834 0
-3.019126651327725 0.6697725563152458 0
-3.342529580184622 0.760154437284298 0
-3.229112980392988 1.166780510219422 0
2.915557477209763 -0.2614252628203008 0
2.785673687332539 -0.1334510590481639 0
2.668424903042546 -0.2829872182841516 0
2.798308692919769 -0.4109614220562886 0
2.909526161060147 0.04708545480105339 0
2.773038681745309 0.1440593039599609 0
2.6491862080177 -0.03647720988925637 0
2.506095039265247 0.02949628465642166 0
2.531937423727707 -0.1860133691252442 0
2.557779808190166 -0.40152302290691 0
-2.514289288886532 -1.439837705701719 0
-2.626733098824035 -1.716982589960838 0
-2.297824321584533 -1.838133134381971 0
-2.185380511647031 -1.560988250122852 0
-2.953625724258138 -1.610525482360675 0
-3.068085686001039 -1.872976929798825 0
-2.741193060566937 -1.979434037398989 0
-2.857669174115238 -2.22719204801617 0
-2.528760396875737 -2.348342592437302 0
-2.412284283327435 -2.100584581820121 0
-2.081359354282534 -2.236428563062223 0
-1.966899392539632 -1.973977115624073 0
1.171734835372637 1.012899417635523 0
1.129260660434115 1.115597772232079 0
1.009926189949299 1.048482439388912 0
1.249327479653906 1.160592088483447 0
1.20612095598041 1.285411459671803 0
1.086054136760619 1.240417143420435 0
1.042115264352149 1.387357531200591 0
0.9667196662758029 1.173301810577268 0
2.320905673554047 -1.414141622885273 0
2.51413006314101 -1.362640361616396 0
2.407252807046353 -1.152398944281024 0
2.21402841745939 -1.203900205549901 0
2.635865544241378 -1.605449944158619 0
2.692496227722262 -1.278570935140668 0
2.749126911203147 -0.951691926122717 0
2.585618971627605 -1.068329517805296 0
2.493599940538658 -0.890656265676776 0
2.315233775957406 -0.974725692152504 0
1.379992298834698 1.28751645163747 0
1.401391161043898 1.43621021573826 0
1.227519818189611 1.434105223772592 0
1.563729292915013 1.393672507097593 0
1.596661366107388 1.587008971804717 0
1.434323234236273 1.629546680445384 0
1.478788518411821 1.867525845758842 0
1.304917175557533 1.865420853793175 0
1.260451891381985 1.627441688479716 0
1.075047337544524 1.580693995907715 0
1.411549767869333 -6.070680023115552 0
1.081103896047501 -5.719709803814009 0
1.754040760520695 -5.750787243564011 0
1.423594888698864 -5.399817024262467 0
-1.49047518972179 2.982309182962244 0
-1.377436875665365 3.304719682199483 0
-1.133325391061831 2.848290132421098 0
-0.7178246603470585 3.041865097066075 0
-1.020287077005406 3.170700631658335 0
-0.8525613809473708 3.487927614946688 0
-0.4276438474398113 -0.6932933122609535 0
-0.5606086363642733 -0.7129007538272543 0
-0.5715563806078039 -0.8650162694927752 0
-0.4385915916833421 -0.8454088279264744 0
-0.5327163811824446 -0.5699591993288231 0
-0.6826256810452043 -0.5803926797280342 0
-0.710517936227033 -0.7233342342264655 0
-0.8773717470280906 -0.7245937534585871 0
-0.8883194912716212 -0.8767092691241081 0
-0.7214656804705637 -0.8754497498919864 0
-0.7154689137757966 -1.036739226724597 0
-0.5655596139130368 -1.026305746325386 0
5.982987478144283 -4.670503213356733 0
5.370806103180326 -4.993380897139085 0
5.5842378403688 -5.616641806825768 0
5.085742974803432 -4.478024136290568 0
4.830256119404792 -5.20835443208327 0
4.57476926400615 -5.938684727875973 0
5.043687856593266 -5.831615341769954 0
5.185488202593319 -6.562780400294805 0
2.339883183458827 -3.068110739047664 0
2.539745068944866 -3.331357822125437 0
2.869519185840651 -3.072894501215744 0
2.669657300354611 -2.809647418137971 0
2.177392725118629 -3.546398208323084 0
2.772185181361357 -3.638027839915255 0
3.101959298257142 -3.379564519005562 0
3.166715075805984 -2.771008245594005 0
-0.41372176138442 -0.9715080759547302 0
-0.2704764521920368 -0.9117870895767533 0
-0.2953462824909588 -0.7856878415484974 0
-0.5320972402778813 -1.157328310360963 0
-0.3802593877492645 -1.102530639990308 0
-0.3382044707778756 -1.238476520033206 0
-0.2370140785568813 -1.042809653612331 0
-0.135823686335887 -0.8471427871914547 0
9.235301953439693 6.328662452995387 0
8.541554198130397 6.868016863831564 0
10.33732736448271 6.488819088731949 0
9.705018248564011 6.971859256987226 0
10.23617318307893 7.558741818398168 0
9.011270493254715 7.511213667823404 0
-0.5397708785267503 5.082683371895305 0
-0.8753551518004039 5.3890192071167 0
0.04757938052269685 5.065652030314286 0
-0.3097171568582189 5.390417820641893 0
-0.1013756992969495 5.716582224494694 0
-0.4369599725706032 6.022918059716089 0
-0.6453014301318725 5.696753655863288 0
-0.9591734392982638 5.984659535978469 0
-5.493436592535232 -11.79652471303877 0
-4.783231119445281 -12.50268719218785 0
-6.111406766111588 -12.43595855318786 0
-5.401201293021636 -13.14212103233694 0
4.006463881240169 7.275244212787577 0
4.459136632530295 7.624863724315113 0
3.979460573007999 8.226530434702516 0
3.526787821717874 7.87691092317498 0
4.945503767742938 6.956154685730528 0
5.391485443342715 7.372816525455246 0
4.905118308130072 8.04152556403983 0
5.344408908039502 8.525229731961726 0
4.864732848517207 9.126896442349132 0
4.425442248607776 8.643192274427234 0
3.952457264775829 9.177816656617455 0
3.506475589176051 8.761154816892738 0
4.247502671527819 5.059274013353297 0
4.839806614731681 4.969634411230906 0
4.95559712069612 5.680791563945358 0
4.363293177492258 5.770431166067749 0
4.717075348600318 4.321078878680563 0
5.316320051971104 4.168837656394063 0
5.439051318102467 4.817393188944404 0
6.045236781640178 4.602550346493793 0
5.554841824066906 5.528550341658857 0
5.064446866493634 6.454550336823919 0
-5.215550494676726 -7.458260427041348 0
-4.372341560353934 -7.263237311212192 0
-4.998781498344947 -8.121778616334739 0
-3.82183518664953 -8.615101916266035 0
-4.155572564022155 -7.926755500505583 0
-3.429332010740211 -7.706904158209365 0
3.880795919432592 1.160921893187287 0
3.73627335625066 1.403474550368175 0
3.45044746205417 1.167666942612232 0
3.594970025236102 0.9251142854313439 0
4.066224539729179 1.66462112574015 0
3.877576687265219 1.881834815305006 0
3.547625503786701 1.62068823993303 0
3.314852362040714 1.812562961881853 0
3.029026467844223 1.57675535412591 0
3.261799609590211 1.384880632177087 0
3.020099004675748 1.174411992037177 0
3.208746857139708 0.9571983024723216 0
11.06526241163382 -11.98455609074774 0
11.68589882114689 -11.04399937077598 0
10.88621412672834 -10.59403549101545 0
11.93246849306529 -12.52033274001435 0
12.55310490257835 -11.57977602004259 0
12.23901384364704 -10.01762988129814 0
1.032434102877503 -0.1970664895383822 0
1.055265383653271 -0.1873110431208847 0
1.038961215766222 -0.1528783578819978 0
1.016129934990453 -0.1626338042994953 0
1.068083011935996 -0.2243030047353364 0
1.09440083231609 -0.2119882819422741 0
1.081583204033365 -0.1749963203278224 0
1.111387564017785 -0.1601223211591953 0
1.065279036146316 -0.1405636350889355 0
1.019170508274847 -0.1210049490186757 0
1.599244951842077 -0.5538923023344838 0
1.671233583647094 -0.4652153959721426 0
1.555430932706439 -0.413205923763114 0
1.483442300901422 -0.5018828301254553 0
1.816432801424001 -0.5123702089568861 0
1.859024866392767 -0.4285479618188298 0
1.71382564861586 -0.3813931488340862 0
1.727021146748375 -0.3024255609203147 0
1.611218495807719 -0.2504160887112862 0
1.598022997675205 -0.3293836766250577 0
1.5116169135708 -0.2725195451917442 0
1.469024848602035 -0.3563417923298006 0
6.616512326290038 2.879524042496977 0
6.318686078496725 2.371914013879762 0
6.76960647512218 2.082717475727303 0
5.868311071129112 2.625349920896703 0
6.020314441445572 1.900064616398065 0
6.471234838071027 1.610868078245606 0
2.887311081222685 -0.8405774726670101 0
2.773717802061458 -0.6813266740895028 0
2.635533632041919 -0.7924411275452097 0
2.908152450597275 -0.5573129053096553 0
2.663874044383951 -0.5349751908361361 0
2.419595638170628 -0.5126374763626169 0
2.525689874364413 -0.6460896442918431 0
2.383756182861152 -0.7443047824234095 0
0.8409944219059591 -2.101331014610692 0
1.047563159115489 -2.228437847305628 0
1.168174841680544 -1.966097306171916 0
0.9616061044710145 -1.838990473476979 0
0.9272550990436426 -2.517305031300018 0
1.133520213759962 -2.617885221134276 0
1.253828273831808 -2.329018037139886 0
1.459789766054918 -2.403071584113467 0
1.580401448619974 -2.140731042979755 0
1.374439956396864 -2.066677496006174 0
1.495355261455129 -1.830863597733139 0
1.289090146738809 -1.730283407898881 0
-1.656511780837392 1.240478120663209 0
-1.74451527677782 1.005035769394874 0
-1.46266021205272 0.9077325165929244 0
-2.041878143003724 1.113152174688998 0
-1.817010971217446 0.7587802656343645 0
-1.535155906492346 0.6614770128324148 0
-15.2381601688072 10.59748398790517 0
-14.48606602031998 11.76545932813018 0
-15.02253639473215 8.634901710947897 0
-14.28851752855142 9.937296944758762 0
-13.35695017060211 9.411529795198209 0
-13.53642338006419 11.10527228498377 0
2.981256171083703 3.316971539193489 0
3.220175749185059 3.508835273177916 0
2.893727687039424 3.850000748789419 0
3.591973393559396 3.133855559539678 0
3.785543389432049 3.359533531550842 0
3.413745745057712 3.73451324518908 0
3.561966158701662 3.99400545522698 0
3.235518096556027 4.335170930838482 0
3.087297682912077 4.075678720800582 0
2.806199202995145 4.383029958385348 0
2.359963008746041 -8.194303074734446 0
2.793371111305694 -8.504040886761203 0
3.10165535123891 -8.0718339750468 0
2.668247248679257 -7.762096163020042 0
2.475062308912602 -8.931586730532306 0
2.918494973932131 -9.245985610502366 0
3.236803776325225 -8.818439766731263 0
3.690261003804632 -9.137499714644626 0
3.545088016258441 -8.386232855016861 0
3.399915028712249 -7.634965995389092 0
-4.953005454559582 2.519690388959105 0
-5.578472234305666 2.477483442437661 0
-5.505963868086226 1.979814959486169 0
-5.007578040178997 3.058062584491903 0
-5.633044819925081 3.015855637970459 0
-6.221874794651775 2.394572783334912 0
0.4206915243066328 0.1268603789813059 0
0.4024986934463375 0.1414256158122796 0
0.3934408421303106 0.1244374843431666 0
0.4331705990652237 0.1443105426324517 0
0.4308780664060834 0.1767879752966042 0
0.4149777682049284 0.1588757794634255 0
0.3933637139020691 0.1729789841123663 0
0.3808846391434781 0.1555288204612204 0
6.346775254819253 -2.419838551058735 0
6.71238743565799 -2.105193281451517 0
6.337022055298407 -3.079409415184681 0
6.696922179368267 -2.787096214978751 0
7.041357047148404 -3.176685948300054 0
7.406969227987141 -2.862040678692837 0
7.062534360207005 -2.472450945371532 0
7.433858597814621 -2.135473606363027 0
0.7962782936229147 -0.9415460246582006 0
0.9233707086952245 -0.8886634029675533 0
0.8539575346114565 -0.7695121295338697 0
0.7268651195391467 -0.822394751224517 0
1.008268372018993 -1.036196942850384 0
1.034978634527534 -0.8073985148277595 0
1.061688897036074 -0.5786000868051353 0
0.9655654604437658 -0.6882472413940758 0
0.9116367755999986 -0.5974782344095386 0
0.8000288497676893 -0.6787431225493326 0
0.4338009534079892 -0.4438793940237914 0
0.4564780796166428 -0.4944678579819173 0
0.5210073029747756 -0.451211927287246 0
0.3800394260134972 -0.5364302280403065 0
0.4910646360703095 -0.5463498825763252 0
0.5555938594284423 -0.503093951881654 0
-11.16970615454543 -6.31002681744792 0
-10.39985767280141 -6.955197336400602 0
-9.863635779899807 -6.233273583309492 0
-11.75393804575888 -7.157689648344856 0
-11.61633145354015 -8.776262076000302 0
-10.98408956401486 -7.802860167297538 0
-10.166231083959 -8.322291608444393 0
-9.581999192745553 -7.474628777547457 0
-0.7755994770269679 6.354101048828779 0
-1.235555567670299 6.685944288937351 0
-1.419129529941595 6.316502776087042 0
-0.1320694241123407 6.391699321570517 0
-0.4707089285687054 6.722882310683207 0
-0.04450179392347679 7.091003321541756 0
-0.9306650192120363 7.05472555079178 0
-1.816828244500596 7.018447780041802 0
6.513102239890581 11.76806518806215 0
5.805262375899682 12.46732545918935 0
7.111753707047422 12.41608743855502 0
6.403913843056523 13.11534770968222 0
2.956326865822687 -7.365426535142667 0
2.544458332602298 -7.077206302023594 0
3.656275016186506 -7.256977140384365 0
3.212686853296945 -6.987437680137941 0
3.43732721110203 -6.628129598005861 0
2.800818320076556 -6.699217447018867 0
3.544746173209098 0.1507438386960047 0
3.317850280310055 -0.02094323086567917 0
3.499278506660919 -0.2606589860940957 0
3.119255726393259 0.1844751553064886 0
3.108120714976943 -0.1583329313711144 0
3.096985703560627 -0.5011410180487172 0
3.289548941327808 -0.3980486865995309 0
3.453810840112741 -0.672061810884196 0
-8.032410051869771 1.362239510665108 0
-7.46446328457881 1.169993943061855 0
-7.260517821060102 1.776304544505561 0
-7.607878091962846 0.5718860298780095 0
-6.95704717342252 0.9695456871987416 0
-6.306216254882195 1.367205344519474 0
-6.753101709903812 1.575856288642447 0
-6.488625590250432 2.190369578346014 0
1.136163688280853 -0.1912657894467572 0
1.173584759238006 -0.1634426605273019 0
1.148808634974938 -0.13229919223974 0
1.123518741586768 -0.2502323866537743 0
1.165281597551531 -0.2295098941582574 0
1.198741291829819 -0.274854635293696 0
1.236162362786973 -0.2470315063742408 0
1.202702668508684 -0.2016867652388022 0
1.235781954458227 -0.1667629998954085 0
1.206664045187549 -0.1285188951839083 0
0.238910349424248 1.364925640952693 0
0.153360855675425 1.472659277318283 0
0.03031575478330306 1.332749796916802 0
0.2944950922719096 1.617799947357867 0
0.04972222622223915 1.575161724045771 0
-0.1950506398274313 1.532523500733674 0
-0.07332287466988273 1.435252243644289 0
-0.1782788398576418 1.30057395288091 0
3.34946532264786 0.3609961962388932 0
3.164001291766484 0.5708367288894052 0
3.765138949783838 0.3276767045207858 0
3.5698580992226 0.5379290620636743 0
3.780434056117478 0.7152737527808319 0
3.384394068341223 0.7477695947141862 0
3.920774298943594 10.14363278401724 0
4.385201974556361 10.64167888994811 0
4.400797362616466 9.648797329638231 0
4.865225038229234 10.1468434355691 0
0.6332193871105893 -1.905647960433928 0
0.4727838817285644 -2.116983477002637 0
0.6805589165239341 -2.312666531179401 0
0.3039299946575335 -1.930255868769728 0
0.1045733415511698 -2.132635939394583 0
0.2734272286222008 -2.319363547627492 0
0.03514942779149847 -2.512788172308492 0
0.4812022634175706 -2.515046601804255 0
0.9298266800037578 -0.3398530600231729 0
0.9120163321544624 -0.4112400299590351 0
0.995757788519916 -0.4592265734141541 0
1.013568136369211 -0.3878396034782918 0
0.8444416481961178 -0.3647609127960295 0
0.8780392118980582 -0.4811195736027841 0
0.9617806682635117 -0.529106117057903 0
1.095666017292479 -0.5087205431613864 0
2.3620223435453 0.07480470623107487 0
2.261279311696563 0.1637406955033245 0
2.177095357002814 0.05831392908720523 0
2.340820594585469 0.2799845686839205 0
2.244720234541576 0.3581034511916933 0
2.16517895165267 0.2418595780110973 0
2.07372126341362 0.3091613537543932 0
2.08099499695892 0.136432811594978 0
0.6118574722411014 2.908419551894944 0
0.4784987241525519 2.658140939375457 0
0.6682904348726377 2.512209494456919 0
0.5554245096095654 3.304629609332969 0
0.4092814950123126 3.025680829155918 0
0.1939212512748207 3.114271938759327 0
0.2759227469237631 2.775402216636431 0
0.3579242425727054 2.436532494513534 0
2.014105249575253 1.915569519147796 0
1.901274898574373 1.693517964925457 0
1.935152419110028 2.253163634471733 0
1.809348729032367 2.012086333126124 0
1.591618869412701 2.089577399981181 0
1.696518378031487 1.790034778903785 0
10.99133571608265 10.25686349947911 0
11.84805910738494 10.65253635695488 0
11.22527942510983 11.765700476106 0
12.43383769833151 9.39649997324009 0
12.74178359001579 11.19108147899432 0
12.11900390774067 12.30424559814544 0
3.542509865277967 2.083308542647491 0
3.219140095185772 2.239435217119989 0
4.093537138607415 2.19792744894063 0
3.758470316620163 2.399401176283115 0
3.9627337160673 2.760840862788725 0
3.639363945975106 2.916967537261224 0
3.435100546527968 2.555527850755614 0
3.123427828330832 2.666307472358126 0
1.649755162625388 -2.450652469867036 0
1.834376728780472 -2.5751189226799 0
1.950407652638026 -2.380750860075958 0
1.765786086482942 -2.256284407263094 0
1.70341640347137 -2.760627878394984 0
1.902967371078002 -2.893953438096707 0
2.033927696387104 -2.708444482381624 0
2.248408065445284 -2.850629148972205 0
2.364438989302839 -2.656261086368263 0
2.149958620244658 -2.514076419777681 0
2.251060142650664 -2.310849250284881 0
2.051509175044032 -2.177523690583158 0
0.2126399002640718 -0.5113026891455112 0
0.1675018374942856 -0.4465192619294743 0
0.08154984515782648 -0.4910737289951356 0
0.3437299553703171 -0.5315316492958869 0
0.2787014447810173 -0.4690781896719646 0
0.3248725414784491 -0.4291836577905327 0
0.2797344787086629 -0.3644002305744958 0
0.2335633820112311 -0.4042947624559277 0
0.2083157670609586 -0.3371813676477762 0
0.1422542225440131 -0.3794058671213227 0
-10.10315641648281 -10.27087682554699 0
-10.96209307322832 -10.67223486999322 0
-10.30222017526407 -11.77932215708773 0
-11.59530656438142 -9.425790481701169 0
-11.847689136785 -11.212950015637 0
-11.18781623882074 -12.3200373027315 0
-4.222381918815106 0.05404160252655976 0
-4.22888427279152 -0.4302813691414014 0
-4.665125656154069 0.07487148057725929 0
-5.140272298104579 -0.3649778025415415 0
-4.671628010130482 -0.4094514910907019 0
-4.652229813471763 -0.9174182732571239 0
11.02831513520902 5.756100081022699 0
11.66912995915421 6.301259502778901 0
10.97814218842789 7.033978510488151 0
12.30913649525787 5.360584795270418 0
12.36092601772204 7.054374624334335 0
12.41271554018622 8.748164453398253 0
11.66993824699573 7.787093632043586 0
10.92796924164677 8.311856939953604 0
-2.253338617886202 6.348439661099483 0
-2.568797007884447 6.655803551007604 0
-2.909542497967656 6.26322982437915 0
-2.594084107969411 5.955865934471029 0
-2.094897940482131 7.029093408379283 0
-3.0174089752018 6.982451310172499 0
-3.939920009921468 6.935809211965715 0
-3.358154465285009 6.589877583544046 0
-3.565746378049109 6.178019987658817 0
-3.117134410731757 5.851372228493921 0
0.4805402341865485 0.6266348753779243 0
0.4007544723237245 0.5714448183637411 0
0.4443622012760816 0.5025847667880577 0
0.5167182670970155 0.7506849839677908 0
0.4335769516399596 0.7161712966856637 0
0.3832581154991386 0.8263840877254591 0
0.3537911897771355 0.6609812396714804 0
0.3243242640551325 0.4955783916175016 0
0.7154947701026718 -0.06787884837627431 0
0.7017180850322206 -0.08865609006233781 0
0.7186160957778973 -0.1003421137327311 0
0.7011347912009411 -0.05392340940657099 0
0.6873563033387636 -0.07468224708907462 0
0.685403368117823 -0.1117027470477114 0
1.555234553679177 -0.199647144289932 0
1.488102742424515 -0.1420454487902941 0
1.444485102316138 -0.2149178496921064 0
1.665984005042216 -0.1843764388877576 0
1.610000062913675 -0.1336074944664034 0
1.675913441274292 -0.07440059572115848 0
1.542868251659012 -0.07600579896676557 0
1.409823062043734 -0.07761100221237269 0
2.422359851643063 1.289066607159332 0
2.629639167298696 1.508863830064919 0
2.616549125732046 1.126947428201886 0
2.823828441387678 1.346744651107473 0
0.4207025122843418 -0.1417798922676471 0
0.4024669908077693 -0.1591588821059827 0
0.4186569045896448 -0.1735396539012837 0
0.4049220914964933 -0.1259895116606801 0
0.3866865700199208 -0.1433685014990156 0
0.3838219763371697 -0.1779474807559843 0
0.4130808599501534 0.1946603431769917 0
0.3946890630973065 0.2129622638816948 0
0.3749719170492222 0.1912809048170694 0
0.4333925963951546 0.2159121494173014 0
0.4150007995423077 0.2342140701220045 0
0.3757026758475427 0.2316937374107137 0
1.648180259384272 0.9418232053833541 0
1.699891676780031 0.8185166855362321 0
1.87829807743918 0.8751739622359779 0
1.54322497590765 0.7620137596270823 0
1.573196693516642 0.6385528889893644 0
1.729863394389024 0.6950558148985142 0
1.73809541221125 0.5714405934702003 0
1.916501812870398 0.6280978701699461 0
1.908269795048172 0.7517130915982599 0
2.108415895494087 0.8085247190886017 0
10.25310781134058 -10.27894773305909 0
9.712982317766235 -9.62980388936362 0
9.131523827136848 -10.20381399841329 0
10.33969489748375 -9.072366607429078 0
9.754315314821277 -8.406649936618475 0
9.127602735103762 -8.964087218553017 0
8.496969063353163 -8.281797720627285 0
7.915510572723775 -8.855807829676955 0
8.546144244474375 -9.538097327602687 0
8.009939842933116 -10.12868026376749 0
-0.5954102317696134 3.298316574036396 0
-0.4491194948531547 3.538123452700049 0
-0.3621353909308695 3.125350131432774 0
-0.00644612151468057 3.208835165799473 0
-0.2158446540144108 3.365157010096426 0
-0.04567760875893855 3.588319290453409 0
0.6878807466650441 2.212343830705533 0
0.5625842298333283 2.010891107238494 0
0.5295996357595572 2.319877698736315 0
0.4043031189278413 2.118424975269276 0
0.983729447455834 0.02546878048784226 0
1.001708558527439 0.0225923509535858 0
1.007161286805502 0.0423845208096349 0
0.9891821757338961 0.04526095034389135 0
0.994576482485278 0.009329593495947421 0
1.014234941320982 -7.624843671975184e-05 0
1.021367017363144 0.01318650902091863 0
1.042704823962947 -0.002748745310159255 0
1.048157552241009 0.01704342454588984 0
1.026819745641206 0.03297867887696773 0
1.030593126155169 0.05930026113142755 0
1.010934667319464 0.06870610306409472 0
0.7239468058574512 -1.492860686032137 0
0.8823263711492224 -1.564697879214614 0
0.9614262031192012 -1.362242478134726 0
0.8030466378274301 -1.290405284952248 0
0.7732249908438953 -1.759849566188064 0
1.070707484776342 -1.643838786503529 0
1.368189978708788 -1.527828006818992 0
1.149807316746321 -1.44138338542364 0
1.198905600380951 -1.231624270237314 0
1.010524486753832 -1.152483362948399 0
-0.3316573656610994 0.6524019904009748 0
-0.2843639939051865 0.7998322819529466 0
-0.4232091693051772 0.862352737373987 0
-0.47050254106109 0.714922445822015 0
-0.1601099768035632 0.7406605064405438 0
-0.2224794638509064 0.9439138935962812 0
-0.2848489508982497 1.147167280752019 0
-0.3613246392508971 1.006434349017322 0
-0.5147609729492549 1.072303484346999 0
-0.576645503003535 0.9282218727036645 0
1.580079160509809 -8.265580055377317 0
2.029386862630144 -8.609945081609288 0
1.25313527023179 -8.703945439561114 0
1.702442972352125 -9.048310465793085 0
-5.336274884967398 -2.298654762598048 0
-4.911361678679757 -2.358574363967434 0
-4.815293287442556 -1.890426027683213 0
-5.240206493730196 -1.830506426313828 0
-4.97374638572524 -2.810372823367214 0
-4.582516863629319 -2.886642301621039 0
-4.520132156583838 -2.43484384222126 0
-4.162586318679637 -2.527463197359527 0
-4.066517927442435 -2.059314861075307 0
-4.424063765346636 -1.96669550593704 0
-4.294311689917715 -1.482197292768379 0
-4.685541212013636 -1.405927814514553 0
3.066956381657714 4.660361148810977 0
2.803857701227754 5.007529530076379 0
3.590812240750243 4.590523957971202 0
3.42225052585193 4.915714175943697 0
3.872081635577794 5.14908903978351 0
3.15915184542197 5.2628825572091 0
-15.31245181504171 -1.652941065006797 0
-14.64957376919931 -0.522309393321315 0
-15.04006401295599 -3.621508518006235 0
-14.39541750302104 -2.340786891359568 0
-13.49661472690782 -2.878542762751155 0
-13.73253945717865 -1.210155219674086 0
-3.12618526980704 -2.275332137603602 0
-3.152760917296729 -2.739933925469827 0
-2.884244821604927 -2.691793835882396 0
-3.368125718009154 -1.858870439324807 0
-3.426225301815155 -2.261225647129583 0
-3.757789270139581 -2.184872576594116 0
-3.78436491762927 -2.649474364460342 0
-3.452800949304843 -2.725827434995809 0
-3.447852660478221 -3.252675802923484 0
-3.147812628470106 -3.266782293397502 0
1.174185528635086 -0.01787347901397916 0
1.161035303802878 0.01290991669154433 0
1.122117918365949 -0.001234438260084861 0
1.19980138089946 0.02903712436843211 0
1.186802464407599 0.05783766734869698 0
1.148036387311017 0.0417104596718092 0
1.135188779159504 0.06852814992681548 0
1.096271393722575 0.0543837949751863 0
1.109119001874088 0.02756610472018002 0
1.070050308096811 0.01540460249380943 0
16.22427365533288 1.527729041175455 0
15.57045648721836 0.3878182348541346 0
15.92053127140935 3.435018060128931 0
15.28298421352612 2.115152754027112 0
14.35796488195064 2.522621967098272 0
14.6291670454116 0.9752419477057916 0
0.2078750960768477 -1.513717560229336 0
0.3259053472338436 -1.6490875173766 0
0.4659109509671495 -1.503289123130736 0
0.1621485643129529 -1.799612402034864 0
0.4676867775784241 -1.779730984111464 0
0.60769238131173 -1.633932589865601 0
-2.72554649313146 3.002704230311673 0
-3.225273404197329 2.856671590575349 0
-3.048789310814354 2.48967782511005 0
-2.402303675448565 3.515730635513297 0
-2.892125705539371 3.403258017349274 0
-3.04880003697222 3.837371825959177 0
-3.391852616605241 3.25722537761295 0
-3.734905196238262 2.677078929266723 0
-5.658738576956351 -0.7869655611450097 0
-5.161517362358188 -0.8526237260670346 0
-6.177204855808124 -1.208953319748478 0
-5.692049975498223 -1.275475102402438 0
-5.737427708328359 -1.764848261391803 0
-5.194828760900061 -1.341133267324463 0
-9.91719431044352 3.64817726876556 0
-9.177673021008872 3.829609179838274 0
-9.181529915335759 4.435009059586184 0
-9.921051204770411 4.25357714851347 0
-9.09469719257941 3.320418737569045 0
-8.517270665676792 3.914831653432306 0
-8.521127560003681 4.520231533180215 0
-9.106267875560077 5.136618376812774 0
0.3006755431888375 0.277059421043812 0
0.2939203727107366 0.3236839199522452 0
0.2490300084399164 0.3135359654086372 0
0.3366511745227605 0.3211865380334755 0
0.3320555665034559 0.3804563734042863 0
0.2893247646914321 0.382953755323056 0
0.286888719130924 0.4548689271562444 0
0.2444353109143216 0.3728064785351452 0
2.506885854872153 -2.419265471759593 0
2.599940121611182 -2.137299746855928 0
2.344114409389694 -2.028883525381215 0
2.812104165923926 -2.572651803529301 0
3.259769342545013 -2.48904252069034 0
2.905158432662955 -2.290686078625636 0
2.9488201005717 -1.963750243426975 0
2.643601789519926 -1.810363911657267 0
-1.980831569159112 -9.204244256323793 0
-2.202321992206724 -8.641812160926232 0
-2.901333377904321 -8.909673086294914 0
-1.474971344262239 -8.399919481321025 0
-2.452151677501225 -8.053411819765195 0
-3.151163063198822 -8.321272745133879 0
-0.3651889253894802 1.658487811328153 0
-0.4951572237059138 1.528791856634565 0
-0.325018938143865 1.402827546040086 0
-0.6886936965437884 1.678466884664347 0
-0.6017273347465217 1.375385184505673 0
-0.4315890491844728 1.249420873911194 0
1.032264847173973 6.342394163377736 0
1.316523938540356 6.203338909567472 0
1.500800119689821 6.641358558786674 0
1.216541028323437 6.780413812596938 0
1.070364854260763 5.84860718424266 0
1.662665933036869 5.980995731862819 0
1.846942114186333 6.419015381082021 0
1.623193397709156 7.162666131900266 0
6.315209025159739 -9.881026536836833 0
6.81377746488884 -9.2034096753399 0
6.210612796783007 -8.873394659505912 0
6.41980525353647 -10.88865841416775 0
6.914984707209776 -10.29945507159069 0
7.511371403204015 -10.80629712526442 0
7.413553146938877 -9.621838210093758 0
7.31573489067374 -8.437379294923097 0
0.5913367858378709 -0.1428666260725335 0
0.5741896683494299 -0.1268257865266574 0
0.5561325650312505 -0.1421970102459755 0
0.5732796825196915 -0.1582378497918516 0
0.5884250688541484 -0.1109015280773207 0
0.5608642536744496 -0.1113379817108 0
0.5333034384947508 -0.1117744353442792 0
0.5428071503562703 -0.126709205430118 0
0.5209283442246303 -0.1415273944194175 0
0.5342537588996106 -0.157015199235275 0
10.06893813860894 -7.2338755245967 0
9.291903938467446 -7.74002804296881 0
9.624427437227897 -6.531636471660672 0
8.847393237086404 -7.037788990032783 0
3.372003551683128 14.26969556075869 0
2.331521210632642 14.91216353272366 0
1.937994332843003 14.00529449472343 0
3.885188600711611 15.15589817894119 0
2.844706259661126 15.79836615090616 0
1.171380698343313 15.57529792450636 0
-8.197634688043685 0.6804933138233934 0
-8.24468845057401 -0.0220817540442661 0
-7.654931854493169 -0.13068903798965 0
-8.740337521594199 1.491675665636437 0
-8.905562157768113 0.8099294687947219 0
-9.73166050113613 0.9601944947919949 0
-9.778714263666453 0.2576194269243353 0
-8.952615920298438 0.1073544009270623 0
-8.881498809185171 -0.6160495379665418 0
-8.173571339460743 -0.7454856929378704 0
-2.383863680416161 -14.29901911972886 0
-1.349168904881007 -14.93384080208411 0
-0.9604771492098502 -14.03582267500518 0
-2.893156915625503 -15.17831369851126 0
-1.858462140090348 -15.81313538086651 0
-0.1938726498076667 -15.58738603273589 0
0.0002057965684415054 0.08804550338294929 0
-0.02405724727243883 0.08469320712473236 0
-0.01451659650584561 0.05062760937009624 0
0.009571635810001465 0.0538582178882201 0
-0.02492156666646912 0.1204961477023681 0
-0.05754550035586259 0.1154262518288597 0
-0.05670515016426377 0.07955136157037783 0
-0.09770857775469165 0.07281578044191626 0
-0.08844463054118899 0.03866324596566866 0
-0.04720365006329022 0.04527891469571897 0
-0.02962003431073005 0.01271355254314951 0
0.001664574768717003 0.018825789934604 0
4.469586304779032 0.9291885230966894 0
4.22925438844625 0.7203230240944607 0
4.437742804442241 0.5165067964058609 0
4.015249841115876 0.9157776923061332 0
3.994438603447852 0.5198190845691595 0
4.202927019443843 0.3160028568805597 0
0.3625160161951498 -0.2012581419682455 0
0.3825899777452804 -0.2204521464058812 0
0.4038959378873003 -0.19714148519362 0
0.3547390241635852 -0.2434716375380674 0
0.381357979153391 -0.2629568120557781 0
0.4092089327350862 -0.2399373209235919 0
0.4423728811645675 -0.2597136655213776 0
0.4636788413065874 -0.2364030043091164 0
0.4305148928771061 -0.2166266597113307 0
0.4452758595794507 -0.1930248284189945 0
-8.396379742302713 -5.878511831449455 0
-8.705190521926234 -6.358430426917867 0
-7.855556043576178 -6.963505865994653 0
-9.468429296418861 -5.701234601276823 0
-9.100397005407178 -6.890469408950534 0
-8.250762527057123 -7.495544848027321 0
7.779250647552199 0.5820205557689968 0
8.193039407281269 1.02375351398802 0
8.210544917617678 0.2079458284986839 0
8.624333677346748 0.6496787867177073 0
0.03174490456617563 0.1025844135299565 0
0.005752098481070011 0.1124678834559529 0
0.06327044848694419 0.1171288392409227 0
0.04198374037559652 0.1288552079205682 0
0.05691539569770912 0.1569609073823111 0
0.01600443549493212 0.1387416171085748 0
-0.07521122379937872 -0.6925918278486796 0
-0.1817875330576857 -0.7446050050474238 0
-0.01459876126287045 -0.5380408685059043 0
-0.1141926303462113 -0.600984386402319 0
-0.1461915967180777 -0.5203072856536288 0
-0.2527679059763847 -0.572320462852373 0
-0.2207689396045183 -0.6529975636010632 0
-0.3343276890377914 -0.6940804001021369 0
2.386528708071706 -1.816694352988382 0
2.179606170584047 -1.815749589425311 0
2.137191871902035 -2.027938761818144 0
2.378792462793157 -1.611780385489734 0
2.171869925305498 -1.610835621926663 0
2.022834177056948 -1.807529620968054 0
0.4333725638133113 -0.326209531896246 0
0.3940134394039011 -0.3561889243421655 0
0.4243722464620551 -0.3927053982711143 0
0.4059147665739532 -0.2929531339731071 0
0.3419988547439809 -0.2929362045016977 0
0.3665556421645431 -0.3229325264190266 0
0.324295507936337 -0.3496518428591363 0
0.3517533051756951 -0.3829082407822751 0
0.6402827371357839 0.7761208472004024 0
0.6332832379378109 0.8721687595819523 0
0.5097187678990426 0.8467328963493406 0
0.7539515256154438 0.9026916774232938 0
0.6291799211009735 0.9631296173547721 0
0.5044083165865033 1.02356755728625 0
0.5056154510622052 0.9376937541221604 0
0.3791547986623012 0.9173449454982789 0
1.211443164652037 -0.357664572960976 0
1.258958715452479 -0.4284006175381284 0
1.340234006627036 -0.3570031826453883 0
1.292718455826594 -0.2862671380682359 0
1.16162436005342 -0.4986621996556144 0
1.322533330477421 -0.5002725148905348 0
1.403808621651978 -0.4288750799977947 0
1.405450233577092 -0.2844698949773941 0
-0.3125666361940429 -1.409983766429491 0
-0.2416534322214346 -1.569853926275265 0
-0.05234577005859757 -1.461850663329413 0
-0.4551837365263831 -1.671850049549815 0
-0.3600478904116635 -1.83772734906689 0
-0.1465175861067151 -1.73573122579234 0
-0.02715909784988416 -1.907615664980715 0
0.04279007605612201 -1.627727962846488 0
0.3527229733154962 0.2526740809178969 0
0.332254454563832 0.2329239518022691 0
0.3552341570958784 0.2119436082950859 0
0.3060328094530828 0.2542219353386191 0
0.2888062332801212 0.2341541661938245 0
0.3150278783908703 0.2128561826574745 0
0.3010432447966113 0.192470773483513 0
0.3380075809229167 0.1918758391502912 0
-4.255684587395092 13.01003654429607 0
-3.397635081798507 12.55318272346052 0
-5.688775712767857 12.74701238470442 0
-4.676222900760658 12.30685909125976 0
-4.942257907715611 11.62038216561435 0
-3.818173395164073 11.8500052704242 0
2.59687043081798 8.795735893158746 0
3.070894623028708 8.323810171725514 0
2.179420458192199 8.333364775108825 0
2.653444650402927 7.861439053675593 0
0.336304114347083 -0.09873375849654134 0
0.3199985293739641 -0.08669104709466216 0
0.3682326345815959 -0.09598061648229531 0
0.349008127929527 -0.08477281651523536 0
0.3587925326158112 -0.07159341335475565 0
0.3327032301736177 -0.07278347772734914 0
0.8554526068863134 -0.0505686032558651 0
0.8387514189372495 -0.05599562311797375 0
0.8500558547270013 -0.07804129777286405 0
0.829199398961847 -0.03314528644960918 0
0.8107457951984336 -0.0393769683251921 0
0.820297815173836 -0.06222730499355667 0
0.8000917955960729 -0.06926364888261385 0
0.8316022509635879 -0.08427297964844696 0
5.358623254445629 2.861692472908474 0
4.924310905841295 3.038687603256455 0
4.726080196526521 2.529809960924552 0
5.087448876239588 3.588551698532289 0
4.688229266551736 3.724560375936341 0
4.525091296153444 3.174696280660507 0
4.160964425382074 3.269718505120629 0
4.32686058683867 2.665818638328604 0
-1.900992152434807 -1.609541676155292 0
-1.841562019055424 -1.264358046641379 0
-1.610126686497141 -1.638843292232864 0
-1.253353980454651 -1.303709468841656 0
-1.550696553117759 -1.293659662718951 0
-1.497743526463819 -0.9677278431599059 0
0.2909110593035211 -0.1900934794665577 0
0.3018578383619712 -0.2104262764893808 0
0.3267135377493355 -0.1956758107174016 0
0.2749581628754905 -0.22279999800302 0
0.2879489180330571 -0.245509539284183 0
0.3148485935195379 -0.2331358177705437 0
0.329883324776221 -0.2582221033100466 0
0.3397042929069021 -0.2183853519985645 0
0.6074071734514104 0.1336816925528073 0
0.6192992182870177 0.1194412934011986 0
0.6376472151952313 0.1322959968150266 0
0.6043574897673012 0.1070160265942178 0
0.627784994734128 0.1047714576427426 0
0.6512124997009547 0.1025268886912673 0
0.6461329916423415 0.1176261610565706 0
0.6678872569390519 0.130910301077246 0
0.257706371413103 -0.2240764914906266 0
0.2270869799452292 -0.221158190157269 0
0.2127684973375092 -0.2573396256661848 0
0.243387888805383 -0.2602579269995424 0
0.2391556849163586 -0.1939229599293776 0
0.1987173661139459 -0.2092936835428869 0
0.1843988835062259 -0.2454751190518027 0
0.1962002370931986 -0.3024672664561251 0
-0.635087237227753 -0.4298467800940329 0
-0.766461155242064 -0.4115358492880914 0
-0.8139995990595155 -0.5620817489220927 0
-0.7347564155757362 -0.2729560545565832 0
-0.8820013691052515 -0.381258813579657 0
-1.029246322634767 -0.4895615726027307 0
-0.9295398129227028 -0.5318047132136583 0
-0.992911960891278 -0.6943167177501526 0
0.07763239162362376 -0.3432158982858381 0
0.08166899897319908 -0.409078954772001 0
0.0130105607032344 -0.3070259294503535 0
0.02120292921775765 -0.3567572681995446 0
-0.03107077202316053 -0.3541669203762793 0
-0.0270341646735852 -0.4200299768624421 0
0.02523953656733298 -0.4226203246857074 0
0.02512038275196039 -0.504615098908842 0
-0.8022364291837003 0.5301081905518545 0
-0.8829007282649679 0.4696773547761215 0
-0.7617003270699828 0.3518158247070262 0
-1.005506186518892 0.616886857180014 0
-0.9621599702872962 0.3798985466655911 0
-0.9188137540557002 0.1429102361511682 0
-0.8409595690923111 0.2620370165964958 0
-0.7211642249562653 0.1735234588621979 0
0.5607760979701578 0.2982275673084183 0
0.5720520467311797 0.2660585536303891 0
0.606791459981072 0.2677042250323718 0
0.5955155112200501 0.2998732387104009 0
0.5432847175456477 0.2614040847545056 0
0.5485885822423092 0.2322438685503773 0
0.5773559114278413 0.2368983374262608 0
0.5766876920601424 0.2107469186960334 0
0.6120953246777334 0.2385440088282435 0
0.6475029572953246 0.2663410989604536 0
2.255634022958551 -0.768006117157376 0
2.088255267995965 -0.8001890888454199 0
2.14785502099482 -1.006908663840548 0
2.035229158462826 -0.5837414805645169 0
1.861276760034523 -0.6256524855383359 0
1.914302869567662 -0.8421000938192389 0
1.733776827673644 -0.893739132078833 0
1.973902622566517 -1.048819668814367 0
-0.4976737410418562 -0.08248549364680123 0
-0.5987191385061826 -0.1298995313496192 0
-0.5544554053802256 -0.2085358981414099 0
-0.4408839281350814 0.04357227640747786 0
-0.5338197232835544 0.01802837669882992 0
-0.5618507698191898 0.1404126767834556 0
-0.6629023464923429 0.09299487971631994 0
-0.6348675200732729 -0.02938901082199062 0
-0.744028118663933 -0.0986755012864656 0
-0.7078779309750494 -0.1991844051701678 0
2.176568065017831 0.5833140851401475 0
2.122530275278759 0.4298021255121009 0
2.049149327881081 0.6221415715902162 0
1.862464023131326 0.4745859105418996 0
1.995111538142009 0.4686296119621697 0
1.94630252627687 0.347988840204462 0
0.8475753734612488 5.386332004312361 0
0.7578369137755341 4.94484906088397 0
1.119652391622635 4.84765915629198 0
0.3638964047754296 4.955568623586842 0
0.3062829762427187 4.60055602204757 0
0.7002234852428232 4.589836459344698 0
0.6747350878631159 4.321294199694545 0
1.062038963089924 4.492646554752708 0
0.8594500353190808 -0.2587546455944537 0
0.8322117276352315 -0.2543280106323253 0
0.8213115047253202 -0.2986040436506983 0
0.8485498124091695 -0.3030306786128266 0
0.8500500277276557 -0.2196586866041286 0
0.8158736428612936 -0.205625342651824 0
0.7980353427688696 -0.2402946666800207 0
0.756920880719995 -0.2166546137375399 0
0.7871351198589582 -0.2845706996983937 0
0.8173493589979217 -0.3524867856592474 0
4.034020673174372 -5.79840412545407 0
4.00604823755409 -6.283407162940916 0
4.546796828385868 -6.423687765362819 0
3.563242430097985 -6.141938593029096 0
3.880133018558134 -6.769598167917682 0
4.420881609389912 -6.909878770339585 0
-7.68338193368515 7.699476472969435 0
-8.550891508982904 7.751900033794696 0
-8.410849159387357 6.770018067020988 0
-8.733824384119782 8.903603396361317 0
-9.375510558739325 7.634502198827045 0
-10.01719673335887 6.365401001292772 0
-9.235468209143779 6.652620232053337 0
-9.138316385089563 5.840559661072541 0
-5.481480816086671 -2.80411056937786 0
-5.555131552980044 -3.427198587402316 0
-5.915564509554728 -2.17476029736405 0
-6.060770440674001 -2.680216104143862 0
-6.711615259487231 -2.43868942766522 0
-6.134421177567375 -3.303304122168318 0
-0.1305968257507372 0.5157116553756107 0
-0.2357730928170286 0.54321097172597 0
-0.2450650870392491 0.4615192694013244 0
-0.1022784556721752 0.6087587343886838 0
-0.2074547227384666 0.6362580507390432 0
-0.3599757357396614 0.5593549113879017 0
0.959478454457386 -0.1547280652357083 0
0.9779402593861566 -0.1300233894942427 0
0.9637850934885348 -0.1951189762430722 0
0.979797827645458 -0.1708269485927586 0
0.9976681300616823 -0.1873384800409608 0
0.9982596325742286 -0.1461222728512931 0
8.634215974796604 -2.6340179057568 0
8.225149012645346 -2.985758770415656 0
8.234081562350713 -2.192103198945365 0
7.825014600199456 -2.543844063604221 0
-2.452678082742148 1.915544326248104 0
-2.33488557173827 1.578922308415649 0
-2.042531103176091 1.680284575929545 0
-2.862825062308205 2.150804076566662 0
-2.791574361588763 1.796728022872957 0
-3.177012450719814 1.660457683636561 0
-3.059219939715937 1.323835665804105 0
-2.673781850584886 1.460106005040502 0
-2.509447529296573 1.140938023069297 0
-2.170551250449957 1.259754326444443 0
-7.115081042633772 -0.7358034614443565 0
-7.043588173244797 -1.422644282019423 0
-6.575230230774375 -1.340917884899063 0
-7.624030455732903 -0.7662730043156478 0
-7.552537586343928 -1.453113824890714 0
-6.931503833227113 -2.160741956843558 0
1.5189701908734 0.4627266050119745 0
1.62654487007897 0.5229729824937646 0
1.568342504509019 0.3589254650217292 0
1.7213136344235 0.3271494690186287 0
1.675917183714589 0.4191718425035194 0
1.787467725846869 0.4676394534799551 0
0.7001150992207775 0.193271509828204 0
0.7321649681892669 0.2117876355227849 0
0.7185741128027808 0.166621367434316 0
0.7616055788537459 0.1620224721445856 0
0.7506239817712702 0.1851374931288969 0
0.7901512672392873 0.200118497413901 0
0.942956638675859 -0.04106627620132232 0
0.9269686797207324 -0.0336422846221158 0
0.967569110448427 -0.03425000127857768 0
0.9510387023609499 -0.0281152817158399 0
0.9585756290088993 -0.01643381718452534 0
0.935053431310614 -0.02071103219893428 0
0.9601356487021295 0.01402888734907179 0
0.9548003114205994 0.0265821629229925 0
0.9372550206770333 0.02158284324154042 0
0.9722491695281179 0.02703521177221705 0
0.9670102648826353 0.04413475817836529 0
0.9495614067751168 0.04368170932914074 0
0.9444189347656817 0.06532752656751653 0
0.9320134281267598 0.03866264758538776 0
-1.005630311844521 -1.382963762643108 0
-0.9844114471152234 -1.170224347783126 0
-1.232135115725353 -1.090970053981674 0
-0.7545725206334297 -1.205490724564264 0
-0.9453078402575903 -1.00147284994346 0
-1.136043159881751 -0.7974549753226554 0
-1.19303150886772 -0.9222185561420071 0
-1.458639919606185 -0.7989763453202392 0
-0.3732917643352385 -2.421367485528301 0
-0.5050242037362925 -2.196347211114434 0
-0.1217671447978747 -2.28059044093917 0
-0.2534995841989287 -2.055570166525302 0
0.8325330342697637 0.06137212323444525 0
0.8484123492530223 0.04797607528833117 0
0.8029632609076283 0.06061612019011416 0
0.8210268810065863 0.04836811573588538 0
0.8117029503022853 0.03649445876102553 0
0.8369082785466677 0.0349897607579566 0
-6.694149936204868 9.272381445924809 0
-6.830456435402713 8.418315416170973 0
-7.567478918805422 9.479219801505691 0
-7.703785418003267 8.625153771751854 0
0.1552984527284404 0.1581622221904038 0
0.1764511121163723 0.1393552903394686 0
0.1927677156245523 0.1546844220986618 0
0.165540636702253 0.1226819777632024 0
0.1921979193273326 0.1218971494506035 0
0.2188552019524121 0.1211123211380045 0
0.2085145228355126 0.1372262812097967 0
0.2302372544377533 0.1512112321519172 0
0.1913610198941001 -0.0939617990454248 0
0.1754136857523624 -0.08075259908690621 0
0.1545083656541984 -0.09225886999313417 0
0.2282204090948984 -0.09556026666752072 0
0.2076924860045367 -0.08234861882066022 0
0.219450098127246 -0.07062852927735898 0
0.1917384169019024 -0.06924388029233634 0
0.1640469405592486 -0.06754584701672955 0
0.14046378504596 5.931963914857453 0
0.4691477150742112 6.120153252906588 0
0.1966145059159105 6.579888659619652 0
0.7730978335514256 5.711797101402565 0
0.7664147357835488 6.256963335746683 0
0.759731638015672 6.802129570090798 0
0.493881526625248 6.716698742459745 0
0.2527652267858608 7.227813404381848 0
-2.201032648139901 -2.707309029814319 0
-2.556517072869092 -3.050760273259412 0
-2.320705941997269 -3.178189496566416 0
-2.388878941342454 -2.545177142919646 0
-2.744363366071645 -2.888628386364739 0
-2.959966335267553 -3.428914180292176 0
0.07883266096406399 0.1375970098924763 0
0.09976786750039061 0.1572687522558232 0
0.09537435713101422 0.1190261883533641 0
0.1274750109655265 0.1209203892398717 0
0.116308938790741 0.1386957073451507 0
0.1426107052175409 0.1575735001036038 0
0.1099026610686999 -0.08899665272102331 0
0.09172873768897936 -0.07347904889222796 0
0.1429887762511615 -0.09102506198039552 0
0.1213927739696648 -0.07619755505962884 0
0.1294881723501379 -0.0638444229785136 0
0.1031800855428126 -0.06088013365198807 0
1.004401212942454 -0.05442385473231101 0
0.9992285142131931 -0.02969122438774455 0
0.9790493883761431 -0.03268356999420289 0
1.025619691471389 -0.0446555798376298 0
1.042704823962947 -0.003378745310159255 0
1.020446992742128 -0.01992294949306334 0
1.014234941320982 -0.001966248436719752 0
0.9930164627920477 -0.01173452333140096 0
-0.4509367860777022 0.2061093804448473 0
-0.3567103941993249 0.1971475720787406 0
-0.4531492797797479 0.1270444819511839 0
-0.3589295623393656 0.1180812541257475 0
0.9928482916279339 -0.2140865956028322 0
1.027614264443754 -0.2238146051002535 0
0.9532624803783653 -0.2311067016672821 0
0.9823256785177643 -0.2500743210270421 0
0.9661002907311735 -0.2953016563135905 0
1.000866263546994 -0.3050296658110118 0
1.017091651333585 -0.2598023305244634 0
1.057560398825826 -0.2602907301595462 0
0.3048089017424419 -0.3113111669422712 0
0.2602478725147678 -0.3260595546576307 0
0.292693371774682 -0.27659706575062 0
0.2481323425470079 -0.2913454534659796 0
1.315209186433424 1.171467391363687 0
1.426252889688951 1.141182077001117 0
1.491036002090224 1.2572311372749 0
1.369379955711193 1.045525326276243 0
1.472513480543204 0.9948477023647636 0
1.529386414520961 1.090504453089637 0
1.624609760929457 1.019434519629248 0
1.594169526922235 1.206553513363421 0
1.052116137546299 0.1258202535953534 0
1.08681128378468 0.1495729624372052 0
1.043703668968051 0.07878985737211598 0
1.072668044477462 0.1012916776924254 0
1.087489180679655 0.07551221326795515 0
1.122184326918035 0.09926492210980695 0
1.107363190715842 0.1250443865342772 0
1.147789107683193 0.1500479838976713 0
1.274816823197274 -0.09721095461012082 0
1.282279785767338 -0.04944941625388026 0
1.22450117591618 -0.05754221681204999 0
1.217038213346116 -0.1053037551682905 0
1.353266969004112 -0.03837537051837751 0
1.276534174951786 -0.004669123074972699 0
1.218755565100628 -0.01276192363314244 0
1.179931139450638 -0.0626537721928867 0
-1.219455190292827 -0.406252591970887 0
-1.128248224269782 -0.564423046632091 0
-1.3625863892833 -0.5093908495433899 0
-1.271379423260254 -0.6675613042045938 0
0.4517421223391717 4.242927557828314 0
0.6052719269252761 3.907832935677241 0
0.2206784983255762 4.1420270738939 0
0.1350740204084338 3.68349812574023 0
0.3742083029116806 3.806932451742827 0
0.5358087659874364 3.494371671659937 0
-0.7910758447612137 0.7725543649418392 0
-0.6186483434870584 0.7595535004136134 0
-0.8087969863965504 0.6355161827151606 0
-0.6363694851223951 0.6225153181869347 0
1.134501781738932 -0.3089776515602612 0
1.147203654561149 -0.3917875892275412 0
1.06854343897799 -0.3190359950660331 0
1.081245311800207 -0.4018459327333131 0
0.4860646157033298 1.169716542340323 0
0.4268828188550292 1.050360483755773 0
0.4677209148201563 1.315865527394396 0
0.397085341316283 1.210168948482791 0
0.2966522902736636 1.264280834298203 0
0.3379035444679824 1.090812889898241 0
1.379358601290602 -0.1614226327478858 0
1.340323732551555 -0.2309746780331736 0
1.32280250825098 -0.1221870010538906 0
1.283767639511934 -0.1917390463391784 0
5.410606843370024 -3.40509202490819 0
5.830045891166014 -3.846786429235874 0
6.096543351983733 -3.464764049442699 0
5.073673384309924 -3.742845387190813 0
5.493112432105914 -4.184539791518497 0
6.319920937204383 -4.33274985107411 0
0.8752840683621964 0.1058585009000737 0
0.8880680826509876 0.1288160399227233 0
0.8944295868035055 0.0937298695751787 0
0.9072136010922965 0.1166874085978283 0
-0.3405090264840038 -0.5946877664323362 0
-0.4338251848860237 -0.5939006785911529 0
-0.2533742055281963 -0.496082220603719 0
-0.3411153260358154 -0.5184495241836822 0
-0.3361465876932261 -0.4653656733561746 0
-0.4344314844378353 -0.5176624363424989 0
0.7635332293924368 -0.1307358653217401 0
0.7401024175903435 -0.1314774210528802 0
0.7381579276006962 -0.1633542841041694 0
0.7615887394027896 -0.1626127283730294 0
0.7446593828694352 -0.1066864864907406 0
0.7140591304988055 -0.1251330482948706 0
0.7121146405091583 -0.1570099113461599 0
0.7388259129004935 -0.2023170756446084 0
0.9016562540530104 -0.2253826941357054 0
0.9334485470469192 -0.25720480076765 0
0.8809828700312186 -0.2452060443220774 0
0.8912423283129896 -0.2905767522263983 0
0.9127751630251273 -0.2770281509540221 0
0.9454269067093817 -0.3151250064999626 0
-0.1180343420019768 -0.02615723569643648 0
-0.0728657197562164 -0.002341619305486863 0
-0.1002781838680922 -0.05852879125588471 0
-0.05514113603632887 -0.0348556427984781 0
-0.1541645116209081 0.125016413632578 0
-0.1513153220852219 0.1746455699665529 0
-0.1021716337267282 0.1209538775875924 0
-0.09932079791709016 0.170579191403041 0
0.5042756808597165 -0.1818259285312843 0
0.520035491612264 -0.2078812806035802 0
0.5500135696521582 -0.1830705513075708 0
0.4833454484000094 -0.2326700376798797 0
0.5425072675371723 -0.2339586048955858 0
0.5724853455770664 -0.2091478755995764 0
-9.30348569640174 1.790525810952488 0
-9.824427405789825 2.304185881778777 0
-8.917517357086805 2.406047201602741 0
-9.43845906647489 2.919707272429031 0
-9.108017462955413 -3.85071051836131 0
-8.562736627938984 -4.671498953593462 0
-9.536223002242094 -4.322697215130377 0
-8.990942167225663 -5.143485650362529 0
0.3910945745526963 0.4614713928805405 0
0.4420328032510835 0.4269604846973191 0
0.3536590296284878 0.4207619284192833 0
0.404597258326875 0.3862510202360619 0
-4.02519108468662 6.309325266604813 0
-4.076562249781441 5.725949187198314 0
-4.518535700994461 6.397522679596407 0
-4.569906866089282 5.814146600189908 0
-2.366716046552955 -3.445700827429695 0
-1.865253162928677 -3.397074695953388 0
-2.320938746018322 -3.7786249369068 0
-1.819475862394044 -3.729998805430493 0
0.4844744870650783 0.2987464383006745 0
0.5128915632531648 0.3138858370766467 0
0.5010946913388747 0.2709866313452273 0
0.5295117675269613 0.2861260301211995 0
-0.7560448587692847 -1.355899659700178 0
-0.5335695784137364 -1.307737245496877 0
-0.7304070241854521 -1.527406906096462 0
-0.5079317438299036 -1.479244491893161 0
1.512338607953925 2.419374548076474 0
1.605961154606734 2.730867357973689 0
1.710910814376488 2.357869464142201 0
1.804533361029297 2.669362274039416 0
1.826141524412975 -0.1133261553018902 0
1.887178666119133 -0.2313752773344473 0
1.74302537081188 -0.1633841039811211 0
1.804062512518039 -0.2814332260136783 0
1.759094719256039 -1.819196609350596 0
1.944479357119006 -1.934749973633936 0
1.673412022398036 -1.96878153811561 0
1.858796660261004 -2.084334902398949 0
3.875888333066158 3.930121231545916 0
3.90473441511474 4.526639734290138 0
4.251309369016183 3.840306205115703 0
4.280155451064765 4.436824707859925 0
0.6124488790514756 -0.1015738737392767 0
0.6329058275328502 -0.1071898948956485 0
0.6042225607416232 -0.1203193496818342 0
0.6246795092229978 -0.125935370838206 0
5.592315561550108 3.397093788645383 0
5.821186737281624 3.977379746507156 0
6.102003378233591 3.160751236633612 0
6.330874553965108 3.741037194495385 0
1.173730658213167 0.107283873890663 0
1.160928267830588 0.08189234299673079 0
1.147923815589119 0.1126291151797222 0
-0.8546522114657352 0.003593733789533343 0
-0.8140893253799402 0.09942892429092612 0
-0.7558274469160178 0.0189003451450482 0
-0.623514833823882 -0.2546001858612562 0
-0.5736782996692315 -0.3330471030843575 0
-0.6503910562850636 -0.3283705471673276 0
2.170572799223001 -3.241981325180971 0
1.997852452039359 -3.263643469743222 0
2.079097681209458 -3.024499735105512 0
0.3553646598711918 -0.4665653741219305 0
0.3822454235684378 -0.420289957113673 0
0.3916741305143718 -0.4714639528663501 0
3.231377779145488 -10.0152162818183 0
3.352354507966474 -9.510283520685643 0
3.617260794081739 -9.960973333889431 0
1.175009883818186 -0.1155623332107176 0
1.156456346870447 -0.09423734172301571 0
1.185384051976753 -0.09234719319509985 0
0.9296198087605005 7.262567780940588 0
1.183103014375406 7.049725863795063 0
0.7262936240676412 7.071441621288924 0
0.8833034766024137 -0.3399729261896037 0
0.8562111874042176 -0.3276987990528216 0
0.8989037033080376 -0.3152448726663933 0
-0.3600081430565446 0.4519710026038091 0
-0.3140244391862498 0.4772670910796337 0
-0.3025528187063385 0.4030531816105204 0
-0.53462610850951 1.892744453932679 0
-0.3728737229323559 1.882754917264582 0
-0.4976647528683538 1.756186283037202 0
-10.11026260885461 5.279639084229865 0
-9.702870944249444 5.721159698379517 0
-9.670822434719955 5.01721841411975 0
0.9948418827185227 0.3553598235299269 0
1.018964400283573 0.327119544843031 0
0.9634542917363872 0.3249466815179664 0
6.757948373598946 -3.835156427582648 0
6.405780877673948 -3.786518161024961 0
6.646259580988621 -3.401163526766942 0
5.109521536686912 -0.2336209081452152 0
5.113628271425802 -0.458007879823622 0
4.822779207270167 -0.3513057039139822 0
1.486901830771968 -1.30713387134896 0
1.347960968202925 -1.321068857998308 0
1.402259641608049 -1.15903200305812 0
2.173361251590302 12.00522899187673 0
2.639942223153076 11.98543714516453 0
2.443230560491192 11.47035033510149 0
-2.975860067231445 0.9401453113397602 0
-2.805967026554394 1.097200466924444 0
-2.700973862021763 0.8486964899723559 0
2.322234379799069 -0.6056608015388589 0
2.194112219896468 -0.6293621362728254 0
2.212031947551206 -0.5135284832424293 0
1.234486018714376 0.3109714300471281 0
1.247562945492839 0.2600171361417769 0
1.177072379546751 0.2806065747991646 0
6.291580649472098 8.304731529724716 0
6.315118917123705 7.728524926471475 0
5.742108218733826 7.97606516846433 0
0.7840166940922774 0.7776766835319573 0
0.7271822998524474 0.7143912684205116 0
0.7205100776143132 0.8020573477776026 0
-0.2925990668948825 -0.4499924871992059 0
-0.3100554515083044 -0.3962177355362217 0
-0.2686659675304065 -0.4115758665423079 0
-4.022136286036989 -3.149857430832649 0
-4.190392414612514 -2.848256711601079 0
-3.812171013562148 -2.970267878701893 0
0.870701844313005 -1.166907030885621 0
0.7647068051149657 -1.11958157178953 0
0.8684457295781665 -1.050620610787605 0
9.887134985720566 -0.7528718772733168 0
9.888815806062079 -1.168756515930266 0
9.371048608953775 -0.9762805659857677 0
7.28054575184999 -11.8945485840739 0
6.734762677016219 -11.93572922852557 0
6.982414682795388 -11.27454222434955 0
11.45808827140207 9.537851977504879 0
11.43696611325678 8.889516457663044 0
10.71571512213235 9.319698220782556 0
11.50832674771943 5.262524964109399 0
11.58793348646063 4.719919931615592 0
10.94752280643621 4.917677574491732 0
-2.740978064439459 4.232243311404114 0
-2.417729883677632 4.071422716181174 0
-2.667072703349654 3.8666639439588 0
-10.61455639188816 -9.556162440464474 0
-10.6355812810469 -8.906634034763607 0
-9.88950620709759 -9.32917720668652 0
0.2734021342683461 0.1832867124195095 0
0.267283628510101 0.2041284087746653 0
0.2850919959787092 0.2054705061420362 0
3.216422280186074 3.111340864456582 0
3.263812832601784 2.894452842178128 0
2.958454221363937 2.986010832005033 0
0.9762264886397368 -0.01087696864744166 0
0.9807095350813019 -0.01976514559228237 0
0.9692292571535858 -0.02133157687665716 0
0.3144614718889661 1.466411974119816 0
0.3999957841622125 1.492204320667913 0
0.3722034127383817 1.365767167465325 0
-0.07584788888978811 -0.5039346335396792 0
-0.1019251626025609 -0.4616420725164793 0
-0.03612874487495726 -0.4705088639426169 0
-4.396682348795915 8.383546190270685 0
-4.808430033609985 8.219504134644872 0
-4.806363062065223 8.724448593174328 0
2.577408129292075 0.2386671764683061 0
2.588009003771991 0.1360772452418833 0
2.443936308052044 0.1813856668165365 0
-6.285116162925929 6.369389113387173 0
-6.104376020315281 5.868289506433785 0
-6.555906690596166 6.104664002384222 0
14.59605932824075 -8.549659600759362 0
13.7945566056303 -8.147111739083567 0
14.74383408043373 -7.75651078141374 0
4.398772575908223 6.834478137830821 0
4.517715674658919 6.332873788924212 0
4.048195731407534 6.492418552452736 0
0.9772665017685569 0.009273682090472636 0
0.9718292899756362 0.0173233604842346 0
0.9833095679033523 0.01575692919985981 0
-3.539317429631997 2.143522865720522 0
-3.382223735426193 2.388696062185573 0
-3.196259486920044 2.049822313642186 0
-13.99869117532242 7.914667572433612 0
-13.94676381731624 8.657459289242308 0
-13.1658980632574 8.302981614558767 0
0.8310278480208405 0.4797375281868883 0
0.7908770643682804 0.4293418690536738 0
0.7786849273794383 0.4905287535520802 0
1.562496404763314 0.8736911177097687 0
1.486448264570187 0.8613977090775267 0
1.538925906308498 0.9513024319556624 0
0.6575737790847904 0.3291503712888112 0
0.6307363075810011 0.3048776637917756 0
0.6315800560471532 0.3459164411637848 0
-6.042737053769263 11.76951310290251 0
-5.531753127147521 11.90536058434763 0
-5.66947815124314 11.20619799335747 0
11.36600972774896 -9.999706579233006 0
10.7329034123612 -9.684618821276654 0
11.40930327082055 -9.396416016418 0
-1.186465002588221 -12.09895402583058 0
-1.62674503868279 -12.0811091459048 0
-1.433530287088891 -11.58859898146535 0
1.099901105009972 1.896531263308587 0
1.130962812133305 1.763974274445156 0
0.9849661860034673 1.754167834365857 0
6.551119481754796 -8.358627187096124 0
5.956757415321745 -8.022491343064257 0
6.509318462267111 -7.804483660772849 0
3.455600706033126 -2.135134657750099 0
3.213722191150933 -2.137362464608898 0
3.300126085046469 -1.872488519118416 0
1.746380832720255 -0.7288553988443675 0
1.637786907929293 -0.7496164455331662 0
1.701536874109733 -0.6155731222629177 0
0.1461006448150189 0.1157772917121766 0
0.1409804101420045 0.1335237659669495 0
0.1536676559909986 0.1341103570556738 0
0.7360438110311652 -0.7263294599712983 0
0.6766481180406505 -0.7258831517666545 0
0.7132299831549218 -0.6540573374290624 0
0.9896671341321592 0.2070432261855334 0
0.9722921436781859 0.1847121491270717 0
0.9611819232313299 0.2061162560114666 0
-6.18918550293917 1.777728892454252 0
-5.922434707340513 1.981932097443151 0
-5.831230039656395 1.570349980529881 0
14.6175142984623 4.116922011363215 0
14.77429792644704 3.342821203410381 0
13.83623110373294 3.660723964847885 0
-13.92596646486586 -4.379349853557889 0
-13.97704527930067 -3.627458750124864 0
-13.15424182184177 -4.007866975930348 0
0.5149820748031481 -0.1087186424316182 0
0.5210248553100615 -0.1224533018092701 0
0.5087945276680879 -0.1235951219691874 0
-0.1596365949148458 -0.1896651852779178 0
-0.1848090423283963 -0.2399547328498584 0
-0.2077594673353994 -0.2033709784680216 0
-9.850815303748028 -1.004456835167574 0
-9.448668497906571 -0.5966786638687791 0
-9.402207576507386 -1.441291317613013 0
3.198559607932507 -0.7941684217916726 0
3.02014703965645 -0.7087080253739332 0
3.208980292619802 -0.6525361381129952 0
-1.737075565448952 6.557581529630282 0
-1.816295904150988 6.217254655990382 0
-2.015145261430488 6.568227157967762 0
-1.380190542519066 -9.40250671585342 0
-1.538231068544344 -8.961819330134537 0
-1.127260430070629 -9.000344328352035 0
0.01402415759308313 0.02628762992414442 0
0.0107289042293753 0.03484070163320677 0
0.01829664916765883 0.04283936577418288 0
-5.105409105837497 -5.398083193791521 0
-4.856416548302621 -5.047503573428544 0
-4.624671717744954 -5.517498631880922 0
0.4061307339078818 -14.69243533399819 0
-0.2605130960823206 -14.60878041014853 0
0.02282848420679016 -13.91665365513284 0
4.32121917925075 1.339997329697038 0
4.228504869102457 1.088147713420606 0
4.094050947419173 1.33329191430176 0
0.5542172976581352 14.69632582779645 0
1.231160791869118 14.59570771390923 0
0.9375241149079799 13.91132411290499 0
1.395750949328252 -2.732988970227026 0
1.36892032890526 -2.578001265963053 0
1.55888572547573 -2.625582151716622 0
0.3765230629044721 -0.0670039833495811 0
0.381241782297806 -0.07915305982541941 0
0.3696603860407219 -0.07949916507732224 0
0.3814694861067163 0.1348165782893355 0
0.3760686550581573 0.1192938830905349 0
0.3697905535647411 0.1348395511495619 0
0.5249497985214902 0.1192938201465751 0
0.516562254029321 0.13399415837389 0
0.5310179347578652 0.1349093296999327 0
-0.01278134935950029 -0.09196689714680031 0
-0.004829154817259738 -0.109582213887937 0
-0.02203995312954446 -0.1083040876135326 0
0.7978206537317108 0.1700667671837173 0
0.7835478095389401 0.1510187545490597 0
0.7818007464820401 0.1728593952141014 0
1.072935861276786 0.04248327884944762 0
1.051043105420984 0.04412210090152804 0
1.064153648233865 0.06361169714221647 0
-2.905470643963506 -1.249255191753718 0
-2.685802426277703 -1.163911303424241 0
-2.758629117991643 -1.39774225545431 0
0.6673862656780833 0.09668856811422433 0
0.6643519089870451 0.1115449254148416 0
0.6757236442971319 0.1108802743072136 0
-1.999422413969891 1.442373058264214 0
-1.806739232886725 1.50603603125132 0
-1.870749306523658 1.295770906508769 0
0.1591540101447544 5.426216555282929 0
0.400993494487664 5.641598245645689 0
0.4754710343974872 5.316133148555485 0
0.7663230485268342 -0.09832208672144233 0
0.775759971788335 -0.1103467761369421 0
0.7608743877415954 -0.1129604781154211 0
0.3515758901854897 0.2904785813564313 0
0.3335880745185282 0.2684150228615996 0
0.328230808254283 0.2912525085667924 0
0.2817294313495207 3.493961266162154 0
0.3013451749716496 3.304219203835186 0
0.1009778021821483 3.398782430875332 0
-4.012561330890719 -1.758274959216561 0
-3.817729554825505 -1.595273890581906 0
-3.703832673587865 -1.88383267473537 0
0.2648168896042137 -0.186769882189825 0
0.2740922328525859 -0.2018466479704495 0
0.2568404413901984 -0.2031231414580562 0
3.658238687268003 -5.550530012375873 0
3.69539658158127 -5.836668267252802 0
3.422849565729809 -5.722297246163386 0
-2.524458216866404 5.477079353222225 0
-2.785983368247578 5.424832500233672 0
-2.775453872633147 5.722553819580664 0
0.7939661422309682 0.03460300135777299 0
0.7895943842969084 0.04664637627091273 0
0.8011117773448763 0.04538130363093859 0
0.2372856791476652 -0.06719304028362484 0
0.2416734694497072 -0.07957801874710904 0
0.2300932453679394 -0.07920276156645102 0
0.7933280388284004 -0.03652467440055071 0
0.7995165188384568 -0.05018548623788287 0
0.7879991257904889 -0.05145055887785701 0
1.241520187986072 1.069380509838324 0
1.307401894765591 1.080255812718564 0
1.268605572624957 1.006409477294602 0
0.5523487399989927 0.1945898392809349 0
0.5382991850900761 0.2053383142081068 0
0.5557124673085492 0.2128828668717316 0
0.8440087444339461 -0.02803668005883309 0
0.8571332658393565 -0.03673064549377576 0
0.8456237955534264 -0.03806586272534553 0
0.1464193903409869 -0.06153823938250969 0
0.1531851183178203 -0.07498492212652608 0
0.1416655289147834 -0.07375111411378743 0
0.4749863744472978 -0.1795735213885796 0
0.4841878653108662 -0.2012626093336406 0
0.4645212582174442 -0.2049955759628773 0
0.7841594102678597 -0.1997434076184416 0
0.7660644424483585 -0.1854058695255101 0
0.7955408235190078 -0.1798912339826521 0
-0.03144855858573067 -0.2816874399824695 0
-0.02240446626250552 -0.31574596099929 0
-0.05348632254900517 -0.30525311926505 0
0.2422951458865774 0.1319376128774981 0
0.2366041196439068 0.1168881573705417 0
0.2305075900231465 0.1314622200365844 0
-6.547395715765367 -1.799490889428336 0
-6.149370340799114 -1.667526324277751 0
-6.327507142025484 -2.077438360249999 0
1.793362529754261 0.3786104352137004 0
1.868358827038717 0.3855568922756449 0
1.835281781327033 0.3153119000449817 0
0.5837665625443648 0.1097949516803612 0
0.5852914043864195 0.1231277846596559 0
0.5973409923517703 0.118793863012111 0
0.9667306520388402 0.05901406521481682 0
0.9776068978316244 0.0707366415749185 0
0.9889025628901011 0.06014025738034288 0
1.009489960880655 -0.0006808322911440137 0
1.023724902201637 -0.001387080727865897 0
1.023724902201637 -0.002017080727865898 0

CELLS 2329 20071
3 0 7 50
3 7 8 51
3 8 9 52
3 9 10 53
3 10 11 54
3 11 12 55
3 12 13 56
3 13 14 57
3 14 15 58
3 15 16 59
3 16 17 60
3 17 18 61
3 18 19 62
3 19 20 63
3 20 21 64
3 21 22 65
3 22 23 66
3 23 24 67
3 24 25 68
3 25 26 69
3 26 27 70
3 27 28 71
3 28 29 72
3 29 30 73
3 30 31 74
3 31 32 75
3 32 33 76
3 33 34 77
3 34 35 78
3 35 36 79
3 36 37 80
3 37 38 81
3 38 39 82
3 39 40 83
3 40 41 84
3 41 42 85
3 42 43 86
3 43 44 87
3 44 45 88
3 45 46 89
3 46 47 90
3 47 48 91
3 48 49 92
3 49 1 93
3 0 94 137
3 94 95 138
3 95 96 139
3 96 97 140
3 97 98 141
3 98 99 142
3 99 100 143
3 100 101 144
3 101 102 145
3 102 103 146
3 103 104 147
3 104 105 148
3 105 106 149
3 106 107 150
3 107 108 151
3 108 109 152
3 109 110 153
3 110 111 154
3 111 112 155
3 112 113 156
3 113 114 157
3 114 115 158
3 115 116 159
3 116 117 160
3 117 118 161
3 118 119 162
3 119 120 163
3 120 121 164
3 121 122 165
3 122 123 166
3 123 124 167
3 124 125 168
3 125 126 169
3 126 127 170
3 127 128 171
3 128 129 172
3 129 130 173
3 130 131 174
3 131 132 175
3 132 133 176
3 133 134 177
3 134 135 178
3 135 136 179
3 136 2 180
3 1 181 182
3 181 2 183
3 3 184 207
3 184 185 208
3 185 186 209
3 186 187 210
3 187 188 211
3 188 189 212
3 189 190 213
3 190 191 214
3 191 192 215
3 192 193 216
3 193 194 217
3 194 195 218
3 195 196 219
3 196 197 220
3 197 198 221
3 198 199 222
3 199 200 223
3 200 201 224
3 201 202 225
3 202 203 226
3 203 204 227
3 204 205 228
3 205 206 229
3 206 4 230
3 4 231 250
3 231 232 251
3 232 233 252
3 233 234 253
3 234 235 254
3 235 236 255
3 236 237 256
3 237 238 257
3 238 239 258
3 239 240 259
3 240 241 260
3 241 242 261
3 242 243 262
3 243 244 263
3 244 245 264
3 245 246 265
3 246 247 266
3 247 248 267
3 248 249 268
3 249 5 269
3 5 270 293
3 270 271 294
3 271 272 295
3 272 273 296
3 273 274 297
3 274 275 298
3 275 276 299
3 276 277 300
3 277 278 301
3 278 279 302
3 279 280 303
3 280 281 304
3 281 282 305
3 282 283 306
3 283 284 307
3 284 285 308
3 285 286 309
3 286 287 310
3 287 288 311
3 288 289 312
3 289 290 313
3 290 291 314
3 291 292 315
3 292 6 316
3 6 317 336
3 317 318 337
3 318 319 338
3 319 320 339
3 320 321 340
3 321 322 341
3 322 323 342
3 323 324 343
3 324 325 344
3 325 326 345
3 326 327 346
3 327 328 347
3 328 329 348
3 329 330 349
3 330 331 350
3 331 332 351
3 332 333 352
3 333 334 353
3 334 335 354
3 335 3 355
8 197 198 1131 1130 221 2418 2419 2420
8 198 199 1128 1131 222 2421 2422 2418
8 1131 1128 357 1129 2422 2423 2424 2425
8 1130 1131 1129 371 2419 2425 2426 2427
8 372 1132 1135 1134 2428 2429 2430 2431
8 1132 275 276 1135 2432 299 2433 2429
8 1135 276 277 1133 2433 300 2434 2435
8 1134 1135 1133 356 2430 2435 2436 2437
8 376 1136 1139 1138 2438 2439 2440 2441
8 1136 189 190 1139 2442 213 2443 2439
8 1139 190 191 1137 2443 214 2444 2445
8 1138 1139 1137 358 2440 2445 2446 2447
8 363 1140 1143 1142 2448 2449 2450 2451
8 1140 242 243 1143 2452 262 2453 2449
8 1143 243 244 1141 2453 263 2454 2455
8 1142 1143 1141 368 2450 2455 2456 2457
8 364 1144 1147 1146 2458 2459 2460 2461
8 1144 328 329 1147 2462 348 2463 2459
8 1147 329 330 1145 2463 349 2464 2465
8 1146 1147 1145 369 2460 2465 2466 2467
8 369 1145 1150 1149 2466 2468 2469 2470
8 1145 330 331 1150 2464 350 2471 2468
8 1150 331 332 1148 2471 351 2472 2473
8 1149 1150 1148 377 2469 2473 2474 2475
8 368 1141 1153 1152 2456 2476 2477 2478
8 1141 244 245 1153 2454 264 2479 2476
8 1153 245 246 1151 2479 265 2480 2481
8 1152 1153 1151 373 2477 2481 2482 2483
8 318 319 1157 1156 338 2484 2485 2486
8 319 320 1154 1157 339 2487 2488 2484
8 1157 1154 379 1155 2488 2489 2490 2491
8 1156 1157 1155 365 2485 2491 2492 2493
8 281 282 1161 1160 305 2494 2495 2496
8 282 283 1158 1161 306 2497 2498 2494
8 1161 1158 360 1159 2498 2499 2500 2501
8 1160 1161 1159 370 2495 2501 2502 2503
8 195 196 1164 1163 219 2504 2505 2506
8 196 197 1130 1164 220 2420 2507 2504
8 1164 1130 371 1162 2507 2427 2508 2509
8 1163 1164 1162 375 2505 2509 2510 2511
8 273 274 1167 1166 297 2512 2513 2514
8 274 275 1132 1167 298 2432 2515 2512
8 1167 1132 372 1165 2515 2428 2516 2517
8 1166 1167 1165 374 2513 2517 2518 2519
8 187 188 1170 1169 211 2520 2521 2522
8 188 189 1136 1170 212 2442 2523 2520
8 1170 1136 376 1168 2523 2438 2524 2525
8 1169 1170 1168 378 2521 2525 2526 2527
8 699 1171 1174 1173 2528 2529 2530 2531
8 1171 749 1172 1174 2532 2533 2534 2529
8 1174 1172 24 25 2534 2535 68 2536
8 1173 1174 25 26 2530 2536 69 2537
8 749 1040 1176 1172 2538 2539 2540 2533
8 1040 765 1175 1176 2541 2542 2543 2539
8 1176 1175 22 23 2543 2544 66 2545
8 1172 1176 23 24 2540 2545 67 2535
8 236 237 1180 1179 256 2546 2547 2548
8 237 238 1177 1180 257 2549 2550 2546
8 1180 1177 361 1178 2550 2551 2552 2553
8 1179 1180 1178 400 2547 2553 2554 2555
8 493 1181 1184 1183 2556 2557 2558 2559
8 1181 471 930 1184 2560 2561 2562 2557
8 1184 930 527 1182 2562 2563 2564 2565
8 1183 1184 1182 502 2558 2565 2566 2567
8 322 323 1188 1187 342 2568 2569 2570
8 323 324 1185 1188 343 2571 2572 2568
8 1188 1185 362 1186 2572 2573 2574 2575
8 1187 1188 1186 399 2569 2575 2576 2577
8 766 851 1192 1191 2578 2579 2580 2581
8 851 680 1189 1192 2582 2583 2584 2579
8 1192 1189 729 1190 2584 2585 2586 2587
8 1191 1192 1190 748 2580 2587 2588 2589
8 479 872 1196 1195 2590 2591 2592 2593
8 872 429 1193 1196 2594 2595 2596 2591
8 1196 1193 490 1194 2596 2597 2598 2599
8 1195 1196 1194 494 2592 2599 2600 2601
8 367 1197 1200 1199 2602 2603 2604 2605
8 1197 203 204 1200 2606 227 2607 2603
8 1200 204 205 1198 2607 228 2608 2609
8 1199 1200 1198 382 2604 2609 2610 2611
8 271 272 1203 1202 295 2612 2613 2614
8 272 273 1166 1203 296 2514 2615 2612
8 1203 1166 374 1201 2615 2519 2616 2617
8 1202 1203 1201 380 2613 2617 2618 2619
8 185 186 1206 1205 209 2620 2621 2622
8 186 187 1169 1206 210 2522 2623 2620
8 1206 1169 378 1204 2623 2527 2624 2625
8 1205 1206 1204 381 2621 2625 2626 2627
8 232 233 1210 1209 252 2628 2629 2630
8 233 234 1207 1210 253 2631 2632 2628
8 1210 1207 366 1208 2632 2633 2634 2635
8 1209 1210 1208 382 2629 2635 2636 2637
8 382 1198 1211 1209 2610 2638 2639 2637
8 1198 205 206 1211 2608 229 2640 2638
8 1211 206 4 231 2640 230 250 2641
8 1209 1211 231 232 2639 2641 251 2630
8 5 270 1213 249 293 2642 2643 269
8 270 271 1202 1213 294 2614 2644 2642
8 1213 1202 380 1212 2644 2619 2645 2646
8 249 1213 1212 248 2643 2646 2647 268
8 3 184 1215 335 207 2648 2649 355
8 184 185 1205 1215 208 2622 2650 2648
8 1215 1205 381 1214 2650 2627 2651 2652
8 335 1215 1214 334 2649 2652 2653 354
8 377 1148 1217 1216 2474 2654 2655 2656
8 1148 332 333 1217 2472 352 2657 2654
8 1217 333 334 1214 2657 353 2653 2658
8 1216 1217 1214 381 2655 2658 2651 2659
8 373 1151 1219 1218 2482 2660 2661 2662
8 1151 246 247 1219 2480 266 2663 2660
8 1219 247 248 1212 2663 267 2647 2664
8 1218 1219 1212 380 2661 2664 2645 2665
8 34 35 1222 1221 78 2666 2667 2668
8 35 36 1220 1222 79 2669 2670 2666
8 1222 1220 770 1056 2670 2671 2672 2673
8 1221 1222 1056 771 2667 2673 2674 2675
8 287 288 1226 1225 311 2676 2677 2678
8 288 289 1223 1226 312 2679 2680 2676
8 1226 1223 403 1224 2680 2681 2682 2683
8 1225 1226 1224 359 2677 2683 2684 2685
8 285 286 1229 1228 309 2686 2687 2688
8 286 287 1225 1229 310 2678 2689 2686
8 1229 1225 359 1227 2689 2685 2690 2691
8 1228 1229 1227 401 2687 2691 2692 2693
8 193 194 1232 1231 217 2694 2695 2696
8 194 195 1163 1232 218 2506 2697 2694
8 1232 1163 375 1230 2697 2511 2698 2699
8 1231 1232 1230 397 2695 2699 2700 2701
8 201 202 1235 1234 225 2702 2703 2704
8 202 203 1197 1235 226 2606 2705 2702
8 1235 1197 367 1233 2705 2602 2706 2707
8 1234 1235 1233 402 2703 2707 2708 2709
8 279 280 1238 1237 303 2710 2711 2712
8 280 281 1160 1238 304 2496 2713 2710
8 1238 1160 370 1236 2713 2503 2714 2715
8 1237 1238 1236 398 2711 2715 2716 2717
8 396 1239 1241 1025 2718 2719 2720 2721
8 1239 457 1240 1241 2722 2723 2724 2719
8 1241 1240 438 968 2724 2725 2726 2727
8 1025 1241 968 420 2720 2727 2728 2729
8 234 235 1243 1207 254 2730 2731 2631
8 235 236 1179 1243 255 2548 2732 2730
8 1243 1179 400 1242 2732 2555 2733 2734
8 1207 1243 1242 366 2731 2734 2735 2633
8 554 1244 1248 1247 2736 2737 2738 2739
8 1244 539 1245 1248 2740 2741 2742 2737
8 1248 1245 505 1246 2742 2743 2744 2745
8 1247 1248 1246 518 2738 2745 2746 2747
8 240 241 1251 1250 260 2748 2749 2750
8 241 242 1140 1251 261 2452 2751 2748
8 1251 1140 363 1249 2751 2448 2752 2753
8 1250 1251 1249 395 2749 2753 2754 2755
8 326 327 1254 1253 346 2756 2757 2758
8 327 328 1144 1254 347 2462 2759 2756
8 1254 1144 364 1252 2759 2458 2760 2761
8 1253 1254 1252 394 2757 2761 2762 2763
8 20 21 1257 1256 64 2764 2765 2766
8 21 22 1175 1257 65 2544 2767 2764
8 1257 1175 765 1255 2767 2542 2768 2769
8 1256 1257 1255 772 2765 2769 2770 2771
8 609 875 1261 1260 2772 2773 2774 2775
8 875 568 1258 1261 2776 2777 2778 2773
8 1261 1258 585 1259 2778 2779 2780 2781
8 1260 1261 1259 617 2774 2781 2782 2783
8 428 1262 1265 1264 2784 2785 2786 2787
8 1262 457 1239 1265 2788 2722 2789 2785
8 1265 1239 396 1263 2789 2718 2790 2791
8 1264 1265 1263 419 2786 2791 2792 2793
8 384 1266 1270 1269 2794 2795 2796 2797
8 1266 416 1267 1270 2798 2799 2800 2795
8 1270 1267 439 1268 2800 2801 2802 2803
8 1269 1270 1268 455 2796 2803 2804 2805
8 413 1271 1275 1274 2806 2807 2808 2809
8 1271 435 1272 1275 2810 2811 2812 2807
8 1275 1272 453 1273 2812 2813 2814 2815
8 1274 1275 1273 440 2808 2815 2816 2817
8 747 1276 1280 1279 2818 2819 2820 2821
8 1276 783 1277 1280 2822 2823 2824 2819
8 1280 1277 764 1278 2824 2825 2826 2827
8 1279 1280 1278 727 2820 2827 2828 2829
8 320 321 1282 1154 340 2830 2831 2487
8 321 322 1187 1282 341 2570 2832 2830
8 1282 1187 399 1281 2832 2577 2833 2834
8 1154 1282 1281 379 2831 2834 2835 2489
8 415 1283 1286 1285 2836 2837 2838 2839
8 1283 434 1284 1286 2840 2841 2842 2837
8 1286 1284 452 883 2842 2843 2844 2845
8 1285 1286 883 441 2838 2845 2846 2847
8 318 1156 1288 317 2486 2848 2849 337
8 1156 365 1287 1288 2493 2850 2851 2848
8 1288 1287 291 292 2851 2852 315 2853
8 317 1288 292 6 2849 2853 316 336
8 34 1221 1291 33 2668 2854 2855 77
8 1221 771 1289 1291 2675 2856 2857 2854
8 1291 1289 447 1290 2857 2858 2859 2860
8 33 1291 1290 32 2855 2860 2861 76
8 432 1292 1296 1295 2862 2863 2864 2865
8 1292 410 1293 1296 2866 2867 2868 2863
8 1296 1293 422 1294 2868 2869 2870 2871
8 1295 1296 1294 445 2864 2871 2872 2873
8 433 1297 1300 1007 2874 2875 2876 2877
8 1297 418 1298 1300 2878 2879 2880 2875
8 1300 1298 423 1299 2880 2881 2882 2883
8 1007 1300 1299 446 2876 2883 2884 2885
8 790 1301 1305 1304 2886 2887 2888 2889
8 1301 804 1302 1305 2890 2891 2892 2887
8 1305 1302 731 1303 2892 2893 2894 2895
8 1304 1305 1303 789 2888 2895 2896 2897
8 800 1306 1308 1307 2898 2899 2900 2901
8 1306 666 1067 1308 2902 2903 2904 2899
8 1308 1067 814 1106 2904 2905 2906 2907
8 1307 1308 1106 742 2900 2907 2908 2909
8 38 39 1311 1310 82 2910 2911 2912
8 39 40 1087 1311 83 2913 2914 2910
8 1311 1087 665 1309 2914 2915 2916 2917
8 1310 1311 1309 793 2911 2917 2918 2919
8 471 1312 1314 931 2920 2921 2922 2923
8 1312 464 963 1314 2924 2925 2926 2921
8 1314 963 451 1313 2926 2927 2928 2929
8 931 1314 1313 547 2922 2929 2930 2931
8 458 1315 1318 1317 2932 2933 2934 2935
8 1315 119 118 1318 2936 162 2937 2933
8 1318 118 117 1316 2937 161 2938 2939
8 1317 1318 1316 751 2934 2939 2940 2941
8 115 1319 1320 116 2942 2943 2944 159
8 1319 724 1001 1320 2945 2946 2947 2943
8 1320 1001 751 1316 2947 2948 2940 2949
8 116 1320 1316 117 2944 2949 2938 160
8 557 1321 1324 1323 2950 2951 2952 2953
8 1321 594 1322 1324 2954 2955 2956 2951
8 1324 1322 573 865 2956 2957 2958 2959
8 1323 1324 865 534 2952 2959 2960 2961
8 538 1325 1329 1328 2962 2963 2964 2965
8 1325 610 1326 1329 2966 2967 2968 2963
8 1329 1326 595 1327 2968 2969 2970 2971
8 1328 1329 1327 565 2964 2971 2972 2973
8 520 1330 1333 1332 2974 2975 2976 2977
8 1330 598 1081 1333 2978 2979 2980 2975
8 1333 1081 578 1331 2980 2981 2982 2983
8 1332 1333 1331 563 2976 2983 2984 2985
8 497 1334 1337 1336 2986 2987 2988 2989
8 1334 438 1240 1337 2990 2725 2991 2987
8 1337 1240 457 1335 2991 2723 2992 2993
8 1336 1337 1335 475 2988 2993 2994 2995
8 635 971 1341 1340 2996 2997 2998 2999
8 971 658 1338 1341 3000 3001 3002 2997
8 1341 1338 601 1339 3002 3003 3004 3005
8 1340 1341 1339 618 2998 3005 3006 3007
8 20 1256 1344 19 2766 3008 3009 63
8 1256 772 1342 1344 2771 3010 3011 3008
8 1344 1342 583 1343 3011 3012 3013 3014
8 19 1344 1343 18 3009 3014 3015 62
8 455 1345 1346 1269 3016 3017 3018 2805
8 1345 429 871 1346 3019 3020 3021 3017
8 1346 871 421 1031 3021 3022 3023 3024
8 1269 1346 1031 384 3018 3024 3025 2797
8 451 962 1350 1349 3026 3027 3028 3029
8 962 408 1347 1350 3030 3031 3032 3027
8 1350 1347 442 1348 3032 3033 3034 3035
8 1349 1350 1348 459 3028 3035 3036 3037
8 514 1351 1355 1354 3038 3039 3040 3041
8 1351 483 1352 1355 3042 3043 3044 3039
8 1355 1352 499 1353 3044 3045 3046 3047
8 1354 1355 1353 534 3040 3047 3048 3049
8 536 1356 1360 1359 3050 3051 3052 3053
8 1356 541 1357 1360 3054 3055 3056 3051
8 1360 1357 548 1358 3056 3057 3058 3059
8 1359 1360 1358 575 3052 3059 3060 3061
8 507 1361 1364 1363 3062 3063 3064 3065
8 1361 529 1362 1364 3066 3067 3068 3063
8 1364 1362 473 976 3068 3069 3070 3071
8 1363 1364 976 498 3064 3071 3072 3073
8 380 1201 1367 1218 2618 3074 3075 2665
8 1201 374 1365 1367 2616 3076 3077 3074
8 1367 1365 405 1366 3077 3078 3079 3080
8 1218 1367 1366 373 3075 3080 3081 2662
8 381 1204 1370 1216 2626 3082 3083 2659
8 1204 378 1368 1370 2624 3084 3085 3082
8 1370 1368 404 1369 3085 3086 3087 3088
8 1216 1370 1369 377 3083 3088 3089 2656
8 389 1371 1373 1372 3090 3091 3092 3093
8 1371 367 1199 1373 3094 2605 3095 3091
8 1373 1199 382 1208 3095 2611 2636 3096
8 1372 1373 1208 366 3092 3096 2634 3097
8 16 17 1375 1374 60 3098 3099 3100
8 17 18 1343 1375 61 3015 3101 3098
8 1375 1343 583 1113 3101 3013 3102 3103
8 1374 1375 1113 792 3099 3103 3104 3105
8 463 1376 1378 1377 3106 3107 3108 3109
8 1376 473 1362 1378 3110 3069 3111 3107
8 1378 1362 529 839 3111 3067 3112 3113
8 1377 1378 839 428 3108 3113 3114 3115
8 769 1379 1382 1381 3116 3117 3118 3119
8 1379 644 1380 1382 3120 3121 3122 3117
8 1382 1380 10 11 3122 3123 54 3124
8 1381 1382 11 12 3118 3124 55 3125
8 501 1383 1387 1386 3126 3127 3128 3129
8 1383 543 1384 1387 3130 3131 3132 3127
8 1387 1384 522 1385 3132 3133 3134 3135
8 1386 1387 1385 495 3128 3135 3136 3137
8 570 1388 1390 1089 3138 3139 3140 3141
8 1388 744 1389 1390 3142 3143 3144 3139
8 1390 1389 107 106 3144 3145 150 3146
8 1089 1390 106 105 3140 3146 149 3147
8 490 1193 1393 1392 2597 3148 3149 3150
8 1193 429 1345 1393 2595 3019 3151 3148
8 1393 1345 455 1391 3151 3016 3152 3153
8 1392 1393 1391 467 3149 3153 3154 3155
8 403 1223 1395 1394 2681 3156 3157 3158
8 1223 289 290 1395 2679 313 3159 3156
8 1395 290 291 1287 3159 314 2852 3160
8 1394 1395 1287 365 3157 3160 2850 3161
8 547 1396 1398 932 3162 3163 3164 3165
8 1396 478 936 1398 3166 3167 3168 3163
8 1398 936 489 1397 3168 3169 3170 3171
8 932 1398 1397 527 3164 3171 3172 3173
8 817 1399 1402 918 3174 3175 3176 3177
8 1399 801 1400 1402 3178 3179 3180 3175
8 1402 1400 788 1401 3180 3181 3182 3183
8 918 1402 1401 787 3176 3183 3184 3185
8 595 1403 1405 1327 3186 3187 3188 2970
8 1403 618 1339 1405 3189 3006 3190 3187
8 1405 1339 601 1404 3190 3004 3191 3192
8 1327 1405 1404 565 3188 3192 3193 2972
8 777 860 1408 990 3194 3195 3196 3197
8 860 738 1406 1408 3198 3199 3200 3195
8 1408 1406 781 1407 3200 3201 3202 3203
8 990 1408 1407 791 3196 3203 3204 3205
8 283 284 1410 1158 307 3206 3207 2497
8 284 285 1228 1410 308 2688 3208 3206
8 1410 1228 401 1409 3208 2693 3209 3210
8 1158 1410 1409 360 3207 3210 3211 2499
8 427 1411 1413 905 3212 3213 3214 3215
8 1411 415 1285 1413 3216 2839 3217 3213
8 1413 1285 441 1412 3217 2847 3218 3219
8 905 1413 1412 461 3214 3219 3220 3221
8 692 1414 1417 1416 3222 3223 3224 3225
8 1414 707 1415 1417 3226 3227 3228 3223
8 1417 1415 667 897 3228 3229 3230 3231
8 1416 1417 897 687 3224 3231 3232 3233
8 361 1418 1422 1421 3234 3235 3236 3237
8 1418 395 1419 1422 3238 3239 3240 3235
8 1422 1419 410 1420 3240 3241 3242 3243
8 1421 1422 1420 437 3236 3243 3244 3245
8 553 1423 1426 1425 3246 3247 3248 3249
8 1423 542 1424 1426 3250 3251 3252 3247
8 1426 1424 538 1328 3252 3253 2965 3254
8 1425 1426 1328 565 3248 3254 2973 3255
8 682 958 1429 1428 3256 3257 3258 3259
8 958 776 1093 1429 3260 3261 3262 3257
8 1429 1093 753 1427 3262 3263 3264 3265
8 1428 1429 1427 725 3258 3265 3266 3267
8 606 1430 1434 1433 3268 3269 3270 3271
8 1430 593 1431 1434 3272 3273 3274 3269
8 1434 1431 621 1432 3274 3275 3276 3277
8 1433 1434 1432 638 3270 3277 3278 3279
8 765 1039 1437 1255 3280 3281 3282 2768
8 1039 757 1435 1437 3283 3284 3285 3281
8 1437 1435 794 1436 3285 3286 3287 3288
8 1255 1437 1436 772 3282 3288 3289 2770
8 191 192 1439 1137 215 3290 3291 2444
8 192 193 1231 1439 216 2696 3292 3290
8 1439 1231 397 1438 3292 2701 3293 3294
8 1137 1439 1438 358 3291 3294 3295 2446
8 465 966 1442 1441 3296 3297 3298 3299
8 966 411 941 1442 3300 3301 3302 3297
8 1442 941 425 1440 3302 3303 3304 3305
8 1441 1442 1440 430 3298 3305 3306 3307
8 534 1353 1445 1323 3048 3308 3309 2961
8 1353 499 1443 1445 3046 3310 3311 3308
8 1445 1443 543 1444 3311 3312 3313 3314
8 1323 1445 1444 557 3309 3314 3315 2953
8 277 278 1447 1133 301 3316 3317 2434
8 278 279 1237 1447 302 2712 3318 3316
8 1447 1237 398 1446 3318 2717 3319 3320
8 1133 1447 1446 356 3317 3320 3321 2436
8 199 200 1449 1128 223 3322 3323 2421
8 200 201 1234 1449 224 2704 3324 3322
8 1449 1234 402 1448 3324 2709 3325 3326
8 1128 1449 1448 357 3323 3326 3327 2423
8 404 1368 1452 1451 3086 3328 3329 3330
8 1368 378 1168 1452 3084 2526 3331 3328
8 1452 1168 376 1450 3331 2524 3332 3333
8 1451 1452 1450 392 3329 3333 3334 3335
8 405 1365 1455 1454 3078 3336 3337 3338
8 1365 374 1165 1455 3076 2518 3339 3336
8 1455 1165 372 1453 3339 2516 3340 3341
8 1454 1455 1453 393 3337 3341 3342 3343
8 815 1456 1460 1459 3344 3345 3346 3347
8 1456 740 1457 1460 3348 3349 3350 3345
8 1460 1457 759 1458 3350 3351 3352 3353
8 1459 1460 1458 809 3346 3353 3354 3355
8 32 1290 1462 31 2861 3356 3357 75
8 1290 447 1120 1462 2859 3358 3359 3356
8 1462 1120 732 1461 3359 3360 3361 3362
8 31 1462 1461 30 3357 3362 3363 74
8 367 1371 1465 1233 3094 3364 3365 2706
8 1371 389 1463 1465 3090 3366 3367 3364
8 1465 1463 417 1464 3367 3368 3369 3370
8 1233 1465 1464 402 3365 3370 3371 2708
8 481 1466 1469 1468 3372 3373 3374 3375
8 1466 496 1467 1469 3376 3377 3378 3373
8 1469 1467 453 1272 3378 3379 2813 3380
8 1468 1469 1272 435 3374 3380 2811 3381
8 556 1470 1473 1472 3382 3383 3384 3385
8 1470 489 938 1473 3386 3387 3388 3383
8 1473 938 545 1471 3388 3389 3390 3391
8 1472 1473 1471 523 3384 3391 3392 3393
8 517 1474 1477 1476 3394 3395 3396 3397
8 1474 580 1475 1477 3398 3399 3400 3395
8 1477 1475 538 1424 3400 3401 3253 3402
8 1476 1477 1424 542 3396 3402 3251 3403
8 12 13 1479 1381 56 3404 3405 3125
8 13 14 1478 1479 57 3406 3407 3404
8 1479 1478 768 983 3407 3408 3409 3410
8 1381 1479 983 769 3405 3410 3411 3119
8 362 1480 1484 1483 3412 3413 3414 3415
8 1480 394 1481 1484 3416 3417 3418 3413
8 1484 1481 418 1482 3418 3419 3420 3421
8 1483 1484 1482 436 3414 3421 3422 3423
8 410 1292 1487 1420 2866 3424 3425 3242
8 1292 432 1485 1487 2862 3426 3427 3424
8 1487 1485 456 1486 3427 3428 3429 3430
8 1420 1487 1486 437 3425 3430 3431 3244
8 467 1488 1491 1490 3432 3433 3434 3435
8 1488 493 1183 1491 3436 2559 3437 3433
8 1491 1183 502 1489 3437 2567 3438 3439
8 1490 1491 1489 511 3434 3439 3440 3441
8 643 1492 1495 1494 3442 3443 3444 3445
8 1492 44 45 1495 3446 88 3447 3443
8 1495 45 46 1493 3447 89 3448 3449
8 1494 1495 1493 779 3444 3449 3450 3451
8 238 239 1496 1177 258 3452 3453 2549
8 239 240 1250 1496 259 2750 3454 3452
8 1496 1250 395 1418 3454 2755 3238 3455
8 1177 1496 1418 361 3453 3455 3234 2551
8 770 1220 1498 1497 2671 3456 3457 3458
8 1220 36 37 1498 2669 80 3459 3456
8 1498 37 38 1310 3459 81 2912 3460
8 1497 1498 1310 793 3457 3460 2919 3461
8 699 1173 1501 1500 2531 3462 3463 3464
8 1173 26 27 1501 2537 70 3465 3462
8 1501 27 28 1499 3465 71 3466 3467
8 1500 1501 1499 712 3463 3467 3468 3469
8 666 1090 1503 1065 3470 3471 3472 3473
8 1090 127 126 1503 3474 170 3475 3471
8 1503 126 125 1502 3475 169 3476 3477
8 1065 1503 1502 798 3472 3477 3478 3479
8 480 899 1506 1505 3480 3481 3482 3483
8 899 448 1504 1506 3484 3485 3486 3481
8 1506 1504 499 1352 3486 3487 3045 3488
8 1505 1506 1352 483 3482 3488 3043 3489
8 463 1377 1508 903 3109 3490 3491 3492
8 1377 428 1264 1508 3115 2787 3493 3490
8 1508 1264 419 1507 3493 2793 3494 3495
8 903 1508 1507 383 3491 3495 3496 3497
8 546 1509 1513 1512 3498 3499 3500 3501
8 1509 514 1510 1513 3502 3503 3504 3499
8 1513 1510 549 1511 3504 3505 3506 3507
8 1512 1513 1511 559 3500 3507 3508 3509
8 711 1514 1516 823 3510 3511 3512 3513
8 1514 693 1515 1516 3514 3515 3516 3511
8 1516 1515 708 882 3516 3517 3518 3519
8 823 1516 882 735 3512 3519 3520 3521
8 30 1461 1517 29 3363 3522 3523 73
8 1461 732 1041 1517 3361 3524 3525 3522
8 1517 1041 712 1499 3525 3526 3468 3527
8 29 1517 1499 28 3523 3527 3466 72
8 324 325 1518 1185 344 3528 3529 2571
8 325 326 1253 1518 345 2758 3530 3528
8 1518 1253 394 1480 3530 2763 3416 3531
8 1185 1518 1480 362 3529 3531 3412 2573
8 575 1358 1521 1520 3060 3532 3533 3534
8 1358 548 1519 1521 3058 3535 3536 3532
8 1521 1519 593 1430 3536 3537 3272 3538
8 1520 1521 1430 606 3533 3538 3268 3539
8 450 1522 1525 856 3540 3541 3542 3543
8 1522 406 1523 1525 3544 3545 3546 3541
8 1525 1523 436 1524 3546 3547 3548 3549
8 856 1525 1524 454 3542 3549 3550 3551
8 485 1526 1529 1528 3552 3553 3554 3555
8 1526 501 1386 1529 3556 3129 3557 3553
8 1529 1386 495 1527 3557 3137 3558 3559
8 1528 1529 1527 472 3554 3559 3560 3561
8 556 1530 1532 1531 3562 3563 3564 3565
8 1530 577 910 1532 3566 3567 3568 3563
8 1532 910 552 1085 3568 3569 3570 3571
8 1531 1532 1085 581 3564 3571 3572 3573
8 688 1533 1535 1534 3574 3575 3576 3577
8 1533 684 869 1535 3578 3579 3580 3575
8 1535 869 661 982 3580 3581 3582 3583
8 1534 1535 982 690 3576 3583 3584 3585
8 768 1478 1537 1536 3408 3586 3587 3588
8 1478 14 15 1537 3406 58 3589 3586
8 1537 15 16 1374 3589 59 3100 3590
8 1536 1537 1374 792 3587 3590 3105 3591
8 506 1538 1542 1541 3592 3593 3594 3595
8 1538 470 1539 1542 3596 3597 3598 3593
8 1542 1539 530 1540 3598 3599 3600 3601
8 1541 1542 1540 476 3594 3601 3602 3603
8 426 1543 1545 914 3604 3605 3606 3607
8 1543 413 1274 1545 3608 2809 3609 3605
8 1545 1274 440 1544 3609 2817 3610 3611
8 914 1545 1544 460 3606 3611 3612 3613
8 121 120 1548 1547 164 3614 3615 3616
8 120 119 1315 1548 163 2936 3617 3614
8 1548 1315 458 1546 3617 2932 3618 3619
8 1547 1548 1546 795 3615 3619 3620 3621
8 442 1549 1552 1551 3622 3623 3624 3625
8 1549 359 1224 1552 3626 2684 3627 3623
8 1552 1224 403 1550 3627 2682 3628 3629
8 1551 1552 1550 424 3624 3629 3630 3631
8 418 1297 1554 1482 2878 3632 3633 3420
8 1297 433 1553 1554 2874 3634 3635 3632
8 1554 1553 454 1524 3635 3636 3550 3637
8 1482 1554 1524 436 3633 3637 3548 3422
8 133 132 1557 1556 176 3638 3639 3640
8 132 131 1099 1557 175 3641 3642 3638
8 1557 1099 645 1555 3642 3643 3644 3645
8 1556 1557 1555 759 3639 3645 3646 3647
8 115 114 1560 1319 158 3648 3649 2942
8 114 113 1558 1560 157 3650 3651 3648
8 1560 1558 709 1559 3651 3652 3653 3654
8 1319 1560 1559 724 3649 3654 3655 2945
8 615 1561 1564 853 3656 3657 3658 3659
8 1561 605 1562 1564 3660 3661 3662 3657
8 1564 1562 613 1563 3662 3663 3664 3665
8 853 1564 1563 619 3658 3665 3666 3667
8 787 1111 1565 916 3668 3669 3670 3671
8 1111 583 1342 1565 3672 3012 3673 3669
8 1565 1342 772 1436 3673 3010 3289 3674
8 916 1565 1436 794 3670 3674 3287 3675
8 383 1507 1568 1567 3496 3676 3677 3678
8 1507 419 1566 1568 3494 3679 3680 3676
8 1568 1566 371 1129 3680 3681 2426 3682
8 1567 1568 1129 357 3677 3682 2424 3683
8 424 1550 1570 1569 3630 3684 3685 3686
8 1550 403 1394 1570 3628 3158 3687 3684
8 1570 1394 365 1155 3687 3161 2492 3688
8 1569 1570 1155 379 3685 3688 2490 3689
8 371 1566 1571 1162 3681 3690 3691 2508
8 1566 419 1263 1571 3679 2792 3692 3690
8 1571 1263 396 1024 3692 2790 3693 3694
8 1162 1571 1024 375 3691 3694 3695 2510
8 360 1572 1573 1159 3696 3697 3698 2500
8 1572 416 1266 1573 3699 2798 3700 3697
8 1573 1266 384 1030 3700 2794 3701 3702
8 1159 1573 1030 370 3698 3702 3703 2502
8 401 1574 1576 1409 3704 3705 3706 3209
8 1574 408 1575 1576 3707 3708 3709 3705
8 1576 1575 416 1572 3709 3710 3699 3711
8 1409 1576 1572 360 3706 3711 3696 3211
8 709 1558 1578 1577 3652 3712 3713 3714
8 1558 113 112 1578 3650 156 3715 3712
8 1578 112 111 1037 3715 155 3716 3717
8 1577 1578 1037 730 3713 3717 3718 3719
8 481 969 1579 1466 3720 3721 3722 3372
8 969 438 1334 1579 3723 2990 3724 3721
8 1579 1334 497 1016 3724 2986 3725 3726
8 1466 1579 1016 496 3722 3726 3727 3376
8 537 1580 1583 1582 3728 3729 3730 3731
8 1580 572 1581 1583 3732 3733 3734 3729
8 1583 1581 578 1080 3734 3735 3736 3737
8 1582 1583 1080 531 3730 3737 3738 3739
8 644 1584 1585 1380 3740 3741 3742 3121
8 1584 726 1019 1585 3743 3744 3745 3741
8 1585 1019 8 9 3745 3746 52 3747
8 1380 1585 9 10 3742 3747 53 3123
8 793 1586 1588 1497 3748 3749 3750 3461
8 1586 808 1587 1588 3751 3752 3753 3749
8 1588 1587 785 1057 3753 3754 3755 3756
8 1497 1588 1057 770 3750 3756 3757 3458
8 123 122 1591 1590 166 3758 3759 3760
8 122 121 1547 1591 165 3616 3761 3758
8 1591 1547 795 1589 3761 3621 3762 3763
8 1590 1591 1589 760 3759 3763 3764 3765
8 613 1592 1596 1595 3766 3767 3768 3769
8 1592 592 1593 1596 3770 3771 3772 3767
8 1596 1593 571 1594 3772 3773 3774 3775
8 1595 1596 1594 597 3768 3775 3776 3777
8 728 1044 1599 1598 3778 3779 3780 3781
8 1044 714 1597 1599 3782 3783 3784 3779
8 1599 1597 95 94 3784 3785 138 3786
8 1598 1599 94 0 3780 3786 137 3787
8 715 1600 1604 1603 3788 3789 3790 3791
8 1600 729 1601 1604 3792 3793 3794 3789
8 1604 1601 696 1602 3794 3795 3796 3797
8 1603 1604 1602 706 3790 3797 3798 3799
8 695 1605 1608 1607 3800 3801 3802 3803
8 1605 720 1606 1608 3804 3805 3806 3801
8 1608 1606 708 1515 3806 3807 3517 3808
8 1607 1608 1515 693 3802 3808 3515 3809
8 497 1336 1611 1017 2989 3810 3811 3812
8 1336 475 1609 1611 2995 3813 3814 3810
8 1611 1609 500 1610 3814 3815 3816 3817
8 1017 1611 1610 521 3811 3817 3818 3819
8 651 1612 1616 1615 3820 3821 3822 3823
8 1612 619 1613 1616 3824 3825 3826 3821
8 1616 1613 627 1614 3826 3827 3828 3829
8 1615 1616 1614 630 3822 3829 3830 3831
8 523 1471 1619 1618 3392 3832 3833 3834
8 1471 545 1617 1619 3390 3835 3836 3832
8 1619 1617 470 1538 3836 3837 3596 3838
8 1618 1619 1538 506 3833 3838 3592 3839
8 393 1620 1623 1622 3840 3841 3842 3843
8 1620 387 1621 1623 3844 3845 3846 3841
8 1623 1621 415 1411 3846 3847 3216 3848
8 1622 1623 1411 427 3842 3848 3212 3849
8 802 1624 1627 1626 3850 3851 3852 3853
8 1624 806 1625 1627 3854 3855 3856 3851
8 1627 1625 813 960 3856 3857 3858 3859
8 1626 1627 960 782 3852 3859 3860 3861
8 592 1628 1631 912 3862 3863 3864 3865
8 1628 564 1629 1631 3866 3867 3868 3863
8 1631 1629 532 1630 3868 3869 3870 3871
8 912 1631 1630 552 3864 3871 3872 3873
8 691 929 1632 890 3874 3875 3876 3877
8 929 775 1109 1632 3878 3879 3880 3875
8 1632 1109 702 1006 3880 3881 3882 3883
8 890 1632 1006 718 3876 3883 3884 3885
8 782 959 1634 955 3886 3887 3888 3889
8 959 803 1633 1634 3890 3891 3892 3887
8 1634 1633 781 1406 3892 3893 3201 3894
8 955 1634 1406 738 3888 3894 3199 3895
8 652 1635 1638 868 3896 3897 3898 3899
8 1635 676 1636 1638 3900 3901 3902 3897
8 1638 1636 657 1637 3902 3903 3904 3905
8 868 1638 1637 661 3898 3905 3906 3907
8 719 987 1642 1641 3908 3909 3910 3911
8 987 700 1639 1642 3912 3913 3914 3909
8 1642 1639 722 1640 3914 3915 3916 3917
8 1641 1642 1640 731 3910 3917 3918 3919
8 559 1511 1645 1644 3508 3920 3921 3922
8 1511 549 1643 1645 3506 3923 3924 3920
8 1645 1643 567 977 3924 3925 3926 3927
8 1644 1645 977 591 3921 3927 3928 3929
8 95 1597 1648 96 3785 3930 3931 139
8 1597 714 1646 1648 3783 3932 3933 3930
8 1648 1646 646 1647 3933 3934 3935 3936
8 96 1648 1647 97 3931 3936 3937 140
8 805 1649 1653 1652 3938 3939 3940 3941
8 1649 665 1650 1653 3942 3943 3944 3939
8 1653 1650 643 1651 3944 3945 3946 3947
8 1652 1653 1651 812 3940 3947 3948 3949
8 492 1654 1658 1657 3950 3951 3952 3953
8 1654 477 1655 1658 3954 3955 3956 3951
8 1658 1655 488 1656 3956 3957 3958 3959
8 1657 1658 1656 508 3952 3959 3960 3961
8 456 1485 1661 1660 3428 3962 3963 3964
8 1485 432 900 1661 3426 3965 3966 3962
8 1661 900 480 1659 3966 3967 3968 3969
8 1660 1661 1659 491 3963 3969 3970 3971
8 513 1015 1663 1662 3972 3973 3974 3975
8 1015 540 1083 1663 3976 3977 3978 3973
8 1663 1083 552 1630 3978 3979 3872 3980
8 1662 1663 1630 532 3974 3980 3870 3981
8 624 1664 1667 1666 3982 3983 3984 3985
8 1664 605 1561 1667 3986 3660 3987 3983
8 1667 1561 615 1665 3987 3656 3988 3989
8 1666 1667 1665 641 3984 3989 3990 3991
8 744 1388 1670 1669 3142 3992 3993 3994
8 1388 570 1668 1670 3138 3995 3996 3992
8 1670 1668 756 1077 3996 3997 3998 3999
8 1669 1670 1077 796 3993 3999 4000 4001
8 636 1671 1675 1674 4002 4003 4004 4005
8 1671 653 1672 1675 4006 4007 4008 4003
8 1675 1672 630 1673 4008 4009 4010 4011
8 1674 1675 1673 617 4004 4011 4012 4013
8 606 1433 1679 1678 3271 4014 4015 4016
8 1433 638 1676 1679 3279 4017 4018 4014
8 1679 1676 620 1677 4018 4019 4020 4021
8 1678 1679 1677 588 4015 4021 4022 4023
8 439 1680 1682 1681 4024 4025 4026 4027
8 1680 464 1312 1682 4028 2924 4029 4025
8 1682 1312 471 1181 4029 2920 2560 4030
8 1681 1682 1181 493 4026 4030 2556 4031
8 793 1309 1683 1586 2918 4032 4033 3748
8 1309 665 1649 1683 2916 3942 4034 4032
8 1683 1649 805 1049 4034 3938 4035 4036
8 1586 1683 1049 808 4033 4036 4037 3751
8 361 1421 1685 1178 3237 4038 4039 2552
8 1421 437 1684 1685 3245 4040 4041 4038
8 1685 1684 425 940 4041 4042 4043 4044
8 1178 1685 940 400 4039 4044 4045 2554
8 565 1686 1688 1425 4046 4047 4048 3255
8 1686 642 1687 1688 4049 4050 4051 4047
8 1688 1687 589 920 4051 4052 4053 4054
8 1425 1688 920 553 4048 4054 4055 3249
8 725 1689 1691 1690 4056 4057 4058 4059
8 1689 761 953 1691 4060 4061 4062 4057
8 1691 953 738 859 4062 4063 4064 4065
8 1690 1691 859 713 4058 4065 4066 4067
8 719 1692 1694 988 4068 4069 4070 4071
8 1692 701 1693 1694 4072 4073 4074 4069
8 1694 1693 692 1416 4074 4075 3225 4076
8 988 1694 1416 687 4070 4076 3233 4077
8 390 1695 1697 1696 4078 4079 4080 4081
8 1695 369 1149 1697 4082 2470 4083 4079
8 1697 1149 377 1369 4083 2475 3089 4084
8 1696 1697 1369 404 4080 4084 3087 4085
8 548 1698 1701 1519 4086 4087 4088 3535
8 1698 563 1699 1701 4089 4090 4091 4087
8 1701 1699 569 1700 4091 4092 4093 4094
8 1519 1701 1700 593 4088 4094 4095 3537
8 366 1242 1703 1372 2735 4096 4097 3097
8 1242 400 939 1703 2733 4098 4099 4096
8 1703 939 411 1702 4099 4100 4101 4102
8 1372 1703 1702 389 4097 4102 4103 3093
8 391 1704 1706 1705 4104 4105 4106 4107
8 1704 368 1152 1706 4108 2478 4109 4105
8 1706 1152 373 1366 4109 2483 3081 4110
8 1705 1706 1366 405 4106 4110 3079 4111
8 368 1704 1708 1142 4108 4112 4113 2457
8 1704 391 1707 1708 4104 4114 4115 4112
8 1708 1707 385 995 4115 4116 4117 4118
8 1142 1708 995 363 4113 4118 4119 2451
8 369 1695 1710 1146 4082 4120 4121 2467
8 1695 390 1709 1710 4078 4122 4123 4120
8 1710 1709 386 998 4123 4124 4125 4126
8 1146 1710 998 364 4121 4126 4127 2461
8 650 1711 1715 1714 4128 4129 4130 4131
8 1711 662 1712 1715 4132 4133 4134 4129
8 1715 1712 632 1713 4134 4135 4136 4137
8 1714 1715 1713 622 4130 4137 4138 4139
8 468 1716 1718 885 4140 4141 4142 4143
8 1716 485 1528 1718 4144 3555 4145 4141
8 1718 1528 472 1717 4145 3561 4146 4147
8 885 1718 1717 441 4142 4147 4148 4149
8 362 1483 1719 1186 3415 4150 4151 2574
8 1483 436 1523 1719 3423 3547 4152 4150
8 1719 1523 406 950 4152 3545 4153 4154
8 1186 1719 950 399 4151 4154 4155 2576
8 654 1720 1722 1721 4156 4157 4158 4159
8 1720 641 1665 1722 4160 3990 4161 4157
8 1722 1665 615 855 4161 3988 4162 4163
8 1721 1722 855 629 4158 4163 4164 4165
8 625 1723 1727 1726 4166 4167 4168 4169
8 1723 607 1724 1727 4170 4171 4172 4167
8 1727 1724 620 1725 4172 4173 4174 4175
8 1726 1727 1725 628 4168 4175 4176 4177
8 495 1728 1730 1527 4178 4179 4180 3558
8 1728 509 908 1730 4181 4182 4183 4179
8 1730 908 409 1729 4183 4184 4185 4186
8 1527 1730 1729 472 4180 4186 4187 3560
8 491 1731 1734 1733 4188 4189 4190 4191
8 1731 524 862 1734 4192 4193 4194 4189
8 1734 862 510 1732 4194 4195 4196 4197
8 1733 1734 1732 474 4190 4197 4198 4199
8 526 1008 1737 1736 4200 4201 4202 4203
8 1008 446 1735 1737 4204 4205 4206 4201
8 1737 1735 492 1657 4206 4207 3953 4208
8 1736 1737 1657 508 4202 4208 3961 4209
8 731 1640 1740 1303 3918 4210 4211 2894
8 1640 722 1738 1740 3916 4212 4213 4210
8 1740 1738 750 1739 4213 4214 4215 4216
8 1303 1740 1739 789 4211 4216 4217 2896
8 614 1741 1743 1010 4218 4219 4220 4221
8 1741 608 978 1743 4222 4223 4224 4219
8 1743 978 567 1742 4224 4225 4226 4227
8 1010 1743 1742 604 4220 4227 4228 4229
8 569 1699 1745 1744 4092 4230 4231 4232
8 1699 563 1331 1745 4090 2984 4233 4230
8 1745 1331 578 1581 4233 2982 3735 4234
8 1744 1745 1581 572 4231 4234 3733 4235
8 695 1746 1748 1605 4236 4237 4238 3800
8 1746 685 1747 1748 4239 4240 4241 4237
8 1748 1747 734 1118 4241 4242 4243 4244
8 1605 1748 1118 720 4238 4244 4245 3804
8 505 1245 1750 1023 2743 4246 4247 4248
8 1245 539 892 1750 2741 4249 4250 4246
8 1750 892 519 1749 4250 4251 4252 4253
8 1023 1750 1749 488 4247 4253 4254 4255
8 430 1440 1752 1751 3306 4256 4257 4258
8 1440 425 1684 1752 3304 4042 4259 4256
8 1752 1684 437 1486 4259 4040 3431 4260
8 1751 1752 1486 456 4257 4260 3429 4261
8 439 1681 1753 1268 4027 4262 4263 2802
8 1681 493 1488 1753 4031 3436 4264 4262
8 1753 1488 467 1391 4264 3432 3154 4265
8 1268 1753 1391 455 4263 4265 3152 2804
8 588 1677 1756 1755 4022 4266 4267 4268
8 1677 620 1724 1756 4020 4173 4269 4266
8 1756 1724 607 1754 4269 4171 4270 4271
8 1755 1756 1754 599 4267 4271 4272 4273
8 706 1004 1759 1758 4274 4275 4276 4277
8 1004 702 1757 1759 4278 4279 4280 4275
8 1759 1757 736 1045 4280 4281 4282 4283
8 1758 1759 1045 728 4276 4283 4284 4285
8 744 1669 1763 1762 3994 4286 4287 4288
8 1669 796 1760 1763 4001 4289 4290 4286
8 1763 1760 767 1761 4290 4291 4292 4293
8 1762 1763 1761 730 4287 4293 4294 4295
8 585 1764 1766 1259 4296 4297 4298 2780
8 1764 603 1765 1766 4299 4300 4301 4297
8 1766 1765 636 1674 4301 4302 4005 4303
8 1259 1766 1674 617 4298 4303 4013 2782
8 604 1767 1770 1769 4304 4305 4306 4307
8 1767 596 866 1770 4308 4309 4310 4305
8 1770 866 573 1768 4310 4311 4312 4313
8 1769 1770 1768 623 4306 4313 4314 4315
8 721 1771 1773 1772 4316 4317 4318 4319
8 1771 699 1500 1773 4320 3464 4321 4317
8 1773 1500 712 1043 4321 3469 4322 4323
8 1772 1773 1043 746 4318 4323 4324 4325
8 392 1774 1777 1776 4326 4327 4328 4329
8 1774 388 1775 1777 4330 4331 4332 4327
8 1777 1775 413 1543 4332 4333 3608 4334
8 1776 1777 1543 426 4328 4334 3604 4335
8 431 901 1781 1780 4336 4337 4338 4339
8 901 383 1778 1781 4340 4341 4342 4337
8 1781 1778 417 1779 4342 4343 4344 4345
8 1780 1781 1779 444 4338 4345 4346 4347
8 681 831 1784 1783 4348 4349 4350 4351
8 831 686 1782 1784 4352 4353 4354 4349
8 1784 1782 697 891 4354 4355 4356 4357
8 1783 1784 891 718 4350 4357 4358 4359
8 490 1392 1786 1785 3150 4360 4361 4362
8 1392 467 1490 1786 3155 3435 4363 4360
8 1786 1490 511 844 4363 3441 4364 4365
8 1785 1786 844 503 4361 4365 4366 4367
8 786 1787 1790 1789 4368 4369 4370 4371
8 1787 766 1191 1790 4372 2581 4373 4369
8 1790 1191 748 1788 4373 2589 4374 4375
8 1789 1790 1788 762 4370 4375 4376 4377
8 574 1791 1793 1053 4378 4379 4380 4381
8 1791 551 1792 1793 4382 4383 4384 4379
8 1793 1792 560 1076 4384 4385 4386 4387
8 1053 1793 1076 579 4380 4387 4388 4389
8 673 972 1796 1795 4390 4391 4392 4393
8 972 635 1794 1796 4394 4395 4396 4391
8 1796 1794 654 926 4396 4397 4398 4399
8 1795 1796 926 818 4392 4399 4400 4401
8 474 1732 1799 1798 4198 4402 4403 4404
8 1732 510 1797 1799 4196 4405 4406 4402
8 1799 1797 498 975 4406 4407 4408 4409
8 1798 1799 975 462 4403 4409 4410 4411
8 743 991 1802 1801 4412 4413 4414 4415
8 991 791 1800 1802 4416 4417 4418 4413
8 1802 1800 779 1125 4418 4419 4420 4421
8 1801 1802 1125 822 4414 4421 4422 4423
8 622 1803 1806 1805 4424 4425 4426 4427
8 1803 612 1804 1806 4428 4429 4430 4425
8 1806 1804 589 1687 4430 4431 4052 4432
8 1805 1806 1687 642 4426 4432 4050 4433
8 549 1510 1808 1807 3505 4434 4435 4436
8 1510 514 1354 1808 3503 3041 4437 4434
8 1808 1354 534 867 4437 3049 4438 4439
8 1807 1808 867 596 4435 4439 4440 4441
8 575 1520 1811 1810 3534 4442 4443 4444
8 1520 606 1678 1811 3539 4016 4445 4442
8 1811 1678 588 1809 4445 4023 4446 4447
8 1810 1811 1809 554 4443 4447 4448 4449
8 564 1812 1815 1629 4450 4451 4452 3867
8 1812 587 1813 1815 4453 4454 4455 4451
8 1815 1813 555 1814 4455 4456 4457 4458
8 1629 1815 1814 532 4452 4458 4459 3869
8 561 1816 1818 1817 4460 4461 4462 4463
8 1816 470 1617 1818 4464 3837 4465 4461
8 1818 1617 545 937 4465 3835 4466 4467
8 1817 1818 937 478 4462 4467 4468 4469
8 759 1555 1821 1458 3646 4470 4471 3352
8 1555 645 1819 1821 3644 4472 4473 4470
8 1821 1819 800 1820 4473 4474 4475 4476
8 1458 1821 1820 809 4471 4476 4477 3354
8 432 1295 1824 898 2865 4478 4479 4480
8 1295 445 1822 1824 2873 4481 4482 4478
8 1824 1822 522 1823 4482 4483 4484 4485
8 898 1824 1823 448 4479 4485 4486 4487
8 412 1825 1828 1827 4488 4489 4490 4491
8 1825 388 1826 1828 4492 4493 4494 4489
8 1828 1826 358 1438 4494 4495 3295 4496
8 1827 1828 1438 397 4490 4496 3293 4497
8 414 1829 1832 1831 4498 4499 4500 4501
8 1829 387 1830 1832 4502 4503 4504 4499
8 1832 1830 356 1446 4504 4505 3321 4506
8 1831 1832 1446 398 4500 4506 3319 4507
8 357 1448 1833 1567 3327 4508 4509 3683
8 1448 402 1464 1833 3325 3371 4510 4508
8 1833 1464 417 1778 4510 3369 4343 4511
8 1567 1833 1778 383 4509 4511 4341 3678
8 388 1774 1834 1826 4330 4512 4513 4493
8 1774 392 1450 1834 4326 3334 4514 4512
8 1834 1450 376 1138 4514 3332 2441 4515
8 1826 1834 1138 358 4513 4515 2447 4495
8 669 1835 1838 1837 4516 4517 4518 4519
8 1835 646 1836 1838 4520 4521 4522 4517
8 1838 1836 727 1278 4522 4523 2828 4524
8 1837 1838 1278 764 4518 4524 2826 4525
8 412 1839 1841 1840 4526 4527 4528 4529
8 1839 420 970 1841 4530 4531 4532 4527
8 1841 970 481 1468 4532 4533 3375 4534
8 1840 1841 1468 435 4528 4534 3381 4535
8 572 1580 1844 1843 3732 4536 4537 4538
8 1580 537 1842 1844 3728 4539 4540 4536
8 1844 1842 559 1644 4540 4541 3922 4542
8 1843 1844 1644 591 4537 4542 3929 4543
8 616 1845 1848 1847 4544 4545 4546 4547
8 1845 632 1846 1848 4548 4549 4550 4545
8 1848 1846 649 933 4550 4551 4552 4553
8 1847 1848 933 633 4546 4553 4554 4555
8 387 1620 1849 1830 3844 4556 4557 4503
8 1620 393 1453 1849 3840 3342 4558 4556
8 1849 1453 372 1134 4558 3340 2431 4559
8 1830 1849 1134 356 4557 4559 2437 4505
8 422 996 1851 1294 4560 4561 4562 2870
8 996 385 909 1851 4563 4564 4565 4561
8 1851 909 509 1850 4565 4566 4567 4568
8 1294 1851 1850 445 4562 4568 4569 2872
8 466 1852 1853 838 4570 4571 4572 4573
8 1852 475 1335 1853 4574 2994 4575 4571
8 1853 1335 457 1262 4575 2992 2788 4576
8 838 1853 1262 428 4572 4576 2784 4577
8 386 1854 1856 999 4578 4579 4580 4581
8 1854 407 1855 1856 4582 4583 4584 4579
8 1856 1855 446 1299 4584 4585 2884 4586
8 999 1856 1299 423 4580 4586 2882 4587
8 689 1857 1861 1860 4588 4589 4590 4591
8 1857 678 1858 1861 4592 4593 4594 4589
8 1861 1858 683 1859 4594 4595 4596 4597
8 1860 1861 1859 786 4590 4597 4598 4599
8 596 1767 1862 1807 4308 4600 4601 4441
8 1767 604 1742 1862 4304 4228 4602 4600
8 1862 1742 567 1643 4602 4226 3925 4603
8 1807 1862 1643 549 4601 4603 3923 4436
8 459 1348 1865 1864 3036 4604 4605 4606
8 1348 442 1551 1865 3034 3625 4607 4604
8 1865 1551 424 1863 4607 3631 4608 4609
8 1864 1865 1863 443 4605 4609 4610 4611
8 724 1559 1867 1002 3655 4612 4613 4614
8 1559 709 1866 1867 3653 4615 4616 4612
8 1867 1866 741 1102 4616 4617 4618 4619
8 1002 1867 1102 763 4613 4619 4620 4621
8 359 1549 1868 1227 3626 4622 4623 2690
8 1549 442 1347 1868 3622 3033 4624 4622
8 1868 1347 408 1574 4624 3031 3707 4625
8 1227 1868 1574 401 4623 4625 3704 2692
8 782 954 1870 1626 4626 4627 4628 3861
8 954 761 888 1870 4629 4630 4631 4627
8 1870 888 784 1869 4631 4632 4633 4634
8 1626 1870 1869 802 4628 4634 4635 3853
8 594 1321 1873 1027 2954 4636 4637 4638
8 1321 557 1871 1873 2950 4639 4640 4636
8 1873 1871 576 1872 4640 4641 4642 4643
8 1027 1873 1872 586 4637 4643 4644 4645
8 647 1874 1877 878 4646 4647 4648 4649
8 1874 694 1875 1877 4650 4651 4652 4647
8 1877 1875 685 1876 4652 4653 4654 4655
8 878 1877 1876 671 4648 4655 4656 4657
8 801 1878 1880 1879 4658 4659 4660 4661
8 1878 689 1860 1880 4662 4591 4663 4659
8 1880 1860 786 1789 4663 4599 4371 4664
8 1879 1880 1789 762 4660 4664 4377 4665
8 443 951 1882 1864 4666 4667 4668 4611
8 951 406 1522 1882 4669 3544 4670 4667
8 1882 1522 450 1881 4670 3540 4671 4672
8 1864 1882 1881 459 4668 4672 4673 4606
8 556 1472 1885 1530 3385 4674 4675 3562
8 1472 523 1883 1885 3393 4676 4677 4674
8 1885 1883 535 1884 4677 4678 4679 4680
8 1530 1885 1884 577 4675 4680 4681 3566
8 414 1886 1889 1888 4682 4683 4684 4685
8 1886 421 873 1889 4686 4687 4688 4683
8 1889 873 479 1887 4688 4689 4690 4691
8 1888 1889 1887 434 4684 4691 4692 4693
8 522 1822 1890 1385 4483 4694 4695 3134
8 1822 445 1850 1890 4481 4569 4696 4694
8 1890 1850 509 1728 4696 4567 4181 4697
8 1385 1890 1728 495 4695 4697 4178 3136
8 516 1891 1894 1893 4698 4699 4700 4701
8 1891 533 1892 1894 4702 4703 4704 4699
8 1894 1892 550 947 4704 4705 4706 4707
8 1893 1894 947 535 4700 4707 4708 4709
8 761 1689 1896 886 4060 4710 4711 4712
8 1689 725 1427 1896 4056 3266 4713 4710
8 1896 1427 753 1895 4713 3264 4714 4715
8 886 1896 1895 677 4711 4715 4716 4717
8 785 1897 1901 1900 4718 4719 4720 4721
8 1897 803 1898 1901 4722 4723 4724 4719
8 1901 1898 754 1899 4724 4725 4726 4727
8 1900 1901 1899 739 4720 4727 4728 4729
8 536 1359 1903 1902 3053 4730 4731 4732
8 1359 575 1810 1903 3061 4444 4733 4730
8 1903 1810 554 1247 4733 4449 2739 4734
8 1902 1903 1247 518 4731 4734 2747 4735
8 520 1904 1908 1907 4736 4737 4738 4739
8 1904 541 1905 1908 4740 4741 4742 4737
8 1908 1905 500 1906 4742 4743 4744 4745
8 1907 1908 1906 482 4738 4745 4746 4747
8 593 1700 1909 1431 4095 4748 4749 3273
8 1700 569 834 1909 4093 4750 4751 4748
8 1909 834 611 1033 4751 4752 4753 4754
8 1431 1909 1033 621 4749 4754 4755 3275
8 743 1910 1911 989 4756 4757 4758 4759
8 1910 735 881 1911 4760 4761 4762 4757
8 1911 881 713 861 4762 4763 4764 4765
8 989 1911 861 777 4758 4765 4766 4767
8 815 1912 1915 1914 4768 4769 4770 4771
8 1912 733 843 1915 4772 4773 4774 4769
8 1915 843 820 1913 4774 4775 4776 4777
8 1914 1915 1913 745 4770 4777 4778 4779
8 660 1916 1919 1918 4780 4781 4782 4783
8 1916 707 1414 1919 4784 3226 4785 4781
8 1919 1414 692 1917 4785 3222 4786 4787
8 1918 1919 1917 679 4782 4787 4788 4789
8 541 1356 1921 1905 3054 4790 4791 4741
8 1356 536 1920 1921 3050 4792 4793 4790
8 1921 1920 521 1610 4793 4794 3818 4795
8 1905 1921 1610 500 4791 4795 3816 4743
8 789 1739 1925 1924 4217 4796 4797 4798
8 1739 750 1922 1925 4215 4799 4800 4796
8 1925 1922 760 1923 4800 4801 4802 4803
8 1924 1925 1923 755 4797 4803 4804 4805
8 681 1783 1927 1926 4351 4806 4807 4808
8 1783 718 1005 1927 4359 4809 4810 4806
8 1927 1005 706 1602 4810 4811 3798 4812
8 1926 1927 1602 696 4807 4812 3796 4813
8 487 1928 1931 943 4814 4815 4816 4817
8 1928 503 1929 1931 4818 4819 4820 4815
8 1931 1929 517 1930 4820 4821 4822 4823
8 943 1931 1930 512 4816 4823 4824 4825
8 533 1891 1934 1933 4702 4826 4827 4828
8 1891 516 993 1934 4698 4829 4830 4826
8 1934 993 484 1932 4830 4831 4832 4833
8 1933 1934 1932 515 4827 4833 4834 4835
8 653 1671 1937 826 4006 4836 4837 4838
8 1671 636 1935 1937 4002 4839 4840 4836
8 1937 1935 698 1936 4840 4841 4842 4843
8 826 1937 1936 648 4837 4843 4844 4845
8 737 1938 1941 1940 4846 4847 4848 4849
8 1938 762 1788 1941 4850 4376 4851 4847
8 1941 1788 748 1939 4851 4374 4852 4853
8 1940 1941 1939 752 4848 4853 4854 4855
8 682 1428 1943 1942 3259 4856 4857 4858
8 1428 725 1690 1943 3267 4059 4859 4856
8 1943 1690 713 880 4859 4067 4860 4861
8 1942 1943 880 708 4857 4861 4862 4863
8 613 1595 1944 1563 3769 4864 4865 3664
8 1595 597 1061 1944 3777 4866 4867 4864
8 1944 1061 627 1613 4867 4868 3827 4869
8 1563 1944 1613 619 4865 4869 3825 3666
8 477 1945 1947 1655 4870 4871 4872 3955
8 1945 440 1946 1947 4873 4874 4875 4871
8 1947 1946 469 1021 4875 4876 4877 4878
8 1655 1947 1021 488 4872 4878 4879 3957
8 791 1407 1949 1948 3204 4880 4881 4882
8 1407 781 1047 1949 3202 4883 4884 4880
8 1949 1047 805 1652 4884 4885 3941 4886
8 1948 1949 1652 812 4881 4886 3949 4887
8 678 1950 1953 1858 4888 4889 4890 4593
8 1950 659 1951 1953 4891 4892 4893 4889
8 1953 1951 668 1952 4893 4894 4895 4896
8 1858 1953 1952 683 4890 4896 4897 4595
8 780 1954 1957 1068 4898 4899 4900 4901
8 1954 773 1955 1957 4902 4903 4904 4899
8 1957 1955 806 1956 4904 4905 4906 4907
8 1068 1957 1956 816 4900 4907 4908 4909
8 788 1400 1959 1958 3181 4910 4911 4912
8 1400 801 1879 1959 3179 4661 4913 4910
8 1959 1879 762 1938 4913 4665 4850 4914
8 1958 1959 1938 737 4911 4914 4846 4915
8 486 1960 1962 1961 4916 4917 4918 4919
8 1960 518 1246 1962 4920 2746 4921 4917
8 1962 1246 505 1022 4921 2744 4922 4923
8 1961 1962 1022 469 4918 4923 4924 4925
8 574 1055 1965 1964 4926 4927 4928 4929
8 1055 584 1963 1965 4930 4931 4932 4927
8 1965 1963 603 1764 4932 4933 4299 4934
8 1964 1965 1764 585 4928 4934 4296 4935
8 521 1920 1967 1966 4794 4936 4937 4938
8 1920 536 1902 1967 4792 4732 4939 4936
8 1967 1902 518 1960 4939 4735 4920 4940
8 1966 1967 1960 486 4937 4940 4916 4941
8 679 1917 1970 1969 4788 4942 4943 4944
8 1917 692 1693 1970 4786 4075 4945 4942
8 1970 1693 701 1968 4945 4073 4946 4947
8 1969 1970 1968 705 4943 4947 4948 4949
8 674 1971 1974 1973 4950 4951 4952 4953
8 1971 664 1972 1974 4954 4955 4956 4951
8 1974 1972 680 850 4956 4957 4958 4959
8 1973 1974 850 670 4952 4959 4960 4961
8 736 1757 1976 1975 4281 4962 4963 4964
8 1757 702 1108 1976 4279 4965 4966 4962
8 1976 1108 747 1279 4966 4967 2821 4968
8 1975 1976 1279 727 4963 4968 2829 4969
8 756 1668 1979 1978 3997 4970 4971 4972
8 1668 570 1977 1979 3995 4973 4974 4970
8 1979 1977 669 1837 4974 4975 4519 4976
8 1978 1979 1837 764 4971 4976 4525 4977
8 551 1791 1981 1980 4382 4978 4979 4980
8 1791 574 1964 1981 4378 4929 4981 4978
8 1981 1964 585 1258 4981 4935 2779 4982
8 1980 1981 1258 568 4979 4982 2777 4983
8 491 1733 1983 1660 4191 4984 4985 3971
8 1733 474 1982 1983 4199 4986 4987 4984
8 1983 1982 430 1751 4987 4988 4258 4989
8 1660 1983 1751 456 4985 4989 4261 3964
8 773 1984 1986 1985 4990 4991 4992 4993
8 1984 721 1772 1986 4994 4319 4995 4991
8 1986 1772 746 1097 4995 4325 4996 4997
8 1985 1986 1097 797 4992 4997 4998 4999
8 818 1987 1990 1795 5000 5001 5002 4401
8 1987 811 1988 1990 5003 5004 5005 5001
8 1990 1988 677 1989 5005 5006 5007 5008
8 1795 1990 1989 673 5002 5008 5009 4393
8 484 1991 1994 1932 5010 5011 5012 4832
8 1991 449 1992 1994 5013 5014 5015 5011
8 1994 1992 504 1993 5015 5016 5017 5018
8 1932 1994 1993 515 5012 5018 5019 4834
8 800 1307 1997 1820 2901 5020 5021 4475
8 1307 742 1995 1997 2909 5022 5023 5020
8 1997 1995 807 1996 5023 5024 5025 5026
8 1820 1997 1996 809 5021 5026 5027 4477
8 646 1646 1998 1836 3934 5028 5029 4521
8 1646 714 1046 1998 3932 5030 5031 5028
8 1998 1046 736 1975 5031 5032 4964 5033
8 1836 1998 1975 727 5029 5033 4969 4523
8 739 1899 1999 1122 4728 5034 5035 5036
8 1899 754 1095 1999 4726 5037 5038 5034
8 1999 1095 746 1042 5038 5039 5040 5041
8 1122 1999 1042 732 5035 5041 5042 5043
8 533 2000 2001 1892 5044 5045 5046 4703
8 2000 551 1980 2001 5047 4980 5048 5045
8 2001 1980 568 874 5048 4983 5049 5050
8 1892 2001 874 550 5046 5050 5051 4705
8 639 2002 2004 2003 5052 5053 5054 5055
8 2002 633 935 2004 5056 5057 5058 5053
8 2004 935 694 1874 5058 5059 4650 5060
8 2003 2004 1874 647 5054 5060 4646 5061
8 584 1054 2008 2007 5062 5063 5064 5065
8 1054 579 2005 2008 5066 5067 5068 5063
8 2008 2005 566 2006 5068 5069 5070 5071
8 2007 2008 2006 607 5064 5071 5072 5073
8 753 1092 2010 1895 5074 5075 5076 4714
8 1092 774 2009 2010 5077 5078 5079 5075
8 2010 2009 673 1989 5079 5080 5009 5081
8 1895 2010 1989 677 5076 5081 5007 4716
8 657 2011 2014 2013 5082 5083 5084 5085
8 2011 608 1741 2014 5086 4222 5087 5083
8 2014 1741 614 2012 5087 4218 5088 5089
8 2013 2014 2012 637 5084 5089 5090 5091
8 774 2015 2017 2009 5092 5093 5094 5078
8 2015 650 2016 2017 5095 5096 5097 5093
8 2017 2016 658 973 5097 5098 5099 5100
8 2009 2017 973 673 5094 5100 5101 5080
8 541 1904 2018 1357 4740 5102 5103 3055
8 1904 520 1332 2018 4736 2977 5104 5102
8 2018 1332 563 1698 5104 2985 4089 5105
8 1357 2018 1698 548 5103 5105 4086 3057
8 592 1592 2020 1628 3770 5106 5107 3862
8 1592 613 1562 2020 3766 3663 5108 5106
8 2020 1562 605 2019 5108 3661 5109 5110
8 1628 2020 2019 564 5107 5110 5111 3866
8 672 2021 2025 2024 5112 5113 5114 5115
8 2021 686 2022 2025 5116 5117 5118 5113
8 2025 2022 631 2023 5118 5119 5120 5121
8 2024 2025 2023 655 5114 5121 5122 5123
8 510 2026 2028 1797 5124 5125 5126 4405
8 2026 537 1582 2028 5127 3731 5128 5125
8 2028 1582 531 2027 5128 3739 5129 5130
8 1797 2028 2027 498 5126 5130 5131 4407
8 590 832 2030 2029 5132 5133 5134 5135
8 832 569 1744 2030 5136 4232 5137 5133
8 2030 1744 572 1843 5137 4235 4538 5138
8 2029 2030 1843 591 5134 5138 4543 5139
8 672 2024 2033 2032 5115 5140 5141 5142
8 2024 655 2031 2033 5123 5143 5144 5140
8 2033 2031 660 1918 5144 5145 4783 5146
8 2032 2033 1918 679 5141 5146 4789 5147
8 472 1729 2035 1717 4187 5148 5149 4146
8 1729 409 2034 2035 4185 5150 5151 5148
8 2035 2034 461 1412 5151 5152 3220 5153
8 1717 2035 1412 441 5149 5153 3218 4148
8 532 1814 2037 1662 4459 5154 5155 3981
8 1814 555 1062 2037 4457 5156 5157 5154
8 2037 1062 528 2036 5157 5158 5159 5160
8 1662 2037 2036 513 5155 5160 5161 3975
8 435 1271 2038 1840 2810 5162 5163 4535
8 1271 413 1775 2038 2806 4333 5164 5162
8 2038 1775 388 1825 5164 4331 4492 5165
8 1840 2038 1825 412 5163 5165 4488 4529
8 487 942 2041 2040 5166 5167 5168 5169
8 942 468 884 2041 5170 5171 5172 5167
8 2041 884 452 2039 5172 5173 5174 5175
8 2040 2041 2039 494 5168 5175 5176 5177
8 512 2042 2044 944 5178 5179 5180 5181
8 2042 525 2043 2044 5182 5183 5184 5179
8 2044 2043 485 1716 5184 5185 4144 5186
8 944 2044 1716 468 5180 5186 4140 5187
8 469 1946 2046 1961 4876 5188 5189 4925
8 1946 440 1273 2046 4874 2816 5190 5188
8 2046 1273 453 2045 5190 2814 5191 5192
8 1961 2046 2045 486 5189 5192 5193 4919
8 602 1028 2050 2049 5194 5195 5196 5197
8 1028 586 2047 2050 5198 5199 5200 5195
8 2050 2047 612 2048 5200 5201 5202 5203
8 2049 2050 2048 616 5196 5203 5204 5205
8 444 1779 2051 965 4346 5206 5207 5208
8 1779 417 1463 2051 4344 3368 5209 5206
8 2051 1463 389 1702 5209 3366 4103 5210
8 965 2051 1702 411 5207 5210 4101 5211
8 723 2052 2055 2054 5212 5213 5214 5215
8 2052 819 2053 2055 5216 5217 5218 5213
8 2055 2053 733 1912 5218 5219 4772 5220
8 2054 2055 1912 815 5214 5220 4768 5221
8 690 981 2059 2058 5222 5223 5224 5225
8 981 671 2056 2059 5226 5227 5228 5223
8 2059 2056 663 2057 5228 5229 5230 5231
8 2058 2059 2057 704 5224 5231 5232 5233
8 501 2060 2061 1383 5234 5235 5236 3126
8 2060 576 1871 2061 5237 4641 5238 5235
8 2061 1871 557 1444 5238 4639 3315 5239
8 1383 2061 1444 543 5236 5239 3313 3130
8 614 1012 2062 2012 5240 5241 5242 5088
8 1012 639 2003 2062 5243 5055 5244 5241
8 2062 2003 647 877 5244 5061 5245 5246
8 2012 2062 877 637 5242 5246 5247 5090
8 634 2063 2066 2065 5248 5249 5250 5251
8 2063 621 1035 2066 5252 5253 5254 5249
8 2066 1035 626 2064 5254 5255 5256 5257
8 2065 2066 2064 652 5250 5257 5258 5259
8 627 1060 2067 1614 5260 5261 5262 3828
8 1060 609 1260 2067 5263 2775 5264 5261
8 2067 1260 617 1673 5264 2783 4012 5265
8 1614 2067 1673 630 5262 5265 4010 3830
8 379 1281 2068 1569 2835 5266 5267 3689
8 1281 399 952 2068 2833 5268 5269 5266
8 2068 952 443 1863 5269 5270 4610 5271
8 1569 2068 1863 424 5267 5271 4608 3686
8 553 919 2071 1423 5272 5273 5274 3246
8 919 582 2069 2071 5275 5276 5277 5273
8 2071 2069 562 2070 5277 5278 5279 5280
8 1423 2071 2070 542 5274 5280 5281 3250
8 482 2072 2074 2073 5282 5283 5284 5285
8 2072 466 840 2074 5286 5287 5288 5283
8 2074 840 529 1361 5288 5289 3066 5290
8 2073 2074 1361 507 5284 5290 3062 5291
8 516 1893 2075 994 4701 5292 5293 5294
8 1893 535 1883 2075 4709 4678 5295 5292
8 2075 1883 523 1618 5295 4676 3834 5296
8 994 2075 1618 506 5293 5296 3839 5297
8 749 1171 2077 1038 2532 5298 5299 5300
8 1171 699 1771 2077 2528 4320 5301 5298
8 2077 1771 721 2076 5301 4316 5302 5303
8 1038 2077 2076 757 5299 5303 5304 5305
8 514 1509 2079 1351 3502 5306 5307 3038
8 1509 546 863 2079 3498 5308 5309 5306
8 2079 863 524 2078 5309 5310 5311 5312
8 1351 2079 2078 483 5307 5312 5313 3042
8 687 896 2081 986 5314 5315 5316 5317
8 896 684 1533 2081 5318 3578 5319 5315
8 2081 1533 688 2080 5319 3574 5320 5321
8 986 2081 2080 700 5316 5321 5322 5323
8 804 836 2082 1302 5324 5325 5326 2891
8 836 701 1692 2082 5327 4072 5328 5325
8 2082 1692 719 1641 5328 4068 3911 5329
8 1302 2082 1641 731 5326 5329 3919 2893
8 407 1854 2084 2083 4582 5330 5331 5332
8 1854 386 1709 2084 4578 4124 5333 5330
8 2084 1709 390 915 5333 4122 5334 5335
8 2083 2084 915 460 5331 5335 5336 5337
8 513 2036 2086 1013 5161 5338 5339 5340
8 2036 528 2085 2086 5159 5341 5342 5338
8 2086 2085 511 1489 5342 5343 3440 5344
8 1013 2086 1489 502 5339 5344 3438 5345
8 434 1283 2087 1888 2840 5346 5347 4693
8 1283 415 1621 2087 2836 3847 5348 5346
8 2087 1621 387 1829 5348 3845 4502 5349
8 1888 2087 1829 414 5347 5349 4498 4685
8 482 2073 2089 1907 5285 5350 5351 4747
8 2073 507 2088 2089 5291 5352 5353 5350
8 2089 2088 598 1330 5353 5354 2978 5355
8 1907 2089 1330 520 5351 5355 2974 4739
8 623 2090 2091 1769 5356 5357 5358 4315
8 2090 633 2002 2091 5359 5056 5360 5357
8 2091 2002 639 1011 5360 5052 5361 5362
8 1769 2091 1011 604 5358 5362 5363 4307
8 476 2092 2093 1541 5364 5365 5366 3603
8 2092 449 1991 2093 5367 5013 5368 5365
8 2093 1991 484 992 5368 5010 5369 5370
8 1541 2093 992 506 5366 5370 5371 3595
8 733 2053 2096 841 5219 5372 5373 5374
8 2053 819 2094 2096 5217 5375 5376 5372
8 2096 2094 703 2095 5376 5377 5378 5379
8 841 2096 2095 716 5373 5379 5380 5381
8 659 924 2098 1951 5382 5383 5384 4892
8 924 654 1721 2098 5385 4159 5386 5383
8 2098 1721 629 2097 5386 4165 5387 5388
8 1951 2098 2097 668 5384 5388 5389 4894
8 633 2090 2100 1847 5359 5390 5391 4555
8 2090 623 2099 2100 5356 5392 5393 5390
8 2100 2099 602 2049 5393 5394 5197 5395
8 1847 2100 2049 616 5391 5395 5205 4547
8 479 1195 2101 1887 2593 5396 5397 4690
8 1195 494 2039 2101 2601 5176 5398 5396
8 2101 2039 452 1284 5398 5174 2843 5399
8 1887 2101 1284 434 5397 5399 2841 4692
8 634 2102 2104 2063 5400 5401 5402 5248
8 2102 656 2103 2104 5403 5404 5405 5401
8 2104 2103 638 1432 5405 5406 3278 5407
8 2063 2104 1432 621 5402 5407 3276 5252
8 717 847 2106 2105 5408 5409 5410 5411
8 847 722 1639 2106 5412 3915 5413 5409
8 2106 1639 700 2080 5413 3913 5322 5414
8 2105 2106 2080 688 5410 5414 5320 5415
8 694 934 2108 1875 5416 5417 5418 4651
8 934 649 2107 2108 5419 5420 5421 5417
8 2108 2107 734 1747 5421 5422 4242 5423
8 1875 2108 1747 685 5418 5423 4240 4653
8 618 1403 2110 2109 3189 5424 5425 5426
8 1403 595 1073 2110 3186 5427 5428 5424
8 2110 1073 624 1666 5428 5429 3985 5430
8 2109 2110 1666 641 5425 5430 3991 5431
8 622 1805 2112 1714 4427 5432 5433 4139
8 1805 642 2111 2112 4433 5434 5435 5432
8 2112 2111 658 2016 5435 5436 5098 5437
8 1714 2112 2016 650 5433 5437 5096 4131
8 427 904 2113 1622 5438 5439 5440 3849
8 904 391 1705 2113 5441 4107 5442 5439
8 2113 1705 405 1454 5442 4111 3338 5443
8 1622 2113 1454 393 5440 5443 3343 3843
8 612 2047 2115 1804 5201 5444 5445 4429
8 2047 586 2114 2115 5199 5446 5447 5444
8 2115 2114 582 921 5447 5448 5449 5450
8 1804 2115 921 589 5445 5450 5451 4431
8 626 1034 2118 2117 5452 5453 5454 5455
8 1034 611 833 2118 5456 5457 5458 5453
8 2118 833 590 2116 5458 5459 5460 5461
8 2117 2118 2116 640 5454 5461 5462 5463
8 705 1968 2121 2120 4948 5464 5465 5466
8 1968 701 835 2121 4946 5467 5468 5464
8 2121 835 710 2119 5468 5469 5470 5471
8 2120 2121 2119 783 5465 5471 5472 5473
8 426 913 2122 1776 5474 5475 5476 4335
8 913 390 1696 2122 5477 4081 5478 5475
8 2122 1696 404 1451 5478 4085 3330 5479
8 1776 2122 1451 392 5476 5479 3335 4329
8 551 2000 2124 1792 5047 5480 5481 4383
8 2000 533 1933 2124 5044 4828 5482 5480
8 2124 1933 515 2123 5482 4835 5483 5484
8 1792 2124 2123 560 5481 5484 5485 4385
8 409 907 2125 2034 5486 5487 5488 5150
8 907 385 1707 2125 5489 4116 5490 5487
8 2125 1707 391 906 5490 4114 5491 5492
8 2034 2125 906 461 5488 5492 5493 5152
8 540 1014 2127 1084 5494 5495 5496 5497
8 1014 502 1182 2127 5498 2566 5499 5495
8 2127 1182 527 2126 5499 2564 5500 5501
8 1084 2127 2126 581 5496 5501 5502 5503
8 802 1869 2130 2129 4635 5504 5505 5506
8 1869 784 2128 2130 4633 5507 5508 5504
8 2130 2128 678 1857 5508 5509 4592 5510
8 2129 2130 1857 689 5505 5510 4588 5511
8 798 1502 2132 2131 3478 5512 5513 5514
8 1502 125 124 2132 3476 168 5515 5512
8 2132 124 123 1590 5515 167 3760 5516
8 2131 2132 1590 760 5513 5516 3765 5517
8 704 2057 2135 2134 5232 5518 5519 5520
8 2057 663 2133 2135 5230 5521 5522 5518
8 2135 2133 695 1607 5522 5523 3803 5524
8 2134 2135 1607 693 5519 5524 3809 5525
8 622 1713 2136 1803 4138 5526 5527 4424
8 1713 632 1845 2136 4136 4548 5528 5526
8 2136 1845 616 2048 5528 4544 5204 5529
8 1803 2136 2048 612 5527 5529 5202 4428
8 741 1866 2138 2137 4617 5530 5531 5532
8 1866 709 1577 2138 4615 3714 5533 5530
8 2138 1577 730 1761 5533 3719 4294 5534
8 2137 2138 1761 767 5531 5534 4292 5535
8 757 2076 2140 2139 5304 5536 5537 5538
8 2076 721 1984 2140 5302 4994 5539 5536
8 2140 1984 773 1954 5539 4990 4902 5540
8 2139 2140 1954 780 5537 5540 4898 5541
8 662 956 2143 1712 5542 5543 5544 4133
8 956 682 2141 2143 5545 5546 5547 5543
8 2143 2141 675 2142 5547 5548 5549 5550
8 1712 2143 2142 632 5544 5550 5551 4135
8 444 967 2146 1780 5552 5553 5554 4347
8 967 465 2144 2146 5555 5556 5557 5553
8 2146 2144 462 2145 5557 5558 5559 5560
8 1780 2146 2145 431 5554 5560 5561 4339
8 564 2019 2147 1812 5111 5562 5563 4450
8 2019 605 1664 2147 5109 3986 5564 5562
8 2147 1664 624 1072 5564 3982 5565 5566
8 1812 2147 1072 587 5563 5566 5567 4453
8 635 1340 2148 1794 2999 5568 5569 4395
8 1340 618 2109 2148 3007 5426 5570 5568
8 2148 2109 641 1720 5570 5431 4160 5571
8 1794 2148 1720 654 5569 5571 4156 4397
8 758 945 2149 1124 5572 5573 5574 5575
8 945 1 1127 2149 5576 5577 5578 5573
8 2149 1127 745 1052 5578 5579 5580 5581
8 1124 2149 1052 822 5574 5581 5582 5583
8 667 2150 2151 895 5584 5585 5586 5587
8 2150 634 2065 2151 5588 5251 5589 5585
8 2151 2065 652 870 5589 5259 5590 5591
8 895 2151 870 684 5586 5591 5592 5593
8 670 2152 2155 2154 5594 5595 5596 5597
8 2152 683 1952 2155 5598 4897 5599 5595
8 2155 1952 668 2153 5599 4895 5600 5601
8 2154 2155 2153 651 5596 5601 5602 5603
8 482 1906 2156 2072 4746 5604 5605 5282
8 1906 500 1609 2156 4744 3815 5606 5604
8 2156 1609 475 1852 5606 3813 4574 5607
8 2072 2156 1852 466 5605 5607 4570 5286
8 544 2157 2159 2158 5608 5609 5610 5611
8 2157 519 894 2159 5612 5613 5614 5609
8 2159 894 558 1074 5614 5615 5616 5617
8 2158 2159 1074 560 5610 5617 5618 5619
8 542 2070 2161 1476 5281 5620 5621 3403
8 2070 562 2160 2161 5279 5622 5623 5620
8 2161 2160 512 1930 5623 5624 4824 5625
8 1476 2161 1930 517 5621 5625 4822 3397
8 394 1252 2162 1481 2762 5626 5627 3417
8 1252 364 1000 2162 2760 5628 5629 5626
8 2162 1000 423 1298 5629 5630 2881 5631
8 1481 2162 1298 418 5627 5631 2879 3419
8 566 2005 2164 2163 5069 5632 5633 5634
8 2005 579 1075 2164 5067 5635 5636 5632
8 2164 1075 558 893 5636 5637 5638 5639
8 2163 2164 893 539 5633 5639 5640 5641
8 820 2165 2166 1913 5642 5643 5644 4776
8 2165 711 825 2166 5645 5646 5647 5643
8 2166 825 821 1050 5647 5648 5649 5650
8 1913 2166 1050 745 5644 5650 5651 4778
8 395 1249 2167 1419 2754 5652 5653 3239
8 1249 363 997 2167 2752 5654 5655 5652
8 2167 997 422 1293 5655 5656 2869 5657
8 1419 2167 1293 410 5653 5657 2867 3241
8 707 2168 2169 1415 5658 5659 5660 3227
8 2168 656 2102 2169 5661 5403 5662 5659
8 2169 2102 634 2150 5662 5400 5588 5663
8 1415 2169 2150 667 5660 5663 5584 3229
8 571 1593 2170 949 3773 5664 5665 5666
8 1593 592 911 2170 3771 5667 5668 5664
8 2170 911 577 1884 5668 5669 4681 5670
8 949 2170 1884 535 5665 5670 4679 5671
8 515 1993 2171 2123 5019 5672 5673 5483
8 1993 504 1116 2171 5017 5674 5675 5672
8 2171 1116 544 2158 5675 5676 5611 5677
8 2123 2171 2158 560 5673 5677 5619 5485
8 454 2172 2173 857 5678 5679 5680 5681
8 2172 530 1539 2173 5682 3599 5683 5679
8 2173 1539 470 1816 5683 3597 4464 5684
8 857 2173 1816 561 5680 5684 4460 5685
8 817 1069 2175 1399 5686 5687 5688 3174
8 1069 816 2174 2175 5689 5690 5691 5687
8 2175 2174 689 1878 5691 5692 4662 5693
8 1399 2175 1878 801 5688 5693 4658 3178
8 640 2116 2177 2176 5462 5694 5695 5696
8 2116 590 2029 2177 5460 5135 5697 5694
8 2177 2029 591 979 5697 5139 5698 5699
8 2176 2177 979 608 5695 5699 5700 5701
8 496 1018 2178 1467 5702 5703 5704 3377
8 1018 521 1966 2178 5705 4938 5706 5703
8 2178 1966 486 2045 5706 4941 5193 5707
8 1467 2178 2045 453 5704 5707 5191 3379
8 629 854 2179 2097 5708 5709 5710 5387
8 854 619 1612 2179 5711 3824 5712 5709
8 2179 1612 651 2153 5712 3820 5602 5713
8 2097 2179 2153 668 5710 5713 5600 5389
8 600 2180 2181 846 5714 5715 5716 5717
8 2180 580 1474 2181 5718 3398 5719 5715
8 2181 1474 517 1929 5719 3394 4821 5720
8 846 2181 1929 503 5716 5720 4819 5721
8 473 1376 2182 974 3110 5722 5723 5724
8 1376 463 902 2182 3106 5725 5726 5722
8 2182 902 431 2145 5726 5727 5561 5728
8 974 2182 2145 462 5723 5728 5559 5729
8 755 2183 2185 2184 5730 5731 5732 5733
8 2183 458 1317 2185 5734 2935 5735 5731
8 2185 1317 751 1003 5735 2941 5736 5737
8 2184 2185 1003 763 5732 5737 5738 5739
8 465 1441 2186 2144 3299 5740 5741 5556
8 1441 430 1982 2186 3307 4988 5742 5740
8 2186 1982 474 1798 5742 4986 4404 5743
8 2144 2186 1798 462 5741 5743 4411 5558
8 421 1886 2187 1032 4686 5744 5745 5746
8 1886 414 1831 2187 4682 4501 5747 5744
8 2187 1831 398 1236 5747 4507 2716 5748
8 1032 2187 1236 370 5745 5748 2714 5749
8 449 2092 2190 2189 5367 5750 5751 5752
8 2092 476 2188 2190 5364 5753 5754 5750
8 2190 2188 433 1009 5754 5755 5756 5757
8 2189 2190 1009 526 5751 5757 5758 5759
8 420 1839 2191 1026 4530 5760 5761 5762
8 1839 412 1827 2191 4526 4491 5763 5760
8 2191 1827 397 1230 5763 4497 2700 5764
8 1026 2191 1230 375 5761 5764 2698 5765
8 726 2192 2195 1020 5766 5767 5768 5769
8 2192 752 2193 2195 5770 5771 5772 5767
8 2195 2193 715 2194 5772 5773 5774 5775
8 1020 2195 2194 0 5768 5775 5776 5777
8 594 1029 2196 1322 5778 5779 5780 2955
8 1029 602 2099 2196 5781 5394 5782 5779
8 2196 2099 623 1768 5782 5392 4314 5783
8 1322 2196 1768 573 5780 5783 4312 2957
8 767 2197 2199 2137 5784 5785 5786 5535
8 2197 810 2198 2199 5787 5788 5789 5785
8 2199 2198 790 1103 5789 5790 5791 5792
8 2137 2199 1103 741 5786 5792 5793 5532
8 477 2200 2201 1945 5794 5795 5796 4870
8 2200 407 2083 2201 5797 5332 5798 5795
8 2201 2083 460 1544 5798 5337 3612 5799
8 1945 2201 1544 440 5796 5799 3610 4873
8 543 1443 2202 1384 3312 5800 5801 3131
8 1443 499 1504 2202 3310 3487 5802 5800
8 2202 1504 448 1823 5802 3485 4486 5803
8 1384 2202 1823 522 5801 5803 4484 3133
8 726 1584 2204 2192 3743 5804 5805 5766
8 1584 644 2203 2204 3740 5806 5807 5804
8 2204 2203 737 1940 5807 5808 4849 5809
8 2192 2204 1940 752 5805 5809 4855 5770
8 679 1969 2206 2032 4944 5810 5811 5147
8 1969 705 927 2206 4949 5812 5813 5810
8 2206 927 691 2205 5813 5814 5815 5816
8 2032 2206 2205 672 5811 5816 5817 5142
8 640 2176 2208 2207 5696 5818 5819 5820
8 2176 608 2011 2208 5701 5086 5821 5818
8 2208 2011 657 1636 5821 5082 3903 5822
8 2207 2208 1636 676 5819 5822 3901 5823
8 804 1301 2210 837 2890 5824 5825 5826
8 1301 790 2198 2210 2886 5790 5827 5824
8 2210 2198 810 2209 5827 5788 5828 5829
8 837 2210 2209 710 5825 5829 5830 5831
8 784 887 2212 2128 5832 5833 5834 5507
8 887 677 1988 2212 5835 5006 5836 5833
8 2212 1988 811 2211 5836 5004 5837 5838
8 2128 2212 2211 678 5834 5838 5839 5509
8 703 2213 2215 2214 5840 5841 5842 5843
8 2213 688 1534 2215 5844 3577 5845 5841
8 2215 1534 690 2058 5845 3585 5225 5846
8 2214 2215 2058 704 5842 5846 5233 5847
8 660 2216 2218 1916 5848 5849 5850 4780
8 2216 628 2217 2218 5851 5852 5853 5849
8 2218 2217 656 2168 5853 5854 5661 5855
8 1916 2218 2168 707 5850 5855 5658 4784
8 780 1070 2219 2139 5856 5857 5858 5541
8 1070 817 917 2219 5859 5860 5861 5857
8 2219 917 794 1435 5861 5862 3286 5863
8 2139 2219 1435 757 5858 5863 3284 5538
8 416 1575 2220 1267 3710 5864 5865 2799
8 1575 408 964 2220 3708 5866 5867 5864
8 2220 964 464 1680 5867 5868 4028 5869
8 1267 2220 1680 439 5865 5869 4024 2801
8 494 1194 2221 2040 2600 5870 5871 5177
8 1194 490 1785 2221 2598 4362 5872 5870
8 2221 1785 503 1928 5872 4367 4818 5873
8 2040 2221 1928 487 5871 5873 4814 5169
8 744 1762 2222 1389 4288 5874 5875 3143
8 1762 730 1036 2222 4295 5876 5877 5874
8 2222 1036 109 108 5877 5878 152 5879
8 1389 2222 108 107 5875 5879 151 3145
8 645 1098 2223 1819 5880 5881 5882 4472
8 1098 129 1091 2223 5883 5884 5885 5881
8 2223 1091 666 1306 5885 5886 2902 5887
8 1819 2223 1306 800 5882 5887 2898 4474
8 576 2224 2226 1872 5888 5889 5890 4642
8 2224 525 2225 2226 5891 5892 5893 5889
8 2226 2225 582 2114 5893 5894 5448 5895
8 1872 2226 2114 586 5890 5895 5446 4644
8 584 2007 2228 1963 5065 5896 5897 4931
8 2007 607 1723 2228 5073 4170 5898 5896
8 2228 1723 625 2227 5898 4166 5899 5900
8 1963 2228 2227 603 5897 5900 5901 4933
8 796 1079 2230 1760 5902 5903 5904 4289
8 1079 799 2229 2230 5905 5906 5907 5903
8 2230 2229 810 2197 5907 5908 5787 5909
8 1760 2230 2197 767 5904 5909 5784 4291
8 739 1121 2231 1900 5910 5911 5912 4729
8 1121 447 1289 2231 5913 2858 5914 5911
8 2231 1289 771 1058 5914 2856 5915 5916
8 1900 2231 1058 785 5912 5916 5917 4721
8 799 1078 2233 2232 5918 5919 5920 5921
8 1078 756 1978 2233 5922 4972 5923 5919
8 2233 1978 764 1277 5923 4977 2825 5924
8 2232 2233 1277 783 5920 5924 2823 5925
8 686 830 2235 2022 5926 5927 5928 5117
8 830 648 1936 2235 5929 4844 5930 5927
8 2235 1936 698 2234 5930 4842 5931 5932
8 2022 2235 2234 631 5928 5932 5933 5119
8 783 1276 2236 2120 2822 5934 5935 5473
8 1276 747 1110 2236 2818 5936 5937 5934
8 2236 1110 775 928 5937 5938 5939 5940
8 2120 2236 928 705 5935 5940 5941 5466
8 674 2237 2238 1971 5942 5943 5944 4950
8 2237 630 1672 2238 5945 4009 5946 5943
8 2238 1672 653 828 5946 4007 5947 5948
8 1971 2238 828 664 5944 5948 5949 4954
8 813 2239 2240 961 5950 5951 5952 5953
8 2239 797 1096 2240 5954 5955 5956 5951
8 2240 1096 754 1898 5956 5957 4725 5958
8 961 2240 1898 803 5952 5958 4723 5959
8 637 879 2241 2013 5960 5961 5962 5091
8 879 671 980 2241 5963 5964 5965 5961
8 2241 980 661 1637 5965 5966 3906 5967
8 2013 2241 1637 657 5962 5967 3904 5085
8 681 1926 2243 829 4808 5968 5969 5970
8 1926 696 2242 2243 4813 5971 5972 5968
8 2243 2242 664 827 5972 5973 5974 5975
8 829 2243 827 648 5969 5975 5976 5977
8 649 1846 2244 2107 4551 5978 5979 5420
8 1846 632 2142 2244 4549 5551 5980 5978
8 2244 2142 675 1119 5980 5549 5981 5982
8 2107 2244 1119 734 5979 5982 5983 5422
8 580 1063 2246 1475 5984 5985 5986 3399
8 1063 555 2245 2246 5987 5988 5989 5985
8 2246 2245 610 1325 5989 5990 2966 5991
8 1475 2246 1325 538 5986 5991 2962 3401
8 778 2247 2248 849 5992 5993 5994 5995
8 2247 742 1105 2248 5996 5997 5998 5993
8 2248 1105 750 1738 5998 5999 4214 6000
8 849 2248 1738 722 5994 6000 4212 6001
8 531 1082 2249 2027 6002 6003 6004 5129
8 1082 598 2088 2249 6005 5354 6006 6003
8 2249 2088 507 1363 6006 5352 3065 6007
8 2027 2249 1363 498 6004 6007 3073 5131
8 478 2250 2251 1817 6008 6009 6010 4469
8 2250 459 1881 2251 6011 4673 6012 6009
8 2251 1881 450 858 6012 4671 6013 6014
8 1817 2251 858 561 6010 6014 6015 4463
8 519 2157 2252 1749 5612 6016 6017 4252
8 2157 544 1115 2252 5608 6018 6019 6016
8 2252 1115 508 1656 6019 6020 3960 6021
8 1749 2252 1656 488 6017 6021 3958 4254
8 766 1787 2253 852 4372 6022 6023 6024
8 1787 786 1859 2253 4368 4598 6025 6022
8 2253 1859 683 2152 6025 4596 5598 6026
8 852 2253 2152 670 6023 6026 5594 6027
8 809 1996 2255 1459 5027 6028 6029 3355
8 1996 807 2254 2255 5025 6030 6031 6028
8 2255 2254 723 2054 6031 6032 5215 6033
8 1459 2255 2054 815 6029 6033 5221 3347
8 491 1659 2256 1731 3970 6034 6035 4188
8 1659 480 1505 2256 3968 3483 6036 6034
8 2256 1505 483 2078 6036 3489 5313 6037
8 1731 2256 2078 524 6035 6037 5311 4192
8 597 1594 2257 1059 3776 6038 6039 6040
8 1594 571 948 2257 3774 6041 6042 6038
8 2257 948 550 876 6042 6043 6044 6045
8 1059 2257 876 609 6039 6045 6046 6047
8 504 1992 2258 1114 5016 6048 6049 6050
8 1992 449 2189 2258 5014 5752 6051 6048
8 2258 2189 526 1736 6051 5759 4203 6052
8 1114 2258 1736 508 6049 6052 4209 6053
8 682 1942 2259 2141 4858 6054 6055 5546
8 1942 708 1606 2259 4863 3807 6056 6054
8 2259 1606 720 1117 6056 3805 6057 6058
8 2141 2259 1117 675 6055 6058 6059 5548
8 803 1897 2260 1633 4722 6060 6061 3891
8 1897 785 1587 2260 4718 3754 6062 6060
8 2260 1587 808 1048 6062 3752 6063 6064
8 1633 2260 1048 781 6061 6064 6065 3893
8 759 1457 2261 1556 3351 6066 6067 3647
8 1457 740 922 2261 3349 6068 6069 6066
8 2261 922 135 134 6069 6070 178 6071
8 1556 2261 134 133 6067 6071 177 3640
8 48 946 2262 47 6072 6073 6074 91
8 946 758 1123 2262 6075 6076 6077 6073
8 2262 1123 779 1493 6077 6078 3450 6079
8 47 2262 1493 46 6074 6079 3448 90
8 625 2263 2265 2227 6080 6081 6082 5899
8 2263 655 2023 2265 6083 5122 6084 6081
8 2265 2023 631 2264 6084 5120 6085 6086
8 2227 2265 2264 603 6082 6086 6087 5901
8 620 1676 2266 1725 4019 6088 6089 4174
8 1676 638 2103 2266 4017 5406 6090 6088
8 2266 2103 656 2217 6090 5404 5854 6091
8 1725 2266 2217 628 6089 6091 5852 4176
8 643 1650 2267 1492 3945 6092 6093 3442
8 1650 665 1086 2267 3943 6094 6095 6092
8 2267 1086 42 43 6095 6096 86 6097
8 1492 2267 43 44 6093 6097 87 3446
8 547 1313 2268 1396 2930 6098 6099 3162
8 1313 451 1349 2268 2928 3029 6100 6098
8 2268 1349 459 2250 6100 3037 6011 6101
8 1396 2268 2250 478 6099 6101 6008 3166
8 788 984 2269 1401 6102 6103 6104 3182
8 984 768 1536 2269 6105 3588 6106 6103
8 2269 1536 792 1112 6106 3591 6107 6108
8 1401 2269 1112 787 6104 6108 6109 3184
8 669 1977 2270 1101 4975 6110 6111 6112
8 1977 570 1088 2270 4973 6113 6114 6110
8 2270 1088 103 102 6114 6115 146 6116
8 1101 2270 102 101 6111 6116 145 6117
8 528 1064 2271 2085 6118 6119 6120 5341
8 1064 580 2180 2271 6121 5718 6122 6119
8 2271 2180 600 845 6122 5714 6123 6124
8 2085 2271 845 511 6120 6124 6125 5343
8 599 1754 2273 2272 4272 6126 6127 6128
8 1754 607 2006 2273 4270 5072 6129 6126
8 2273 2006 566 2163 6129 5070 5634 6130
8 2272 2273 2163 539 6127 6130 5641 6131
8 737 2203 2274 1958 5808 6132 6133 4915
8 2203 644 1379 2274 5806 3120 6134 6132
8 2274 1379 769 985 6134 3116 6135 6136
8 1958 2274 985 788 6133 6136 6137 4912
8 646 1835 2275 1647 4520 6138 6139 3935
8 1835 669 1100 2275 4516 6140 6141 6138
8 2275 1100 99 98 6141 6142 142 6143
8 1647 2275 98 97 6139 6143 141 3937
8 740 1456 2276 923 3348 6144 6145 6146
8 1456 815 1914 2276 3344 4771 6147 6144
8 2276 1914 745 1126 6147 4779 6148 6149
8 923 2276 1126 2 6145 6149 6150 6151
8 680 1972 2277 1189 4957 6152 6153 2583
8 1972 664 2242 2277 4955 5973 6154 6152
8 2277 2242 696 1601 6154 5971 3795 6155
8 1189 2277 1601 729 6153 6155 3793 2585
8 723 2254 2280 2052 6032 6156 6157 5212
8 2254 807 2278 2280 6030 6158 6159 6156
8 2280 2278 717 2279 6159 6160 6161 6162
8 2052 2280 2279 819 6157 6162 6163 5216
8 710 2209 2281 2119 5830 6164 6165 5470
8 2209 810 2229 2281 5828 5908 6166 6164
8 2281 2229 799 2232 6166 5906 5921 6167
8 2119 2281 2232 783 6165 6167 5925 5472
8 774 1094 2282 2015 6168 6169 6170 5092
8 1094 776 957 2282 6171 6172 6173 6169
8 2282 957 662 1711 6173 6174 4132 6175
8 2015 2282 1711 650 6170 6175 4128 5095
8 743 1801 2283 1910 4415 6176 6177 4756
8 1801 822 1051 2283 4423 6178 6179 6176
8 2283 1051 821 824 6179 6180 6181 6182
8 1910 2283 824 735 6177 6182 6183 4760
8 716 2284 2285 842 6184 6185 6186 6187
8 2284 693 1514 2285 6188 3514 6189 6185
8 2285 1514 711 2165 6189 3510 5645 6190
8 842 2285 2165 820 6186 6190 5642 6191
8 698 1935 2286 2234 4841 6192 6193 5931
8 1935 636 1765 2286 4839 4302 6194 6192
8 2286 1765 603 2264 6194 4300 6087 6195
8 2234 2286 2264 631 6193 6195 6085 5933
8 610 2245 2287 1326 5990 6196 6197 2967
8 2245 555 1813 2287 5988 4456 6198 6196
8 2287 1813 587 1071 6198 4454 6199 6200
8 1326 2287 1071 595 6197 6200 6201 2969
8 651 1615 2288 2154 3823 6202 6203 5603
8 1615 630 2237 2288 3831 5945 6204 6202
8 2288 2237 674 1973 6204 5942 4953 6205
8 2154 2288 1973 670 6203 6205 4961 5597
8 703 2094 2289 2213 5377 6206 6207 5840
8 2094 819 2279 2289 5375 6163 6208 6206
8 2289 2279 717 2105 6208 6161 5411 6209
8 2213 2289 2105 688 6207 6209 5415 5844
8 811 1987 2290 2211 5003 6210 6211 5837
8 1987 818 925 2290 5000 6212 6213 6210
8 2290 925 659 1950 6213 6214 4891 6215
8 2211 2290 1950 678 6211 6215 4888 5839
8 704 2134 2291 2214 5520 6216 6217 5847
8 2134 693 2284 2291 5525 6188 6218 6216
8 2291 2284 716 2095 6218 6184 5380 6219
8 2214 2291 2095 703 6217 6219 5378 5843
8 546 1512 2292 864 3501 6220 6221 6222
8 1512 559 1842 2292 3509 4541 6223 6220
8 2292 1842 537 2026 6223 4539 5127 6224
8 864 2292 2026 510 6221 6224 5124 6225
8 812 1651 2293 1948 3948 6226 6227 4887
8 1651 643 1494 2293 3946 3445 6228 6226
8 2293 1494 779 1800 6228 3451 4419 6229
8 1948 2293 1800 791 6227 6229 4417 4882
8 672 2205 2294 2021 5817 6230 6231 5112
8 2205 691 889 2294 5815 6232 6233 6230
8 2294 889 697 1782 6233 6234 4355 6235
8 2021 2294 1782 686 6231 6235 4353 5116
8 814 1066 2295 1107 6236 6237 6238 6239
8 1066 798 2131 2295 6240 5514 6241 6237
8 2295 2131 760 1922 6241 5517 4801 6242
8 1107 2295 1922 750 6238 6242 4799 6243
8 807 1995 2296 2278 5024 6244 6245 6158
8 1995 742 2247 2296 5022 5996 6246 6244
8 2296 2247 778 848 6246 5992 6247 6248
8 2278 2296 848 717 6245 6248 6249 6160
8 715 1603 2297 2194 3791 6250 6251 5774
8 1603 706 1758 2297 3799 4277 6252 6250
8 2297 1758 728 1598 6252 4285 3781 6253
8 2194 2297 1598 0 6251 6253 3787 5776
8 729 1600 2298 1190 3792 6254 6255 2586
8 1600 715 2193 2298 3788 5773 6256 6254
8 2298 2193 752 1939 6256 5771 4854 6257
8 1190 2298 1939 748 6255 6257 4852 2588
8 763 1104 2299 2184 6258 6259 6260 5739
8 1104 790 1304 2299 6261 2889 6262 6259
8 2299 1304 789 1924 6262 2897 4798 6263
8 2184 2299 1924 755 6260 6263 4805 5733
8 433 2188 2300 1553 5755 6264 6265 3634
8 2188 476 1540 2300 5753 3602 6266 6264
8 2300 1540 530 2172 6266 3600 5682 6267
8 1553 2300 2172 454 6265 6267 5678 3636
8 492 1735 2301 1654 4207 6268 6269 3950
8 1735 446 1855 2301 4205 4585 6270 6268
8 2301 1855 407 2200 6270 4583 5797 6271
8 1654 2301 2200 477 6269 6271 5794 3954
8 802 2129 2302 1624 5506 6272 6273 3850
8 2129 689 2174 2302 5511 5692 6274 6272
8 2302 2174 816 1956 6274 5690 4908 6275
8 1624 2302 1956 806 6273 6275 4906 3854
8 581 2126 2303 1531 5502 6276 6277 3573
8 2126 527 1397 2303 5500 3172 6278 6276
8 2303 1397 489 1470 6278 3170 3386 6279
8 1531 2303 1470 556 6277 6279 3382 3565
8 599 2272 2304 1755 6128 6280 6281 4273
8 2272 539 1244 2304 6131 2740 6282 6280
8 2304 1244 554 1809 6282 2736 4448 6283
8 1755 2304 1809 588 6281 6283 4446 4268
8 806 1955 2305 1625 4905 6284 6285 3855
8 1955 773 1985 2305 4903 4993 6286 6284
8 2305 1985 797 2239 6286 4999 5954 6287
8 1625 2305 2239 813 6285 6287 5950 3857
8 655 2263 2306 2031 6083 6288 6289 5143
8 2263 625 1726 2306 6080 4169 6290 6288
8 2306 1726 628 2216 6290 4177 5851 6291
8 2031 2306 2216 660 6289 6291 5848 5145
8 601 1338 2307 1404 3003 6292 6293 3191
8 1338 658 2111 2307 3001 5436 6294 6292
8 2307 2111 642 1686 6294 5434 4049 6295
8 1404 2307 1686 565 6293 6295 4046 3193
8 685 1746 2308 1876 4239 6296 6297 4654
8 1746 695 2133 2308 4236 5523 6298 6296
8 2308 2133 663 2056 6298 5521 5229 6299
8 1876 2308 2056 671 6297 6299 5227 4656
8 676 1635 2309 2207 3900 6300 6301 5823
8 1635 652 2064 2309 3896 5258 6302 6300
8 2309 2064 626 2117 6302 5256 5455 6303
8 2207 2309 2117 640 6301 6303 5463 5820
8 562 2069 2310 2160 5278 6304 6305 5622
8 2069 582 2225 2310 5276 5894 6306 6304
8 2310 2225 525 2042 6306 5892 5182 6307
8 2160 2310 2042 512 6305 6307 5178 5624
8 795 1546 2311 1589 3620 6308 6309 3762
8 1546 458 2183 2311 3618 5734 6310 6308
8 2311 2183 755 1923 6310 5730 4804 6311
8 1589 2311 1923 760 6309 6311 4802 3764
8 525 2224 2312 2043 5891 6312 6313 5183
8 2224 576 2060 2312 5888 5237 6314 6312
8 2312 2060 501 1526 6314 5234 3556 6315
8 2043 2312 1526 485 6313 6315 3552 5185
8 711 823 2313 825 3513 6316 6317 5646
8 823 735 824 2313 3521 6183 6318 6316
8 825 2313 824 821 6317 6318 6181 5648
8 653 826 2314 828 4838 6319 6320 5947
8 826 648 827 2314 4845 5976 6321 6319
8 828 2314 827 664 6320 6321 5974 5949
8 681 829 2315 831 5970 6322 6323 4348
8 829 648 830 2315 5977 5929 6324 6322
8 831 2315 830 686 6323 6324 5926 4352
8 569 832 2316 834 5136 6325 6326 4750
8 832 590 833 2316 5132 5459 6327 6325
8 834 2316 833 611 6326 6327 5457 4752
8 710 835 2317 837 5469 6328 6329 5831
8 835 701 836 2317 5467 5327 6330 6328
8 837 2317 836 804 6329 6330 5324 5826
8 466 838 2318 840 4573 6331 6332 5287
8 838 428 839 2318 4577 3114 6333 6331
8 840 2318 839 529 6332 6333 3112 5289
8 733 841 2319 843 5374 6334 6335 4773
8 841 716 842 2319 5381 6187 6336 6334
8 843 2319 842 820 6335 6336 6191 4775
8 503 844 2320 846 4366 6337 6338 5721
8 844 511 845 2320 4364 6125 6339 6337
8 846 2320 845 600 6338 6339 6123 5717
8 722 847 2321 849 5412 6340 6341 6001
8 847 717 848 2321 5408 6249 6342 6340
8 849 2321 848 778 6341 6342 6247 5995
8 670 850 2322 852 4960 6343 6344 6027
8 850 680 851 2322 4958 2582 6345 6343
8 852 2322 851 766 6344 6345 2578 6024
8 615 853 2323 855 3659 6346 6347 4162
8 853 619 854 2323 3667 5711 6348 6346
8 855 2323 854 629 6347 6348 5708 4164
8 450 856 2324 858 3543 6349 6350 6013
8 856 454 857 2324 3551 5681 6351 6349
8 858 2324 857 561 6350 6351 5685 6015
8 713 859 2325 861 4066 6352 6353 4764
8 859 738 860 2325 4064 3198 6354 6352
8 861 2325 860 777 6353 6354 3194 4766
8 510 862 2326 864 4195 6355 6356 6225
8 862 524 863 2326 4193 5310 6357 6355
8 864 2326 863 546 6356 6357 5308 6222
8 534 865 2327 867 2960 6358 6359 4438
8 865 573 866 2327 2958 4311 6360 6358
8 867 2327 866 596 6359 6360 4309 4440
8 652 868 2328 870 3899 6361 6362 5590
8 868 661 869 2328 3907 3581 6363 6361
8 870 2328 869 684 6362 6363 3579 5592
8 421 871 2329 873 3022 6364 6365 4687
8 871 429 872 2329 3020 2594 6366 6364
8 873 2329 872 479 6365 6366 2590 4689
8 550 874 2330 876 5051 6367 6368 6044
8 874 568 875 2330 5049 2776 6369 6367
8 876 2330 875 609 6368 6369 2772 6046
8 637 877 2331 879 5247 6370 6371 5960
8 877 647 878 2331 5245 4649 6372 6370
8 879 2331 878 671 6371 6372 4657 5963
8 708 880 2332 882 4862 6373 6374 3518
8 880 713 881 2332 4860 4763 6375 6373
8 882 2332 881 735 6374 6375 4761 3520
8 441 883 2333 885 2846 6376 6377 4149
8 883 452 884 2333 2844 5173 6378 6376
8 885 2333 884 468 6377 6378 5171 4143
8 761 886 2334 888 4712 6379 6380 4630
8 886 677 887 2334 4717 5835 6381 6379
8 888 2334 887 784 6380 6381 5832 4632
8 697 889 2335 891 6234 6382 6383 4356
8 889 691 890 2335 6232 3877 6384 6382
8 891 2335 890 718 6383 6384 3885 4358
8 519 892 2336 894 4251 6385 6386 5613
8 892 539 893 2336 4249 5640 6387 6385
8 894 2336 893 558 6386 6387 5638 5615
8 667 895 2337 897 5587 6388 6389 3230
8 895 684 896 2337 5593 5318 6390 6388
8 897 2337 896 687 6389 6390 5314 3232
8 432 898 2338 900 4480 6391 6392 3965
8 898 448 899 2338 4487 3484 6393 6391
8 900 2338 899 480 6392 6393 3480 3967
8 383 901 2339 903 4340 6394 6395 3497
8 901 431 902 2339 4336 5727 6396 6394
8 903 2339 902 463 6395 6396 5725 3492
8 391 904 2340 906 5441 6397 6398 5491
8 904 427 905 2340 5438 3215 6399 6397
8 906 2340 905 461 6398 6399 3221 5493
8 385 907 2341 909 5489 6400 6401 4564
8 907 409 908 2341 5486 4184 6402 6400
8 909 2341 908 509 6401 6402 4182 4566
8 552 910 2342 912 3569 6403 6404 3873
8 910 577 911 2342 3567 5669 6405 6403
8 912 2342 911 592 6404 6405 5667 3865
8 390 913 2343 915 5477 6406 6407 5334
8 913 426 914 2343 5474 3607 6408 6406
8 915 2343 914 460 6407 6408 3613 5336
8 787 916 2344 918 3671 6409 6410 3185
8 916 794 917 2344 3675 5862 6411 6409
8 918 2344 917 817 6410 6411 5860 3177
8 582 919 2345 921 5275 6412 6413 5449
8 919 553 920 2345 5272 4055 6414 6412
8 921 2345 920 589 6413 6414 4053 5451
8 2 136 2346 923 180 6415 6416 6151
8 136 135 922 2346 179 6070 6417 6415
8 923 2346 922 740 6416 6417 6068 6146
8 654 924 2347 926 5385 6418 6419 4398
8 924 659 925 2347 5382 6214 6420 6418
8 926 2347 925 818 6419 6420 6212 4400
8 691 927 2348 929 5814 6421 6422 3874
8 927 705 928 2348 5812 5941 6423 6421
8 929 2348 928 775 6422 6423 5939 3878
8 527 930 2349 932 2563 6424 6425 3173
8 930 471 931 2349 2561 2923 6426 6424
8 932 2349 931 547 6425 6426 2931 3165
8 633 933 2350 935 4554 6427 6428 5057
8 933 649 934 2350 4552 5419 6429 6427
8 935 2350 934 694 6428 6429 5416 5059
8 489 936 2351 938 3169 6430 6431 3387
8 936 478 937 2351 3167 4468 6432 6430
8 938 2351 937 545 6431 6432 4466 3389
8 411 939 2352 941 4100 6433 6434 3301
8 939 400 940 2352 4098 4045 6435 6433
8 941 2352 940 425 6434 6435 4043 3303
8 468 942 2353 944 5170 6436 6437 5187
8 942 487 943 2353 5166 4817 6438 6436
8 944 2353 943 512 6437 6438 4825 5181
8 48 49 2354 946 92 6439 6440 6072
8 49 1 945 2354 93 5576 6441 6439
8 946 2354 945 758 6440 6441 5572 6075
8 535 947 2355 949 4708 6442 6443 5671
8 947 550 948 2355 4706 6043 6444 6442
8 949 2355 948 571 6443 6444 6041 5666
8 399 950 2356 952 4155 6445 6446 5268
8 950 406 951 2356 4153 4669 6447 6445
8 952 2356 951 443 6446 6447 4666 5270
8 738 953 2357 955 4063 6448 6449 3895
8 953 761 954 2357 4061 4629 6450 6448
8 955 2357 954 782 6449 6450 4626 3889
8 682 956 2358 958 5545 6451 6452 3256
8 956 662 957 2358 5542 6174 6453 6451
8 958 2358 957 776 6452 6453 6172 3260
8 803 959 2359 961 3890 6454 6455 5959
8 959 782 960 2359 3886 3860 6456 6454
8 961 2359 960 813 6455 6456 3858 5953
8 408 962 2360 964 3030 6457 6458 5866
8 962 451 963 2360 3026 2927 6459 6457
8 964 2360 963 464 6458 6459 2925 5868
8 444 965 2361 967 5208 6460 6461 5552
8 965 411 966 2361 5211 3300 6462 6460
8 967 2361 966 465 6461 6462 3296 5555
8 420 968 2362 970 2728 6463 6464 4531
8 968 438 969 2362 2726 3723 6465 6463
8 970 2362 969 481 6464 6465 3720 4533
8 658 971 2363 973 3000 6466 6467 5099
8 971 635 972 2363 2996 4394 6468 6466
8 973 2363 972 673 6467 6468 4390 5101
8 473 974 2364 976 5724 6469 6470 3070
8 974 462 975 2364 5729 4410 6471 6469
8 976 2364 975 498 6470 6471 4408 3072
8 591 977 2365 979 3928 6472 6473 5698
8 977 567 978 2365 3926 4225 6474 6472
8 979 2365 978 608 6473 6474 4223 5700
8 661 980 2366 982 5966 6475 6476 3582
8 980 671 981 2366 5964 5226 6477 6475
8 982 2366 981 690 6476 6477 5222 3584
8 769 983 2367 985 3411 6478 6479 6135
8 983 768 984 2367 3409 6105 6480 6478
8 985 2367 984 788 6479 6480 6102 6137
8 687 986 2368 988 5317 6481 6482 4077
8 986 700 987 2368 5323 3912 6483 6481
8 988 2368 987 719 6482 6483 3908 4071
8 743 989 2369 991 4759 6484 6485 4412
8 989 777 990 2369 4767 3197 6486 6484
8 991 2369 990 791 6485 6486 3205 4416
8 506 992 2370 994 5371 6487 6488 5297
8 992 484 993 2370 5369 4831 6489 6487
8 994 2370 993 516 6488 6489 4829 5294
8 363 995 2371 997 4119 6490 6491 5654
8 995 385 996 2371 4117 4563 6492 6490
8 997 2371 996 422 6491 6492 4560 5656
8 364 998 2372 1000 4127 6493 6494 5628
8 998 386 999 2372 4125 4581 6495 6493
8 1000 2372 999 423 6494 6495 4587 5630
8 751 1001 2373 1003 2948 6496 6497 5736
8 1001 724 1002 2373 2946 4614 6498 6496
8 1003 2373 1002 763 6497 6498 4621 5738
8 702 1004 2374 1006 4278 6499 6500 3882
8 1004 706 1005 2374 4274 4811 6501 6499
8 1006 2374 1005 718 6500 6501 4809 3884
8 433 1007 2375 1009 2877 6502 6503 5756
8 1007 446 1008 2375 2885 4204 6504 6502
8 1009 2375 1008 526 6503 6504 4200 5758
8 614 1010 2376 1012 4221 6505 6506 5240
8 1010 604 1011 2376 4229 5363 6507 6505
8 1012 2376 1011 639 6506 6507 5361 5243
8 513 1013 2377 1015 5340 6508 6509 3972
8 1013 502 1014 2377 5345 5498 6510 6508
8 1015 2377 1014 540 6509 6510 5494 3976
8 496 1016 2378 1018 3727 6511 6512 5702
8 1016 497 1017 2378 3725 3812 6513 6511
8 1018 2378 1017 521 6512 6513 3819 5705
8 0 7 2379 1020 50 6514 6515 5777
8 7 8 1019 2379 51 3746 6516 6514
8 1020 2379 1019 726 6515 6516 3744 5769
8 488 1021 2380 1023 4879 6517 6518 4255
8 1021 469 1022 2380 4877 4924 6519 6517
8 1023 2380 1022 505 6518 6519 4922 4248
8 375 1024 2381 1026 3695 6520 6521 5765
8 1024 396 1025 2381 3693 2721 6522 6520
8 1026 2381 1025 420 6521 6522 2729 5762
8 594 1027 2382 1029 4638 6523 6524 5778
8 1027 586 1028 2382 4645 5198 6525 6523
8 1029 2382 1028 602 6524 6525 5194 5781
8 370 1030 2383 1032 3703 6526 6527 5749
8 1030 384 1031 2383 3701 3025 6528 6526
8 1032 2383 1031 421 6527 6528 3023 5746
8 621 1033 2384 1035 4755 6529 6530 5253
8 1033 611 1034 2384 4753 5456 6531 6529
8 1035 2384 1034 626 6530 6531 5452 5255
8 111 110 2385 1037 154 6532 6533 3716
8 110 109 1036 2385 153 5878 6534 6532
8 1037 2385 1036 730 6533 6534 5876 3718
8 749 1038 2386 1040 5300 6535 6536 2538
8 1038 757 1039 2386 5305 3283 6537 6535
8 1040 2386 1039 765 6536 6537 3280 2541
8 712 1041 2387 1043 3526 6538 6539 4322
8 1041 732 1042 2387 3524 5042 6540 6538
8 1043 2387 1042 746 6539 6540 5040 4324
8 714 1044 2388 1046 3782 6541 6542 5030
8 1044 728 1045 2388 3778 4284 6543 6541
8 1046 2388 1045 736 6542 6543 4282 5032
8 805 1047 2389 1049 4885 6544 6545 4035
8 1047 781 1048 2389 4883 6065 6546 6544
8 1049 2389 1048 808 6545 6546 6063 4037
8 745 1050 2390 1052 5651 6547 6548 5580
8 1050 821 1051 2390 5649 6180 6549 6547
8 1052 2390 1051 822 6548 6549 6178 5582
8 574 1053 2391 1055 4381 6550 6551 4926
8 1053 579 1054 2391 4389 5066 6552 6550
8 1055 2391 1054 584 6551 6552 5062 4930
8 771 1056 2392 1058 2674 6553 6554 5915
8 1056 770 1057 2392 2672 3757 6555 6553
8 1058 2392 1057 785 6554 6555 3755 5917
8 597 1059 2393 1061 6040 6556 6557 4866
8 1059 609 1060 2393 6047 5263 6558 6556
8 1061 2393 1060 627 6557 6558 5260 4868
8 528 1062 2394 1064 5158 6559 6560 6118
8 1062 555 1063 2394 5156 5987 6561 6559
8 1064 2394 1063 580 6560 6561 5984 6121
8 666 1065 2395 1067 3473 6562 6563 2903
8 1065 798 1066 2395 3479 6240 6564 6562
8 1067 2395 1066 814 6563 6564 6236 2905
8 780 1068 2396 1070 4901 6565 6566 5856
8 1068 816 1069 2396 4909 5689 6567 6565
8 1070 2396 1069 817 6566 6567 5686 5859
8 595 1071 2397 1073 6201 6568 6569 5427
8 1071 587 1072 2397 6199 5567 6570 6568
8 1073 2397 1072 624 6569 6570 5565 5429
8 560 1074 2398 1076 5618 6571 6572 4386
8 1074 558 1075 2398 5616 5637 6573 6571
8 1076 2398 1075 579 6572 6573 5635 4388
8 796 1077 2399 1079 4000 6574 6575 5902
8 1077 756 1078 2399 3998 5922 6576 6574
8 1079 2399 1078 799 6575 6576 5918 5905
8 531 1080 2400 1082 3738 6577 6578 6002
8 1080 578 1081 2400 3736 2981 6579 6577
8 1082 2400 1081 598 6578 6579 2979 6005
8 552 1083 2401 1085 3979 6580 6581 3570
8 1083 540 1084 2401 3977 5497 6582 6580
8 1085 2401 1084 581 6581 6582 5503 3572
8 40 41 2402 1087 84 6583 6584 2913
8 41 42 1086 2402 85 6096 6585 6583
8 1087 2402 1086 665 6584 6585 6094 2915
8 105 104 2403 1089 148 6586 6587 3147
8 104 103 1088 2403 147 6115 6588 6586
8 1089 2403 1088 570 6587 6588 6113 3141
8 129 128 2404 1091 172 6589 6590 5884
8 128 127 1090 2404 171 3474 6591 6589
8 1091 2404 1090 666 6590 6591 3470 5886
8 774 1092 2405 1094 5077 6592 6593 6168
8 1092 753 1093 2405 5074 3263 6594 6592
8 1094 2405 1093 776 6593 6594 3261 6171
8 746 1095 2406 1097 5039 6595 6596 4996
8 1095 754 1096 2406 5037 5957 6597 6595
8 1097 2406 1096 797 6596 6597 5955 4998
8 131 130 2407 1099 174 6598 6599 3641
8 130 129 1098 2407 173 5883 6600 6598
8 1099 2407 1098 645 6599 6600 5880 3643
8 101 100 2408 1101 144 6601 6602 6117
8 100 99 1100 2408 143 6142 6603 6601
8 1101 2408 1100 669 6602 6603 6140 6112
8 763 1102 2409 1104 4620 6604 6605 6258
8 1102 741 1103 2409 4618 5793 6606 6604
8 1104 2409 1103 790 6605 6606 5791 6261
8 750 1105 2410 1107 5999 6607 6608 6243
8 1105 742 1106 2410 5997 2908 6609 6607
8 1107 2410 1106 814 6608 6609 2906 6239
8 747 1108 2411 1110 4967 6610 6611 5936
8 1108 702 1109 2411 4965 3881 6612 6610
8 1110 2411 1109 775 6611 6612 3879 5938
8 583 1111 2412 1113 3672 6613 6614 3102
8 1111 787 1112 2412 3668 6109 6615 6613
8 1113 2412 1112 792 6614 6615 6107 3104
8 504 1114 2413 1116 6050 6616 6617 5674
8 1114 508 1115 2413 6053 6020 6618 6616
8 1116 2413 1115 544 6617 6618 6018 5676
8 675 1117 2414 1119 6059 6619 6620 5981
8 1117 720 1118 2414 6057 4245 6621 6619
8 1119 2414 1118 734 6620 6621 4243 5983
8 732 1120 2415 1122 3360 6622 6623 5043
8 1120 447 1121 2415 3358 5913 6624 6622
8 1122 2415 1121 739 6623 6624 5910 5036
8 779 1123 2416 1125 6078 6625 6626 4420
8 1123 758 1124 2416 6076 5575 6627 6625
8 1125 2416 1124 822 6626 6627 5583 4422
8 1 181 2417 1127 182 6628 6629 5577
8 181 2 1126 2417 183 6150 6630 6628
8 1127 2417 1126 745 6629 6630 6148 5579

CELL_TYPES 2329
21
21
21
21
21
21
21
21
21
21
21
21
21
21
21
21
21
21
21
21
21
21
21
21
21
21
21
21
21
21
21
21
21
21
21
21
21
21
21
21
21
21
21
21
21
21
21
21
21
21
21
21
21
21
21
21
21
21
21
21
21
21
21
21
21
21
21
21
21
21
21
21
21
21
21
21
21
21
21
21
21
21
21
21
21
21
21
21
21
21
21
21
21
21
21
21
21
21
21
21
21
21
21
21
21
21
21
21
21
21
21
21
21
21
21
21
21
21
21
21
21
21
21
21
21
21
21
21
21
21
21
21
21
21
21
21
21
21
21
21
21
21
21
21
21
21
21
21
21
21
21
21
21
21
21
21
21
21
21
21
21
21
21
21
21
21
21
21
21
21
21
21
21
21
21
21
21
21
23
23
23
23
23
23
23
23
23
23
23
23
23
23
23
23
23
23
23
23
23
23
23
23
23
23
23
23
23
23
23
23
23
23
23
23
23
23
23
23
23
23
23
23
23
23
23
23
23
23
23
23
23
23
23
23
23
23
23
23
23
23
23
23
23
23
23
23
23
23
23
23
23
23
23
23
23
23
23
23
23
23
23
23
23
23
23
23
23
23
23
23
23
23
23
23
23
23
23
23
23
23
23
23
23
23
23
23
23
23
23
23
23
23
23
23
23
23
23
23
23
23
23
23
23
23
23
23
23
23
23
23
23
23
23
23
23
23
23
23
23
23
23
23
23
23
23
23
23
23
23
23
23
23
23
23
23
23
23
23
23
23
23
23
23
23
23
23
23
23
23
23
23
23
23
23
23
23
23
23
23
23
23
23
23
23
23
23
23
23
23
23
23
23
23
23
23
23
23
23
23
23
23
23
23
23
23
23
23
23
23
23
23
23
23
23
23
23
23
23
23
23
23
23
23
23
23
23
23
23
23
23
23
23
23
23
23
23
23
23
23
23
23
23
23
23
23
23
23
23
23
23
23
23
23
23
23
23
23
23
23
23
23
23
23
23
23
23
23
23
23
23
23
23
23
23
23
23
23
23
23
23
23
23
23
23
23
23
23
23
23
23
23
23
23
23
23
23
23
23
23
23
23
23
23
23
23
23
23
23
23
23
23
23
23
23
23
23
23
23
23
23
23
23
23
23
23
23
23
23
23
23
23
23
23
23
23
23
23
23
23
23
23
23
23
23
23
23
23
23
23
23
23
23
23
23
23
23
23
23
23
23
23
23
23
23
23
23
23
23
23
23
23
23
23
23
23
23
23
23
23
23
23
23
23
23
23
23
23
23
23
23
23
23
23
23
23
23
23
23
23
23
23
23
23
23
23
23
23
23
23
23
23
23
23
23
23
23
23
23
23
23
23
23
23
23
23
23
23
23
23
23
23
23
23
23
23
23
23
23
23
23
23
23
23
23
23
23
23
23
23
23
23
23
23
23
23
23
23
23
23
23
23
23
23
23
23
23
23
23
23
23
23
23
23
23
23
23
23
23
23
23
23
23
23
23
23
23
23
23
23
23
23
23
23
23
23
23
23
23
23
23
23
23
23
23
23
23
23
23
23
23
23
23
23
23
23
23
23
23
23
23
23
23
23
23
23
23
23
23
23
23
23
23
23
23
23
23
23
23
23
23
23
23
23
23
23
23
23
23
23
23
23
23
23
23
23
23
23
23
23
23
23
23
23
23
23
23
23
23
23
23
23
23
23
23
23
23
23
23
23
23
23
23
23
23
23
23
23
23
23
23
23
23
23
23
23
23
23
23
23
23
23
23
23
23
23
23
23
23
23
23
23
23
23
23
23
23
23
23
23
23
23
23
23
23
23
23
23
23
23
23
23
23
23
23
23
23
23
23
23
23
23
23
23
23
23
23
23
23
23
23
23
23
23
23
23
23
23
23
23
23
23
23
23
23
23
23
23
23
23
23
23
23
23
23
23
23
23
23
23
23
23
23
23
23
23
23
23
23
23
23
23
23
23
23
23
23
23
23
23
23
23
23
23
23
23
23
23
23
23
23
23
23
23
23
23
23
23
23
23
23
23
23
23
23
23
23
23
23
23
23
23
23
23
23
23
23
23
23
23
23
23
23
23
23
23
23
23
23
23
23
23
23
23
23
23
23
23
23
23
23
23
23
23
23
23
23
23
23
23
23
23
23
23
23
23
23
23
23
23
23
23
23
23
23
23
23
23
23
23
23
23
23
23
23
23
23
23
23
23
23
23
23
23
23
23
23
23
23
23
23
23
23
23
23
23
23
23
23
23
23
23
23
23
23
23
23
23
23
23
23
23
23
23
23
23
23
23
23
23
23
23
23
23
23
23
23
23
23
23
23
23
23
23
23
23
23
23
23
23
23
23
23
23
23
23
23
23
23
23
23
23
23
23
23
23
23
23
23
23
23
23
23
23
23
23
23
23
23
23
23
23
23
23
23
23
23
23
23
23
23
23
23
23
23
23
23
23
23
23
23
23
23
23
23
23
23
23
23
23
23
23
23
23
23
23
23
23
23
23
23
23
23
23
23
23
23
23
23
23
23
23
23
23
23
23
23
23
23
23
23
23
23
23
23
23
23
23
23
23
23
23
23
23
23
23
23
23
23
23
23
23
23
23
23
23
23
23
23
23
23
23
23
23
23
23
23
23
23
23
23
23
23
23
23
23
23
23
23
23
23
23
23
23
23
23
23
23
23
23
23
23
23
23
23
23
23
23
23
23
23
23
23
23
23
23
23
23
23
23
23
23
23
23
23
23
23
23
23
23
23
23
23
23
23
23
23
23
23
23
23
23
23
23
23
23
23
23
23
23
23
23
23
23
23
23
23
23
23
23
23
23
23
23
23
23
23
23
23
23
23
23
23
23
23
23
23
23
23
23
23
23
23
23
23
23
23
23
23
23
23
23
23
23
23
23
23
23
23
23
23
23
23
23
23
23
23
23
23
23
23
23
23
23
23
23
23
23
23
23
23
23
23
23
23
23
23
23
23
23
23
23
23
23
23
23
23
23
23
23
23
23
23
23
23
23
23
23
23
23
23
23
23
23
23
23
23
23
23
23
23
23
23
23
23
23
23
23
23
23
23
23
23
23
23
23
23
23
23
23
23
23
23
23
23
23
23
23
23
23
23
23
23
23
23
23
23
23
23
23
23
23
23
23
23
23
23
23
23
23
23
23
23
23
23
23
23
23
23
23
23
23
23
23
23
23
23
23
23
23
23
23
23
23
23
23
23
23
23
23
23
23
23
23
23
23
23
23
23
23
23
23
23
23
23
23
23
23
23
23
23
23
23
23
23
23
23
23
23
23
23
23
23
23
23
23
23
23
23
23
23
23
23
23
23
23
23
23
23
23
23
23
23
23
23
23
23
23
23
23
23
23
23
23
23
23
23
23
23
23
23
23
23
23
23
23
23
23
23
23
23
23
23
23
23
23
23
23
23
23
23
23
23
23
23
23
23
23
23
23
23
23
23
23
23
23
23
23
23
23
23
23
23
23
23
23
23
23
23
23
23
23
23
23
23
23
23
23
23
23
23
23
23
23
23
23
23
23
23
23
23
23
23
23
23
23
23
23
23
23
23
23
23
23
23
23
23
23
23
23
23
23
23
23
23
23
23
23
23
23
23
23
23
23
23
23
23
23
23
23
23
23
23
23
23
23
23
23
23
23
23
23
23
23
23
23
23
23
23
23
23
23
23
23
23
23
23
23
23
23
23
23
23
23
23
23
23
23
23
23
23
23
23
23
23
23
23
23
23
23
23
23
23
23
23
23
23
23
23
23
23
23
23
23
23
23
23
23
23
23
23
23
23
23
23
23
23
23
23
23
23
23
23
23
23
23
23
23
23
23
23
23
23
23
23
23
23
23
23
23
23
23
23
23
23
23
23
23
23
23
23
23
23
23
23
23
23
23
23
23
23
23
23
23
23
23
23
23
23
23
23
23
23
23
23
23
23
23
23
23
23
23
23
23
23
23
23
23
23
23
23
23
23
23
23
23
23
23
23
23
23
23
23
23
23
23
23
23
23
23
23
23
23
23
23
23
23
23
23
23
23
23
23
23
23
23
23
23
23
23
23
23
23
23
23
23
23
23
23
23
23
23
23
23
23
23
23
23
23
23
23
23
23
23
23
23
23
23
23
23
23
23
23
23
23
23
23
23
23
23
23
23
23
23
23
23
23
23
23
23
23
23
23
23
23
23
23
23
23
23
23
23
23
23
23
23
23
23
23
23
23
23
23
23
23
23
23
23
23
23
23
23
23
23
23
23
23
23
23
23
23
23
23
23
23
23
23
23
23
23
23
23
23
23
23
23
23
23
23
23
23
23
23
23
23
23
23
23
23
23
23
23
23
23
23
23
23
23
23
23
23
23
23
23
23
23
23
23
23
23
23
23
23
23
23
23
23
23
23
23
23
23
23
23
23
23
23
23
23
23
23
23
23
23
23
23
23
23
23
23
23
23
23
23
23
23
23
23
23
23
23
23
23
23
23
23
23
23
23
23
23
23
23
23
23
23
23
23
23
23
23
23
23
23
23
23
23
23
23
23
23
23
23
23
23
23
23
23
23
23
23
23
23
23
23
23
23
23
23
23
23
23
23
23
23
23
23
23
23
23
23
23
23
23
23
23
23
23
23
23
23
23
23
23
23
23
23
23
23
23
23
23
23
23
23
23
23
23
23
23
23
23
23
23
23
23
23
23
23
23
23
23
23
23
23
23
23
23
23
23
23
23
23
23
23
23
23
23
23
23
23
23
23
23
23
23
23
23
23
23
23
23
23
23
23
23
23
23
23
23
23
23
23
23
23
23
23
23
23
23
23
23
23
23
23
23
23
23
23
23
23
23
23
23
23
23
23
23
23
23
23
23
23
23
23
23
23
23
23
23
23
23
23
23
23
23
23
23
23
23
23
23
23
23
23
23
23
23
23
23
23
23
23
23
23
23
23
23
23
23
23
23
23
23
23
23
23
23
23
23
23
23
23
23
23
23
23
23
23
23
23
23
23
23
23
23
23
23
23
23
23
23
23
23
23
23
23
23
23
23
23
23
23
23
23
23
23
23
23
23
23
23
23
23
23
23
23
23
23
23
23
23
23
23
23
23
23
23
23
23
23
23
23
23
23
23
23
23
23
23
23
23
23
23
23
23
23
23
23
23
23
23
23
23
23
23
23
23
23
23
23
23
23
23
23
23
23
23
23
23
23
23
23
23
23
23
23
23
23
23
23
23
23
23
23
23
23
23
23
23
23
23
23
23
23
23
23
23
23
23

CELL_DATA 2329
SCALARS CellEntityIds int 1
LOOKUP_TABLE default
1
1
1
1
1
1
1
1
1
1
1
1
1
1
1
1
1
1
1
1
1
1
1
1
1
1
1
1
1
1
1
1
1
1
1
1
1
1
1
1
1
1
1
1
2
2
2
2
2
2
2
2
2
2
2
2
2
2
2
2
2
2
2
2
2
2
2
2
2
2
2
2
2
2
2
2
2
2
2
2
2
2
2
2
2
2
2
2
2
2
6
6
6
6
6
6
6
6
6
6
6
6
6
6
6
6
6
6
6
6
6
6
6
6
4
4
4
4
4
4
4
4
4
4
4
4
4
4
4
4
4
4
4
4
5
5
5
5
5
5
5
5
5
5
5
5
5
5
5
5
5
5
5
5
5
5
5
5
3
3
3
3
3
3
3
3
3
3
3
3
3
3
3
3
3
3
3
3
7
7
7
7
7
7
7
7
7
7
7
7
7
7
7
7
7
7
7
7
7
7
7
7
7
7
7
7
7
7
7
7
7
7
7
7
7
7
7
7
7
7
7
7
7
7
7
7
7
7
7
7
7
7
7
7
7
7
7
7
7
7
7
7
7
7
7
7
7
7
7
7
7
7
7
7
7
7
7
7
7
7
7
7
7
7
7
7
7
7
7
7
7
7
7
7
7
7
7
7
7
7
7
7
7
7
7
7
7
7
7
7
7
7
7
7
7
7
7
7
7
7
7
7
7
7
7
7
7
7
7
7
7
7
7
7
7
7
7
7
7
7
7
7
7
7
7
7
7
7
7
7
7
7
7
7
7
7
7
7
7
7
7
7
7
7
7
7
7
7
7
7
7
7
7
7
7
7
7
7
7
7
7
7
7
7
7
7
7
7
7
7
7
7
7
7
7
7
7
7
7
7
7
7
7
7
7
7
7
7
7
7
7
7
7
7
7
7
7
7
7
7
7
7
7
7
7
7
7
7
7
7
7
7
7
7
7
7
7
7
7
7
7
7
7
7
7
7
7
7
7
7
7
7
7
7
7
7
7
7
7
7
7
7
7
7
7
7
7
7
7
7
7
7
7
7
7
7
7
7
7
7
7
7
7
7
7
7
7
7
7
7
7
7
7
7
7
7
7
7
7
7
7
7
7
7
7
7
7
7
7
7
7
7
7
7
7
7
7
7
7
7
7
7
7
7
7
7
7
7
7
7
7
7
7
7
7
7
7
7
7
7
7
7
7
7
7
7
7
7
7
7
7
7
7
7
7
7
7
7
7
7
7
7
7
7
7
7
7
7
7
7
7
7
7
7
7
7
7
7
7
7
7
7
7
7
7
7
7
7
7
7
7
7
7
7
7
7
7
7
7
7
7
7
7
7
7
7
7
7
7
7
7
7
7
7
7
7
7
7
7
7
7
7
7
7
7
7
7
7
7
7
7
7
7
7
7
7
7
7
7
7
7
7
7
7
7
7
7
7
7
7
7
7
7
7
7
7
7
7
7
7
7
7
7
7
7
7
7
7
7
7
7
7
7
7
7
7
7
7
7
7
7
7
7
7
7
7
7
7
7
7
7
7
7
7
7
7
7
7
7
7
7
7
7
7
7
7
7
7
7
7
7
7
7
7
7
7
7
7
7
7
7
7
7
7
7
7
7
7
7
7
7
7
7
7
7
7
7
7
7
7
7
7
7
7
7
7
7
7
7
7
7
7
7
7
7
7
7
7
7
7
7
7
7
7
7
7
7
7
7
7
7
7
7
7
7
7
7
7
7
7
7
7
7
7
7
7
7
7
7
7
7
7
7
7
7
7
7
7
7
7
7
7
7
7
7
7
7
7
7
7
7
7
7
7
7
7
7
7
7
7
7
7
7
7
7
7
7
7
7
7
7
7
7
7
7
7
7
7
7
7
7
7
7
7
7
7
7
7
7
7
7
7
7
7
7
7
7
7
7
7
7
7
7
7
7
7
7
7
7
7
7
7
7
7
7
7
7
7
7
7
7
7
7
7
7
7
7
7
7
7
7
7
7
7
7
7
7
7
7
7
7
7
7
7
7
7
7
7
7
7
7
7
7
7
7
7
7
7
7
7
7
7
7
7
7
7
7
7
7
7
7
7
7
7
7
7
7
7
7
7
7
7
7
7
7
7
7
7
7
7
7
7
7
7
7
7
7
7
7
7
7
7
7
7
7
7
7
7
7
7
7
7
7
7
7
7
7
7
7
7
7
7
7
7
7
7
7
7
7
7
7
7
7
7
7
7
7
7
7
7
7
7
7
7
7
7
7
7
7
7
7
7
7
7
7
7
7
7
7
7
7
7
7
7
7
7
7
7
7
7
7
7
7
7
7
7
7
7
7
7
7
7
7
7
7
7
7
7
7
7
7
7
7
7
7
7
7
7
7
7
7
7
7
7
7
7
7
7
7
7
7
7
7
7
7
7
7
7
7
7
7
7
7
7
7
7
7
7
7
7
7
7
7
7
7
7
7
7
7
7
7
7
7
7
7
7
7
7
7
7
7
7
7
7
7
7
7
7
7
7
7
7
7
7
7
7
7
7
7
7
7
7
7
7
7
7
7
7
7
7
7
7
7
7
7
7
7
7
7
7
7
7
7
7
7
7
7
7
7
7
7
7
7
7
7
7
7
7
7
7
7
7
7
7
7
7
7
7
7
7
7
7
7
7
7
7
7
7
7
7
7
7
7
7
7
7
7
7
7
7
7
7
7
7
7
7
7
7
7
7
7
7
7
7
7
7
7
7
7
7
7
7
7
7
7
7
7
7
7
7
7
7
7
7
7
7
7
7
7
7
7
7
7
7
7
7
7
7
7
7
7
7
7
7
7
7
7
7
7
7
7
7
7
7
7
7
7
7
7
7
7
7
7
7
7
7
7
7
7
7
7
7
7
7
7
7
7
7
7
7
7
7
7
7
7
7
7
7
7
7
7
7
7
7
7
7
7
7
7
7
7
7
7
7
7
7
7
7
7
7
7
7
7
7
7
7
7
7
7
7
7
7
7
7
7
7
7
7
7
7
7
7
7
7
7
7
7
7
7
7
7
7
7
7
7
7
7
7
7
7
7
7
7
7
7
7
7
7
7
7
7
7
7
7
7
7
7
7
7
7
7
7
7
7
7
7
7
7
7
7
7
7
7
7
7
7
7
7
7
7
7
7
7
7
7
7
7
7
7
7
7
7
7
7
7
7
7
7
7
7
7
7
7
7
7
7
7
7
7
7
7
7
7
7
7
7
7
7
7
7
7
7
7
7
7
7
7
7
7
7
7
7
7
7
7
7
7
7
7
7
7
7
7
7
7
7
7
7
7
7
7
7
7
7
7
7
7
7
7
7
7
7
7
7
7
7
7
7
7
7
7
7
7
7
7
7
7
7
7
7
7
7
7
7
7
7
7
7
7
7
7
7
7
7
7
7
7
7
7
7
7
7
7
7
7
7
7
7
7
7
7
7
7
7
7
7
7
7
7
7
7
7
7
7
7
7
7
7
7
7
7
7
7
7
7
7
7
7
7
7
7
7
7
7
7
7
7
7
7
7
7
7
7
7
7
7
7
7
7
7
7
7
7
7
7
7
7
7
7
7
7
7
7
7
7
7
7
7
7
7
7
7
7
7
7
7
7
7
7
7
7
7
7
7
7
7
7
7
7
7
7
7
7
7
7
7
7
7
7
7
7
7
7
7
7
7
7
7
7
7
7
7
7
7
7
7
7
7
7
7
7
7
7
7
7
7
7
7
7
7
7
7
7
7
7
7
7
7
7
7
7
7
7
7
7
7
7
7
7
7
7
7
7
7
7
7
7
7
7
7
7
7
7
7
7
7
7
7
7
7
7
7
7
7
7
7
7
7
7
7
7
7
7
7
7
7
7
7
7
7
7
7
7
7
7
7
7
7
7
7
7
7
7
7
7
7
7
7
7
7
7
7
7
7
7
7
7
7
7
7
7
7
7
7
7
7
7
7
7
7
7
7
7
7
7
7
7
7
7
7
7
7
7
7
7
7
7
7
7
7
7
7
7
7
7
7
7
7
7
7
7
7
7
7
7
7
7
7
7
7
7
7
7
7
7
7
7
7
7
7
7
7
7
7
7
7
7
7
7
7
7
7
7
7
7
7
7
7
7
7
7
7
7
7
7
7
7
7
7
7
7
7
7
7
7
7
7
7
7
7
7
7
7
7
7
7
7
7
7
7
7
7
7
7
7
7
7
7
7
7
7
7
7
7
7
7
7
7
7
7
7
7
7
7
7
7
7
7
7
7
7
7
7
7
7
7
7
7
7
7
7
7
7
7
7
7
7
7
7
7
7
7
7
7
7
7
7
7
7
7
7
7
7
7
7
7
7
7
7
7
7
7
7
7
7
7
7
7
7
7
7
7
7
7
7
7
7
7
7
7
7
7
7
7
7
7
7
7
7
7
7
7
7
7
7
7
7
7
7
7
7
7
7
7
7
7
7
7
7
7
7
7
7
7
7
7
7
7
7
7
7
7
7
7
7
7
7
7
7
7
7
7
7
7
7
7
7
7
7
7
7
7
7
7
7
7
7
7
7
7
7
7
7
7
7
7
7
7
7
7
7
7
7
7
7
7
7
7
7
7
7
7
7
7
7
7
7
7
7
7
7
7
7
7
7
7
7
7
7
7
7
7
7
7
7
7
7
7
7
7
7
7
7
7
7
7
7
7
7
7
7
7
7
7
7
7
7
7
7
7
7
7
7
7
7
7
7
7
7
7
7
7
7
7
7
7
7
7
7
7
7
7
7
7
7
7
7
7
7
7
7
7
7
7
7
7
7
7
7
7
7
7
7
7
7
7
7
7
7
7
7
7
7
7
7
7
7
7
7
7
7
7
7
7
7
7
7
7
7
7
7
7
7
7
7
7
7
7
7
7
7
7
7
7
7
7
7
7
7
7
7
7
7
7
7
7
7
7
7
7
7
7
7
7
7
7
7
7
7
7
7
7
7
7
7
7
7
7
7
7
7
7
7
7
7
7
7
7
7
7
7
7
7
7
7
7
7
7
7
7
7
7
7
7
7
7
7
7
7
7
7
7
7
7
7
7
7
7
7
7
7
7
7
7
7
7
7
7
7
7
7
7
7
7
7
7
7
7
7
7
7
7
7
7
7
7
7
7
7
7
7
7
7
7
7
7
7
7
7
7
7
7
7
7
7
7
7
7
7
7
7
7
7
7
7
7
7
7
7
7
7
7
7
7
7
7
7
7
7
7
7
7
7
7
7
7
7
7
7
7
7
7
7
7
7
7
7
7
7
7
7
7
7
7
7
7
7
7
7
