# vtk DataFile Version 2.0
airfoil, Created by Gmsh 4.15.2-git 
ASCII
DATASET UNSTRUCTURED_GRID
POINTS 10640 double
0 0 0
1 0.00126 0
1 -0.00126 0
-20 -20 0
21 -20 0
21 20 0
-20 20 0
0.0007825408572272376 0.004923959744801956 0
0.002931375018887519 0.009421438837077665 0
0.006010959170488049 0.01334927937120147 0
0.009660581047169232 0.01675921850482859 0
0.01366262597046031 0.0197504495381546 0
0.01789339192011729 0.02240980000758769 0
0.02228059573558881 0.02480312714687362 0
0.02677974906930125 0.02697921752775301 0
0.03136222068072731 0.02897419310221215 0
0.03600853678827726 0.03081582767337962 0
0.04070519551375362 0.03252513538130247 0
0.04544225871546496 0.03411917253242325 0
0.05021249082324718 0.03561107877435961 0
0.05501020090704824 0.03701218129769002 0
0.05983117021508515 0.03833106198767524 0
0.06467184184777139 0.03957575123837006 0
0.06952951719748578 0.04075233437418742 0
0.07440190084076088 0.04186648694595722 0
0.07928711469292134 0.04292299768004119 0
0.08418367030275314 0.04392560944256102 0
0.08909018571346038 0.04487832544117652 0
0.09400557036389852 0.04578418267099005 0
0.09892889413972204 0.04664586655633389 0
0.1038592710964468 0.0474662276299514 0
0.1087960211356775 0.04824731386484542 0
0.1137385488979277 0.0489910363277055 0
0.1186862451643014 0.0496995243870003 0
0.1236386440785329 0.05037436299001764 0
0.1285953346509306 0.05101698288603155 0
0.1335558860650287 0.0516289908273411 0
0.1385199768646615 0.05221164707334729 0
0.1434873064729362 0.05276602848380182 0
0.148457585639776 0.05329331465030838 0
0.153430554447397 0.05379460428802824 0
0.1584059882139893 0.05427082351121415 0
0.1633836769759777 0.05472282170506761 0
0.1683634321214307 0.05515149344223524 0
0.1733450738757774 0.05555765741587582 0
0.1783284448105948 0.05594204097228961 0
0.1833133985115829 0.05630528115704129 0
0.1882998021297407 0.05664807445242338 0
0.1932875261905606 0.05697108998522847 0
0.1982764535989349 0.05727491296588689 0
0.2032664922378761 0.05755997785959886 0
0.2082575337610028 0.05782688667291155 0
0.2132494835529992 0.05807623523647161 0
0.2182422564857071 0.05830852640455535 0
0.2232357816917497 0.05852403146823029 0
0.2282299830065412 0.0587232677013918 0
0.2332247876197386 0.05890676157310269 0
0.2382201322946776 0.05907495576434002 0
0.2432159605078811 0.05922799375546873 0
0.248212220434219 0.05936631429516537 0
0.2532088542480859 0.05949040080442988 0
0.2582058107210737 0.05960068180792031 0
0.2632030539895993 0.05969721255052297 0
0.2682005369306923 0.05978031693520078 0
0.2731982187030678 0.05985045840960641 0
0.2781960618278668 0.05990806674721544 0
0.2831940321920114 0.05995325367434876 0
0.2881920985685305 0.0599861127677114 0
0.2931902290676257 0.06000707865476348 0
0.2981883901643723 0.06001655724771637 0
0.3031865691756283 0.06001481328688447 0
0.3081847268377577 0.06000172191136133 0
0.3131828436906182 0.05997763721870904 0
0.3181808988305487 0.05994295314153755 0
0.3231788710369199 0.05989803625640707 0
0.3281767407321105 0.05984280247657445 0
0.3331744869432899 0.05977733669465859 0
0.3381720944567064 0.05970202415698542 0
0.3431695501216877 0.05961722879405427 0
0.3481668391601771 0.05952318093393975 0
0.3531639421548593 0.05941963773285024 0
0.3581608454730697 0.05930688651996668 0
0.3631575412640563 0.05918528375915667 0
0.3681540232464171 0.05905516824065086 0
0.3731502744534403 0.0589165339854392 0
0.3781462789475465 0.05876924281196116 0
0.3831420312938997 0.05861363271527491 0
0.3881375295708019 0.05845002972832043 0
0.393132767003425 0.05827872794860029 0
0.3981277274266022 0.05809948606418159 0
0.4031223992295015 0.05791237306765484 0
0.4081167824491352 0.05771771214149782 0
0.4131108783414592 0.05751581312638991 0
0.4181046849262797 0.05730688560576937 0
0.4230981782870091 0.05709059991927888 0
0.4280913562426104 0.05686714521811613 0
0.4330842222465249 0.0566368246853733 0
0.4380767821086936 0.05639993030598633 0
0.4430690271572143 0.0561565576472413 0
0.4480609379023019 0.05590639013434629 0
0.4530525161471754 0.05564967321767302 0
0.4580437682654194 0.05538668856310065 0
0.4630347009122632 0.05511770864564725 0
0.4680253060957636 0.05484270105559896 0
0.4730155592866814 0.0545614226195129 0
0.4780054717156484 0.05427413782378601 0
0.4829950503473728 0.05398111232093033 0
0.4879843040978723 0.05368260399749475 0
0.4929732164337438 0.05337845085343095 0
0.4979617733540659 0.0530685178195299 0
0.5029499840084763 0.05275306045392064 0
0.5079378567916363 0.05243232739025965 0
0.5129254053159414 0.05210654937231413 0
0.5179126028486258 0.05177546167611764 0
0.5228994431694856 0.05143903610481255 0
0.5278859369516883 0.05109751215807515 0
0.5328720951880928 0.05075112363408329 0
0.5378579248883347 0.05040005779101712 0
0.5428434025032706 0.0500439883111093 0
0.5478285230601536 0.0496829737217814 0
0.5528132997151577 0.04931724099161137 0
0.5577977468198315 0.0489470124514672 0
0.5627818627783677 0.04857241339373075 0
0.5677656248636139 0.04819310492750393 0
0.5727490355272233 0.04780920684073153 0
0.5777321065275653 0.04742092507808021 0
0.5827148499490558 0.04702846189827468 0
0.5876972661577411 0.04663184036275998 0
0.5926793213336589 0.04623076226314977 0
0.5976610317951145 0.04582539783903659 0
0.6026424079290702 0.04541594532168827 0
0.6076234623111102 0.04500260009540618 0
0.6126041829492808 0.04458524754995812 0
0.6175845501319729 0.04416369930995202 0
0.6225645763328047 0.04373814178897811 0
0.6275442751137895 0.04330875984719995 0
0.6325236545480468 0.04287571850290305 0
0.6375026923151174 0.04243874900049978 0
0.6424813825133399 0.04199783700908411 0
0.6474597380987792 0.04155315946845227 0
0.6524377716953836 0.04110489168698311 0
0.6574154889376126 0.04065309753665407 0
0.6623928510057734 0.04019747166896537 0
0.6673698748170092 0.03973812931833292 0
0.6723465701215886 0.03927524127919595 0
0.6773229500896026 0.03880897717784818 0
0.6822989988106659 0.03833919187067648 0
0.6872746997441586 0.03786573681108259 0
0.6922500650679789 0.03738876764759776 0
0.6972251095558993 0.03690843898980032 0
0.7021998311879931 0.03642482841920212 0
0.7071742059566596 0.03593763679249833 0
0.7121482370933152 0.03544694918571312 0
0.7171219388444935 0.03495292417461284 0
0.7220953217656499 0.03445571786614851 0
0.7270683658931515 0.03395512819145879 0
0.7320410588143854 0.03345106160284802 0
0.7370134139995026 0.03294366999323202 0
0.7419854444449481 0.0324331058706951 0
0.7469571416292646 0.03191932743629609 0
0.7519284823963609 0.03140208383883032 0
0.7568994759797426 0.03088152147056121 0
0.7618701377559068 0.0303578001951781 0
0.7668404700405358 0.02983096456186354 0
0.7718104388178417 0.02930070604947318 0
0.7767800523652597 0.02876713527732125 0
0.7817493266178499 0.02823041356926155 0
0.7867182676376682 0.02769061168282833 0
0.7916868387436057 0.02714741133677572 0
0.7966550458023485 0.02660089878692104 0
0.8016229046113916 0.02605122969972626 0
0.8065904173023944 0.02549843766979087 0
0.8115575444509115 0.02494219062294281 0
0.8165242986389041 0.02438262730994823 0
0.821490700596832 0.0238199463420722 0
0.8264567424505322 0.02325410354972294 0
0.8314223899492288 0.02268480143685636 0
0.8363876586123575 0.02211221789159385 0
0.8413525723589355 0.02153653956193285 0
0.8463170905842714 0.0209574660080556 0
0.8512812047848881 0.0203749390889371 0
0.8562449381610201 0.01978918420454406 0
0.8612082927872181 0.01920023091085218 0
0.8661712212986139 0.01860769289918674 0
0.87113374609989 0.01801178302555218 0
0.8760958873880699 0.01741270725915867 0
0.8810575964163417 0.01681002298173688 0
0.8860188785315518 0.0162038398476363 0
0.8909797651689362 0.01559446231672237 0
0.8959402104542538 0.01498148273169743 0
0.9009002109311179 0.01436491402191771 0
0.9058598084360783 0.01374508460926829 0
0.9108189300952784 0.01312152517428315 0
0.9157776035518154 0.01249434043403366 0
0.9207358495725572 0.01186385028092973 0
0.9256936059587541 0.0112294885014512 0
0.9306509088214415 0.01059159199965641 0
0.9356077404935731 0.009950033766162873 0
0.9405640595067081 0.009304559169345363 0
0.945519942778609 0.008655672602405774 0
0.9504752820066826 0.008002757770718995 0
0.9554301649829415 0.007346306015813399 0
0.9603844880457213 0.006685704214374175 0
0.9653383359539167 0.00602151925513169 0
0.9702916283259999 0.005353181993777565 0
0.9752444226730446 0.004681108196035785 0
0.980196651461465 0.004005016832425764 0
0.9851483249727103 0.003324823360427497 0
0.9900994561093991 0.002640652829406332 0
0.9950457303439862 0.001953033687953375 0
0.0007825408572272376 -0.004923959744801956 0
0.002931375018887519 -0.009421438837077665 0
0.006010959170488049 -0.01334927937120147 0
0.009660581047169232 -0.01675921850482859 0
0.01366262597046031 -0.0197504495381546 0
0.01789339192011729 -0.02240980000758769 0
0.02228059573558881 -0.02480312714687362 0
0.02677974906930125 -0.02697921752775301 0
0.03136222068072731 -0.02897419310221215 0
0.03600853678827726 -0.03081582767337962 0
0.04070519551375362 -0.03252513538130247 0
0.04544225871546496 -0.03411917253242325 0
0.05021249082324718 -0.03561107877435961 0
0.05501020090704824 -0.03701218129769002 0
0.05983117021508515 -0.03833106198767524 0
0.06467184184777139 -0.03957575123837006 0
0.06952951719748578 -0.04075233437418742 0
0.07440190084076088 -0.04186648694595722 0
0.07928711469292134 -0.04292299768004119 0
0.08418367030275314 -0.04392560944256102 0
0.08909018571346038 -0.04487832544117652 0
0.09400557036389852 -0.04578418267099005 0
0.09892889413972204 -0.04664586655633389 0
0.1038592710964468 -0.0474662276299514 0
0.1087960211356775 -0.04824731386484542 0
0.1137385488979277 -0.0489910363277055 0
0.1186862451643014 -0.0496995243870003 0
0.1236386440785329 -0.05037436299001764 0
0.1285953346509306 -0.05101698288603155 0
0.1335558860650287 -0.0516289908273411 0
0.1385199768646615 -0.05221164707334729 0
0.1434873064729362 -0.05276602848380182 0
0.148457585639776 -0.05329331465030838 0
0.153430554447397 -0.05379460428802824 0
0.1584059882139893 -0.05427082351121415 0
0.1633836769759777 -0.05472282170506761 0
0.1683634321214307 -0.05515149344223524 0
0.1733450738757774 -0.05555765741587582 0
0.1783284448105948 -0.05594204097228961 0
0.1833133985115829 -0.05630528115704129 0
0.1882998021297407 -0.05664807445242338 0
0.1932875261905606 -0.05697108998522847 0
0.1982764535989349 -0.05727491296588689 0
0.2032664922378761 -0.05755997785959886 0
0.2082575337610028 -0.05782688667291155 0
0.2132494835529992 -0.05807623523647161 0
0.2182422564857071 -0.05830852640455535 0
0.2232357816917497 -0.05852403146823029 0
0.2282299830065412 -0.0587232677013918 0
0.2332247876197386 -0.05890676157310269 0
0.2382201322946776 -0.05907495576434002 0
0.2432159605078811 -0.05922799375546873 0
0.248212220434219 -0.05936631429516537 0
0.2532088542480859 -0.05949040080442988 0
0.2582058107210737 -0.05960068180792031 0
0.2632030539895993 -0.05969721255052297 0
0.2682005369306923 -0.05978031693520078 0
0.2731982187030678 -0.05985045840960641 0
0.2781960618278668 -0.05990806674721544 0
0.2831940321920114 -0.05995325367434876 0
0.2881920985685305 -0.0599861127677114 0
0.2931902290676257 -0.06000707865476348 0
0.2981883901643723 -0.06001655724771637 0
0.3031865691756283 -0.06001481328688447 0
0.3081847268377577 -0.06000172191136133 0
0.3131828436906182 -0.05997763721870904 0
0.3181808988305487 -0.05994295314153755 0
0.3231788710369199 -0.05989803625640707 0
0.3281767407321105 -0.05984280247657445 0
0.3331744869432899 -0.05977733669465859 0
0.3381720944567064 -0.05970202415698542 0
0.3431695501216877 -0.05961722879405427 0
0.3481668391601771 -0.05952318093393975 0
0.3531639421548593 -0.05941963773285024 0
0.3581608454730697 -0.05930688651996668 0
0.3631575412640563 -0.05918528375915667 0
0.3681540232464171 -0.05905516824065086 0
0.3731502744534403 -0.0589165339854392 0
0.3781462789475465 -0.05876924281196116 0
0.3831420312938997 -0.05861363271527491 0
0.3881375295708019 -0.05845002972832043 0
0.393132767003425 -0.05827872794860029 0
0.3981277274266022 -0.05809948606418159 0
0.4031223992295015 -0.05791237306765484 0
0.4081167824491352 -0.05771771214149782 0
0.4131108783414592 -0.05751581312638991 0
0.4181046849262797 -0.05730688560576937 0
0.4230981782870091 -0.05709059991927888 0
0.4280913562426104 -0.05686714521811613 0
0.4330842222465249 -0.0566368246853733 0
0.4380767821086936 -0.05639993030598633 0
0.4430690271572143 -0.0561565576472413 0
0.4480609379023019 -0.05590639013434629 0
0.4530525161471754 -0.05564967321767302 0
0.4580437682654194 -0.05538668856310065 0
0.4630347009122632 -0.05511770864564725 0
0.4680253060957636 -0.05484270105559896 0
0.4730155592866814 -0.0545614226195129 0
0.4780054717156484 -0.05427413782378601 0
0.4829950503473728 -0.05398111232093033 0
0.4879843040978723 -0.05368260399749475 0
0.4929732164337438 -0.05337845085343095 0
0.4979617733540659 -0.0530685178195299 0
0.5029499840084763 -0.05275306045392064 0
0.5079378567916363 -0.05243232739025965 0
0.5129254053159414 -0.05210654937231413 0
0.5179126028486258 -0.05177546167611764 0
0.5228994431694856 -0.05143903610481255 0
0.5278859369516883 -0.05109751215807515 0
0.5328720951880928 -0.05075112363408329 0
0.5378579248883347 -0.05040005779101712 0
0.5428434025032706 -0.0500439883111093 0
0.5478285230601536 -0.0496829737217814 0
0.5528132997151577 -0.04931724099161137 0
0.5577977468198315 -0.0489470124514672 0
0.5627818627783677 -0.04857241339373075 0
0.5677656248636139 -0.04819310492750393 0
0.5727490355272233 -0.04780920684073153 0
0.5777321065275653 -0.04742092507808021 0
0.5827148499490558 -0.04702846189827468 0
0.5876972661577411 -0.04663184036275998 0
0.5926793213336589 -0.04623076226314977 0
0.5976610317951145 -0.04582539783903659 0
0.6026424079290702 -0.04541594532168827 0
0.6076234623111102 -0.04500260009540618 0
0.6126041829492808 -0.04458524754995812 0
0.6175845501319729 -0.04416369930995202 0
0.6225645763328047 -0.04373814178897811 0
0.6275442751137895 -0.04330875984719995 0
0.6325236545480468 -0.04287571850290305 0
0.6375026923151174 -0.04243874900049978 0
0.6424813825133399 -0.04199783700908411 0
0.6474597380987792 -0.04155315946845227 0
0.6524377716953836 -0.04110489168698311 0
0.6574154889376126 -0.04065309753665407 0
0.6623928510057734 -0.04019747166896537 0
0.6673698748170092 -0.03973812931833292 0
0.6723465701215886 -0.03927524127919595 0
0.6773229500896026 -0.03880897717784818 0
0.6822989988106659 -0.03833919187067648 0
0.6872746997441586 -0.03786573681108259 0
0.6922500650679789 -0.03738876764759776 0
0.6972251095558993 -0.03690843898980032 0
0.7021998311879931 -0.03642482841920212 0
0.7071742059566596 -0.03593763679249833 0
0.7121482370933152 -0.03544694918571312 0
0.7171219388444935 -0.03495292417461284 0
0.7220953217656499 -0.03445571786614851 0
0.7270683658931515 -0.03395512819145879 0
0.7320410588143854 -0.03345106160284802 0
0.7370134139995026 -0.03294366999323202 0
0.7419854444449481 -0.0324331058706951 0
0.7469571416292646 -0.03191932743629609 0
0.7519284823963609 -0.03140208383883032 0
0.7568994759797426 -0.03088152147056121 0
0.7618701377559068 -0.0303578001951781 0
0.7668404700405358 -0.02983096456186354 0
0.7718104388178417 -0.02930070604947318 0
0.7767800523652597 -0.02876713527732125 0
0.7817493266178499 -0.02823041356926155 0
0.7867182676376682 -0.02769061168282833 0
0.7916868387436057 -0.02714741133677572 0
0.7966550458023485 -0.02660089878692104 0
0.8016229046113916 -0.02605122969972626 0
0.8065904173023944 -0.02549843766979087 0
0.8115575444509115 -0.02494219062294281 0
0.8165242986389041 -0.02438262730994823 0
0.821490700596832 -0.0238199463420722 0
0.8264567424505322 -0.02325410354972294 0
0.8314223899492288 -0.02268480143685636 0
0.8363876586123575 -0.02211221789159385 0
0.8413525723589355 -0.02153653956193285 0
0.8463170905842714 -0.0209574660080556 0
0.8512812047848881 -0.0203749390889371 0
0.8562449381610201 -0.01978918420454406 0
0.8612082927872181 -0.01920023091085218 0
0.8661712212986139 -0.01860769289918674 0
0.87113374609989 -0.01801178302555218 0
0.8760958873880699 -0.01741270725915867 0
0.8810575964163417 -0.01681002298173688 0
0.8860188785315518 -0.0162038398476363 0
0.8909797651689362 -0.01559446231672237 0
0.8959402104542538 -0.01498148273169743 0
0.9009002109311179 -0.01436491402191771 0
0.9058598084360783 -0.01374508460926829 0
0.9108189300952784 -0.01312152517428315 0
0.9157776035518154 -0.01249434043403366 0
0.9207358495725572 -0.01186385028092973 0
0.9256936059587541 -0.0112294885014512 0
0.9306509088214415 -0.01059159199965641 0
0.9356077404935731 -0.009950033766162873 0
0.9405640595067081 -0.009304559169345363 0
0.945519942778609 -0.008655672602405774 0
0.9504752820066826 -0.008002757770718995 0
0.9554301649829415 -0.007346306015813399 0
0.9603844880457213 -0.006685704214374175 0
0.9653383359539167 -0.00602151925513169 0
0.9702916283259999 -0.005353181993777565 0
0.9752444226730446 -0.004681108196035785 0
0.980196651461465 -0.004005016832425764 0
0.9851483249727103 -0.003324823360427497 0
0.9900994561093991 -0.002640652829406332 0
0.9950457303439862 -0.001953033687953375 0
1 4.264167144385489e-15 0
-19.06818181818256 -20 0
-18.13636363636512 -20 0
-17.20454545454795 -20 0
-16.27272727273024 -20 0
-15.34090909091341 -20 0
-14.40909090909737 -20 0
-13.47727272728394 -20 0
-12.54545454547056 -20 0
-11.61363636365716 -20 0
-10.68181818184376 -20 0
-9.750000000030356 -20 0
-8.818181818216953 -20 0
-7.886363636403585 -20 0
-6.95454545459015 -20 0
-6.022727272776773 -20 0
-5.090909090963345 -20 0
-4.159090909148182 -20 0
-3.227272727332569 -20 0
-2.295454545515131 -20 0
-1.363636363697694 -20 0
-0.4318181818802529 -20 0
0.4999999999371845 -20 0
1.431818181753798 -20 0
2.363636363572063 -20 0
3.295454545389319 -20 0
4.227272727206941 -20 0
5.159090909024425 -20 0
6.090909090841812 -20 0
7.022727272659779 -20 0
7.954545454476687 -20 0
8.88636363629378 -20 0
9.818181818111565 -20 0
10.74999999992817 -20 0
11.68181818174644 -20 0
12.61363636357085 -20 0
13.54545454539583 -20 0
14.47727272722149 -20 0
15.40909090904688 -20 0
16.34090909087172 -20 0
17.27272727269791 -20 0
18.20454545452169 -20 0
19.13636363634896 -20 0
20.06818181817576 -20 0
21 -18.99999999999811 0
21 -17.99999999999754 0
21 -16.99999999999675 0
21 -15.99999999999508 0
21 -14.99999999999533 0
21 -13.99999999999707 0
21 -13.00000000000007 0
21 -12.00000000000349 0
21 -11.00000000000638 0
21 -10.00000000000991 0
21 -9.000000000013182 0
21 -8.00000000001633 0
21 -7.000000000019455 0
21 -6.00000000002275 0
21 -5.000000000025906 0
21 -4.000000000029031 0
21 -3.000000000027708 0
21 -2.000000000027129 0
21 -1.000000000026503 0
21 -2.467004378559068e-11 0
21 0.9999999999755218 0
21 1.999999999977788 0
21 2.999999999978634 0
21 3.99999999998024 0
21 4.999999999982098 0
21 5.999999999982705 0
21 6.999999999984748 0
21 7.99999999998516 0
21 8.999999999987697 0
21 9.999999999987619 0
21 10.99999999998796 0
21 11.99999999999008 0
21 12.99999999999125 0
21 13.99999999999255 0
21 14.9999999999942 0
21 15.99999999999503 0
21 16.99999999999638 0
21 17.99999999999752 0
21 18.99999999999806 0
20.06818181818256 20 0
19.13636363636512 20 0
18.20454545454795 20 0
17.27272727273024 20 0
16.34090909091381 20 0
15.40909090909737 20 0
14.47727272728394 20 0
13.54545454547056 20 0
12.61363636365716 20 0
11.68181818184376 20 0
10.75000000003036 20 0
9.818181818216953 20 0
8.886363636403585 20 0
7.95454545459015 20 0
7.022727272776773 20 0
6.090909090963345 20 0
5.159090909148182 20 0
4.227272727332569 20 0
3.295454545515131 20 0
2.363636363697694 20 0
1.431818181880253 20 0
0.5000000000628155 20 0
-0.4318181817537976 20 0
-1.363636363572063 20 0
-2.295454545389319 20 0
-3.227272727206941 20 0
-4.159090909024425 20 0
-5.090909090841812 20 0
-6.022727272659779 20 0
-6.954545454476687 20 0
-7.88636363629378 20 0
-8.818181818111565 20 0
-9.749999999928171 20 0
-10.68181818174644 20 0
-11.61363636357085 20 0
-12.54545454539583 20 0
-13.47727272722149 20 0
-14.40909090904688 20 0
-15.34090909087172 20 0
-16.27272727269791 20 0
-17.20454545452169 20 0
-18.13636363634896 20 0
-19.06818181817576 20 0
-20 18.99999999999811 0
-20 17.99999999999754 0
-20 16.99999999999675 0
-20 15.99999999999508 0
-20 14.99999999999533 0
-20 13.99999999999707 0
-20 13.00000000000007 0
-20 12.00000000000349 0
-20 11.00000000000638 0
-20 10.00000000000991 0
-20 9.000000000013182 0
-20 8.00000000001633 0
-20 7.000000000019455 0
-20 6.00000000002275 0
-20 5.000000000025906 0
-20 4.000000000029031 0
-20 3.000000000027708 0
-20 2.000000000027129 0
-20 1.000000000026503 0
-20 2.467004378559068e-11 0
-20 -0.9999999999755218 0
-20 -1.999999999977788 0
-20 -2.999999999978634 0
-20 -3.99999999998024 0
-20 -4.999999999982098 0
-20 -5.999999999982705 0
-20 -6.999999999984748 0
-20 -7.99999999998516 0
-20 -8.999999999987697 0
-20 -9.999999999987619 0
-20 -10.99999999998796 0
-20 -11.99999999999008 0
-20 -12.99999999999125 0
-20 -13.99999999999255 0
-20 -14.9999999999942 0
-20 -15.99999999999503 0
-20 -16.99999999999638 0
-20 -17.99999999999752 0
-20 -18.99999999999806 0
7.991339716985526 18.21955366184749 0
6.077519269290853 -18.26690578973606 0
-7.100998001016444 -18.1858948130663 0
-8.849901321857832 18.22042899130331 0
-3.252852286692474 18.21649590086098 0
0.466505166425038 -18.25313649680226 0
19.04392064705021 -7.929770516399182 0
19.15795586289234 -1.977372414026676 0
19.08796791170734 4.092948567998159 0
-17.78635922850307 6.02250009388934 0
-18.08190686000166 -4.132904118639834 0
19.04807779935735 10.03195140070861 0
-18.12066749307386 -10.08832716109793 0
13.50481287882414 -18.11804341042834 0
-18.09256296682504 14.09147049634521 0
13.54885524507892 18.1642693010511 0
-12.55069802725223 -18.15984198680976 0
19.0902776812642 14.09257189621889 0
-18.1021882526621 -14.09293145143942 0
19.0790720091711 -14.02412543489787 0
-14.38970259822164 18.1170530754135 0
0.5061597635711855 18.27415837293703 0
-18.14088514400176 1.973562385708271 0
-18.11771258839063 18.03340037779247 0
19.1295211010362 6.02495348893695 0
19.1040838461239 -0.08911148432854163 0
-1.35667295438122 -18.27444859131055 0
4.221233487982458 18.24751648821434 0
9.792370552791548 -18.21184805580735 0
4.218365707976557 -18.25438389481724 0
9.856104748623183 18.22152507389915 0
-3.153837738276698 -18.22223199874156 0
-7.002715499470464 18.23518716470872 0
-18.09710644563253 0.0881551056194218 0
-18.08727941476646 10.15673599440235 0
19.09160088395863 -5.877890361693303 0
-18.10974203599756 -16.07474236626082 0
-14.3973266661202 -18.12459942472043 0
-16.25406287969725 -18.08339695642346 0
19.10728988332756 16.07542346280759 0
15.39726690351489 18.12705873345784 0
17.25377222400583 18.08452869059385 0
19.11225685178758 -18.01258399143235 0
-12.54145830920543 18.15964660876166 0
-18.13390203269088 -6.098155290361809 0
19.07424876590465 -12.02543931260376 0
-8.901252713971539 -18.21346555996785 0
19.12303468852106 18.04092910715588 0
-18.12347981744674 -18.04051449197786 0
17.23271739555021 -18.03073937285596 0
6.061872623616853 -16.57315087187911 0
-3.049014509937554 -16.56827431901353 0
17.4000952360186 -1.985394752332137 0
-16.38721039883769 1.962780960804568 0
17.3153423011404 4.237168387857352 0
-16.28230247652449 -4.353108116382874 0
8.131420961110818 16.46087904332464 0
-7.055877976034466 16.46784409900292 0
-7.324099399502813 -16.47654538321222 0
17.18376195179003 -14.08478341750534 0
13.56565675514795 16.34133704562859 0
-12.56847880148436 -16.32678284874 0
-12.54289816553391 16.33047040939291 0
17.21590761816965 14.22259321463273 0
-16.23846865214829 -14.21036014466458 0
15.39381057190865 16.25294281385762 0
-14.39744315005388 -16.24310990192766 0
-1.38993067658111 -16.62118321499104 0
18.83653906784408 1.992994180626393 0
17.2029086934866 -16.06154907860154 0
-17.82760175911065 -2.010981078249182 0
2.334211846716873 -18.23173964479364 0
-5.139546876042609 -17.96030264625022 0
6.110973980961163 18.21356180048791 0
2.360943531907115 18.27444514610902 0
-1.361176500056544 18.2435076450734 0
19.14963015904579 -3.901294536729224 0
-18.07528806821409 3.880976731468115 0
-5.140107193893573 18.22228669848213 0
7.932269114339675 -18.24541826250003 0
-18.0359190507666 8.195137122740514 0
19.09037472847453 7.999625301237561 0
-18.1356362477918 -8.088289398016736 0
19.05228981898525 -9.998824495283513 0
-18.09368186651016 12.12761284868114 0
11.70528521592481 18.19963513903333 0
-10.71922510946159 -18.19314064108166 0
-10.69701993947866 18.19569374258536 0
19.06186669413414 12.08274609331965 0
-18.11358317246307 -12.10045860664026 0
11.65047862775859 -18.17030505658776 0
-18.10505626951663 16.06539017588296 0
19.09758503027363 -16.02445604216339 0
15.36561215596054 -18.06757621046058 0
17.24109045209922 16.160027837414 0
-16.24669925792353 -16.15491966359764 0
-16.24893494779874 18.07318492147423 0
2.355197425940986 16.55077889163104 0
-1.477778877847441 -15.05283368612313 0
0.7437419731843624 -0.04267579071590893 0
-16.19170583115654 8.487569206874165 0
11.63388428222622 -16.33486187048921 0
17.14137915992199 2.712416756126411 0
-16.10884733187635 -2.771852347743404 0
-1.310874163408038 16.51246595686434 0
-5.231580491845227 16.46100181193885 0
17.22878351971826 7.925993354732516 0
17.15164100597359 12.26381374001827 0
-16.29572753643987 -8.219821495524751 0
-16.25472383733884 -12.23634381955927 0
17.13321751202655 -10.11038427098773 0
-8.894149410639807 16.44450387327818 0
11.75141379417424 16.42195572863281 0
-10.76971874612115 -16.40568635967814 0
15.33269566991226 -16.13588026473891 0
-14.37590151066722 16.23750798623404 0
-4.488453466950514 -16.36548421424267 0
-16.34836334700777 0.2498769603082598 0
17.35940432161095 -0.2570884259327534 0
17.36099884661183 -3.805929988472309 0
-16.3062837161297 3.704861191871043 0
6.159213621701626 16.2614719058617 0
7.901226946841989 -16.48592555563795 0
17.32949024773182 6.040535241785006 0
-16.31213566380579 -6.252080890518236 0
-16.22089290059374 12.29585137335949 0
2.267925769476151 -16.27325202822708 0
0.318610584390991 -16.56705844974735 0
17.17970264058478 -12.11494591007607 0
9.946252227083036 16.4728163573443 0
-10.72329280680507 16.40591221717382 0
-9.0150673907102 -16.46784092930324 0
4.266161111628024 -16.58543233726163 0
-16.2309190469365 16.14556843590875 0
13.5952744133136 14.54302790468552 0
15.38806336366559 14.38415100043928 0
-12.60103598668694 -14.48640891678585 0
-14.41193597733706 -14.34205240156516 0
-5.902074120687754 -16.32971329849736 0
4.398492395768568 -15.07768463865703 0
-5.287913863180896 14.81859831976297 0
15.76520225312219 -0.3874709051197736 0
-14.60328800240803 -2.800246508873158 0
15.61930323072148 6.026649086169878 0
-14.69685064320774 3.59270877501617 0
0.07558591413549928 -15.02453637040453 0
15.31732506024244 -10.36475492936868 0
17.23576062898896 -5.707225732363584 0
-14.51773438018509 -6.408164932560784 0
10.07549293411763 14.77408379965406 0
-9.000086013007808 14.7012529623267 0
-9.115515393453208 -14.76646868881689 0
15.32483787077811 -14.20279068904448 0
-16.01813425194171 6.856948061882897 0
-5.988311628886365 -14.92018994752426 0
-3.038620214382508 -15.03008219612203 0
7.827341927847965 -14.57894517597881 0
16.90492210360093 -7.89654297227554 0
-3.271247919952685 16.26684243608426 0
0.511549389630108 16.54245312067282 0
4.176287085535654 16.51206238534972 0
-14.3757616112265 14.36808039426175 0
11.82884240894126 14.68236608127803 0
16.90907951874207 10.09307489067095 0
-16.27577601653681 -10.23759994413733 0
15.69312244228751 2.686246459536915 0
15.6468816471041 -3.763044685330094 0
-10.83326176834153 -14.6296551103351 0
-16.22919275973366 10.38360513953343 0
-14.75917259172613 0.3820936562330856 0
9.776042860079974 -16.40553180953279 0
13.48304873250141 -16.23530424147359 0
-10.77424309817211 14.64227934733404 0
15.33584411586673 12.54842484117762 0
-14.43070985248802 -12.40488202511495 0
-16.22587453620636 14.22325323949059 0
2.215625433204012 -14.55222018136585 0
-16.06019142831296 5.266854661201028 0
-1.58861414547657 -13.43538486891309 0
2.3778492175779 14.74660091227929 0
10.20589159422941 13.12894572094146 0
-9.148423106854956 -13.08132571985656 0
15.47991130339461 -5.546097061932189 0
-9.161623200761646 13.04079991410851 0
-14.42951531603847 8.762815674646809 0
-14.39611214727666 12.50298263836867 0
15.16084822517704 -8.738171640937573 0
-14.56224602299571 5.235977725353081 0
13.60528982213901 12.80028579777036 0
15.49077032937724 7.796492451472232 0
-12.62014001142966 -12.58801145223332 0
-1.289697283775023 14.91503199031051 0
-3.927478943368841 14.72991573507371 0
8.366376563476591 14.7702827303454 0
-14.56144594806365 -4.535659973413112 0
9.810800222430554 -14.5796394164167 0
13.4844824036079 -14.3361927321487 0
-7.097447389456231 14.558043570842 0
5.98953430054663 -14.97026613548203 0
5.492392883253196 14.7425061408631 0
-14.77255255581681 1.981291126209411 0
15.73504213082789 -2.044856506762087 0
15.65749025591154 4.303615852080248 0
-14.47516425323514 -8.406169678668824 0
-4.530175348850064 -14.97575239632799 0
-12.56741875178277 14.51795008083011 0
15.33741214881556 -12.27359876350575 0
15.74149308290757 1.157263979380884 0
-14.67371547719953 -1.189689972520807 0
-7.501386105279058 -14.85797709767243 0
15.15394675388245 10.95936646193806 0
-14.45416040321054 -10.41955632347726 0
1.412081967720689 -14.83967137722227 0
2.979389793122619 -15.10086037032191 0
0.7336681032760375 0.0439121937386089 0
5.833684100420363 -13.55218616981792 0
-12.87758004463008 -2.782449728775251 0
14.31513136951897 1.06492663513438 0
-13.19057457841913 3.552202837620417 0
14.04931840799506 -3.798837510659515 0
13.99710093907811 6.039461574750807 0
-12.61765711234525 -6.52260736450556 0
13.59802496554414 11.10858200695535 0
-12.64113243180592 -10.61082981985569 0
13.61157932738592 -10.60647320750603 0
-5.194617516519951 13.35836115088663 0
-12.60261399934091 12.71130707542497 0
-7.543643845099809 -13.27175996841581 0
8.561966821605507 13.15543139763711 0
8.315779951351672 -12.93716395350071 0
-7.751643096600666 13.00221317960972 0
1.165973901102312 -13.63640832779464 0
0.4173160998343102 14.73377199219719 0
13.53624496793954 -12.43892611108055 0
-3.149741350681595 -13.57440043161402 0
-13.25963950867641 0.4923909033155234 0
-14.4217213308511 10.62999639021654 0
14.28598727846499 -0.4213819898096842 0
4.117167237895446 14.91733723420319 0
11.89457359271345 12.98832644677395 0
15.20356394730028 -7.150609763098106 0
-14.45073323337244 6.956340508213592 0
-10.84990702631893 12.90259273279675 0
-10.8417409805248 -12.81659509244774 0
14.22307746871049 2.545117616493585 0
11.64949876151055 -14.45899091143598 0
-6.022006248192324 -13.42814909589891 0
-0.06576838091969489 -13.63631876346277 0
-2.624420626907363 14.76114289615299 0
-12.68805106744268 -8.612072863934811 0
15.20539930848152 9.380462562464581 0
6.893149018842726 14.63981672938298 0
-16.12989237965577 -1.252172390067165 0
17.15783505917977 1.225145134466412 0
3.293112531004064 -13.68002184946038 0
-12.92816804842348 -4.589989830337769 0
1.82631142467859 13.39543831349039 0
-1.106886900318391 -12.22330308079166 0
-11.51042841695377 -3.348252437213791 0
12.97845762123356 0.9637005944264077 0
-7.750436525846895 11.66250482752478 0
6.839756748144521 13.05750931747952 0
-11.07451698896178 -7.191189743369804 0
-9.053011518148777 -11.57833046984814 0
12.04421709499925 -10.71471451498103 0
8.711449710496549 11.60145479016392 0
11.92333172814834 11.31575693589862 0
-12.6205964746996 6.990993485549756 0
13.85607215810697 7.720315993362487 0
-1.384092074715537 13.52394180060028 0
-3.888061226010897 13.44658203485386 0
9.860074048313573 -12.70280496786343 0
13.9170661385601 4.237294740995122 0
-12.65505265025421 9.011709476074785 0
-10.87893303569614 11.16625144715196 0
14.02063509504361 -2.101180461704691 0
-13.01951997102504 5.137704153886879 0
-13.26884015302091 2.021291098690577 0
-13.15399334390275 -1.050853327637047 0
-10.67547729247627 -10.76546552923104 0
13.68532968803813 -5.551952234873135 0
13.67027084881671 -8.906523498944631 0
-12.63140974198127 10.87567270629476 0
4.510290571974616 -13.68084131323384 0
11.65792346323371 -12.48655015608806 0
-4.572287355824519 -13.54485637991995 0
13.66802474894336 9.418958092059388 0
-5.889707951433996 -11.97839280404442 0
5.400476589331048 13.5537536776022 0
1.124456864518328 -12.45250079652243 0
-6.432121957272908 13.10916161022068 0
-11.24965419107982 -5.826055580195891 0
2.23073168000668 -13.62381361466733 0
2.983380092241452 13.39899525247681 0
1.811079034343169 12.30122865958963 0
-11.7722774075537 3.505936563954575 0
-10.0831264218675 -5.740037618620119 0
12.6505606574334 -3.862449505230794 0
12.13479502852723 -9.098399126526855 0
12.49689846527402 4.746300616072262 0
12.95019451437549 -0.378049127671054 0
-11.03990587168664 7.551113436194498 0
4.537946059886359 -12.38140455185902 0
-5.049167767190726 12.02796051194041 0
12.87164873722421 2.313099744980441 0
-11.61359144768541 -0.8339452957788863 0
2.251487891092703 -12.44873237817329 0
9.412549395925115 -11.19566320088273 0
-11.86429312566004 2.076978151429109 0
11.84324381281372 9.463221289194085 0
-11.4976607490854 -4.565027666969883 0
10.27622871848809 11.52547964185772 0
13.71585233084546 -7.303628448265536 0
12.49782967080528 6.065736089555513 0
7.215247315602898 11.4288645829601 0
-4.549036786213418 -12.17775811387716 0
-9.246172396395597 11.45428302060685 0
-7.449881943789601 -11.52519421697064 0
-0.0448381366354737 -12.39864949356962 0
4.157280586912368 13.51127199546536 0
0.8300998339136026 13.38371661395498 0
-6.363530129762359 11.82622854568297 0
-0.2819999481427515 13.40605939812717 0
-9.156149311828846 -10.08647575270925 0
-2.628298487924476 13.49952047738654 0
-11.28840485141888 6.204581813817943 0
-10.73838689632344 9.240170270156501 0
-0.00864291164486472 -11.26803256026614 0
-4.899292191050822 10.85874469853735 0
11.75570381551522 0.8649424740551399 0
-10.55032512709047 2.101699537393247 0
11.13851039767234 5.99037613979792 0
7.41473662986018 9.993455935172955 0
-7.964261901720081 -9.989254954345233 0
-10.1161382218721 6.047337490119845 0
7.960767137447437 -11.47341102741847 0
12.21345877706161 -7.550587464733585 0
5.708754901994318 -12.28801589249632 0
12.66908245953746 -2.709085220914714 0
-3.270145862940141 -12.23632948348504 0
-1.458417449055573 12.27386439773208 0
12.37342888217919 -5.045350217632737 0
-9.881974670688681 -7.044968094803309 0
-5.55953141543104 -10.77734976174543 0
12.28616193874799 7.631529454858043 0
-7.752109852610838 10.24455085442404 0
5.532766076670842 12.33048439745166 0
10.21465613775177 10.135344431145 0
1.123612416351605 -11.30062219109114 0
-11.85070541767994 0.6649171221356164 0
-11.59427450694366 4.939701768498045 0
-10.25919370887637 -4.480290990719806 0
2.937223344674278 12.24723290338603 0
-3.816833059438847 12.15575480150811 0
10.50141810194753 -9.287800379536296 0
12.75779402222314 -1.549958765832073 0
12.61506024392809 3.506162455540982 0
-11.56312017410047 -2.169964909505619 0
3.375528097231798 -12.43038661438804 0
0.7285953870552249 12.29934268570896 0
-9.112340651395131 10.06795680572578 0
1.12450093564492 -10.18747535084393 0
0.5043874160081639 -0.06370293732235117 0
11.40328366957102 -3.910077522430582 0
4.535826895858504 -11.15821242875268 0
10.79897391981654 -7.681074832087208 0
5.849821875341576 11.1512884565566 0
10.83328057770184 7.413987058577904 0
-7.702399965816511 8.870928362733132 0
-1.106184332929254 -11.18431322147466 0
2.260939603821871 -11.28157880637166 0
-10.44225461703347 -1.212334549595831 0
-10.40460447536068 -3.29800429110326 0
-10.59950722238286 0.8332025956040772 0
-3.762370909749742 10.88463511454568 0
-9.905258012944426 7.251054859058848 0
11.65101641840475 2.102130961933524 0
11.29846762733997 4.639878140815742 0
-9.328684283028922 -8.475776569432794 0
11.75234761255633 -0.354554641539409 0
10.39217911352627 8.745117961656829 0
-6.220327219036546 10.32634837662325 0
4.243631580999355 12.08426110298259 0
8.831751540143042 10.1108690881397 0
-4.43885601075713 -10.91178500074174 0
-9.100221195157369 -4.299521452386029 0
-8.770924463865907 -5.628601654444727 0
1.758779291040097 11.1799728301358 0
-9.115013910071466 8.504118845216446 0
-10.41569613240801 3.43300916569665 0
-10.27773600303214 4.767778509288791 0
11.53907531472975 -2.722555705358481 0
6.790661661159281 -12.15293200310194 0
-2.615312143111393 12.22798199208669 0
9.174097081907277 -9.975927511007308 0
-2.173862282576418 -12.16078775127164 0
10.68339565323392 -10.86384344936415 0
-0.3473060048316978 12.29023631954427 0
-10.99284737100792 -8.702825624921388 0
12.20944293114687 -6.26992076434006 0
-6.599376603366324 -10.04922656816842 0
10.64995062903336 -0.3754850636507933 0
-9.338544282339715 1.989983112437304 0
-7.61886536641276 -5.06559672964758 0
5.944614241308662 9.661139940661979 0
9.991330618745545 5.836201936191125 0
8.020793317138683 -10.00304739656874 0
-5.032969332046461 9.711567706262588 0
8.903826623333064 8.549219074242664 0
-9.033692988765315 5.899969596177723 0
10.28101728681882 -2.706824588559502 0
2.264700596185718 -10.15185326894319 0
10.9962881633393 -6.354408408320681 0
-3.284573429466164 -11.01256887818587 0
-9.315760710787941 -3.183043905575 0
5.662670705494801 -11.09065701004871 0
-6.548618887919669 9.004184249912882 0
-8.90190756666826 -6.874224628991947 0
-6.791045192113567 -8.775451214062151 0
10.63354280672742 0.7580884707392215 0
4.767961195735204 10.92308306045741 0
2.82722439324833 11.10238881403114 0
-1.079536373433218 -10.12105183620369 0
0.002634212734997615 -10.18107747398916 0
-7.918137550834848 -8.742206471865329 0
0.6955046189602282 11.18760222344686 0
11.46681476644686 3.349459303685484 0
9.489341095982889 -7.642677716132174 0
11.65513918951813 -1.539282498140548 0
-2.176377739288827 -11.09390505467557 0
11.20219020774424 -5.112304848974518 0
-8.965759411802528 3.292180269329563 0
-10.47740049147462 -2.185212865633337 0
3.395420176300154 -11.23212145733215 0
6.715994519439046 -11.03919699646551 0
9.221190598639051 -8.784922931235196 0
-2.571187295525896 10.97781876278603 0
7.019635630406503 -13.20811974778644 0
-10.48040826570105 -0.2180138854393389 0
-9.491522899964888 0.8572051531378067 0
-8.53618868939842 7.042572621624588 0
-5.404246507354886 -9.626190387959507 0
10.73312542208449 -11.76665242726293 0
9.471211322188646 7.038188673271133 0
-0.01906882294796462 -9.152178721258302 0
9.602851538143186 0.6279073569888068 0
-8.273242888260969 1.717929811756836 0
5.68915324026073 -9.913155863571745 0
-5.571701462089506 -8.423870680066186 0
-7.611658244762654 6.287076512136315 0
8.920715858443078 5.964576990824482 0
8.271669760887303 -7.59594206761718 0
4.728399112970235 9.955865299549981 0
9.984474809382213 -5.135807417740629 0
-0.3596423336967437 11.15293849640444 0
7.536599228619786 8.766062917558624 0
-6.482194634336911 7.921675595096991 0
10.55468903899772 -1.488163528638688 0
1.129842757147581 -9.022676365208724 0
9.733358364974677 -6.377511347484043 0
10.51226024830238 1.914767619664727 0
9.924753148176082 4.510033578011399 0
-6.643987541150238 -7.407351838918022 0
3.399918832063421 -10.06983855039299 0
-8.971892370511991 4.725376989085171 0
-8.017345288765739 -3.992071767851887 0
1.695196591273276 10.09653637141433 0
10.2118494439032 -3.947938672049037 0
-2.449252527569443 9.768041487916681 0
-3.793464520610562 9.425791529016406 0
-2.118438410057458 -9.998543528482914 0
-4.314165055884981 -9.69097785220494 0
8.109046929234569 -8.779533082821821 0
-9.433179912167311 -2.162887156961245 0
-9.514849494789456 -0.1859218344052985 0
6.84409391559583 -9.949894892289915 0
8.19098152751344 7.346255198535453 0
-8.025483711887199 -6.597412858715541 0
0.5032374445117076 0.06325423714011856 0
0.7345641390353291 -8.150562511792073 0
-3.200477915506603 8.298899519716489 0
9.21063583777496 -3.924630148039947 0
8.756898855247133 5.0579887188384 0
-4.168569137167187 -8.335793150018111 0
-6.628177299781332 -4.5966234227041 0
9.446094957182192 1.691343827834991 0
4.850245226375137 8.859154667887177 0
7.910156653002868 6.306905309847123 0
8.482581989544869 -6.397279280372989 0
2.71476164949192 10.01358622223056 0
6.380422032789917 8.29765070860525 0
9.360114332212138 -2.241052323514841 0
-5.667926185714246 -6.748581958538017 0
2.297637884267388 -9.081343342585413 0
-7.96951802720696 4.114546928738916 0
-7.13318575300922 -6.160560059473342 0
10.27996716068091 3.121133589733459 0
-8.481901302794753 0.7145745376536831 0
-5.392816187789624 8.534835117836803 0
0.6787779798855189 10.10419938305027 0
9.631741053745486 -0.4072684298717496 0
4.547140839744575 -9.969491228631219 0
-8.302398361983567 -2.981633635730236 0
5.814365474567765 -8.747440133777317 0
7.118405538065463 -7.61000594403674 0
-1.020999854484909 -9.096957515691422 0
3.740024728331748 9.925800458684892 0
-9.481635126855501 -1.180443780596117 0
6.966433011888329 -8.769249303541631 0
7.29537087460281 7.694037913641577 0
-8.116699453158759 5.490105632816626 0
-3.186787773452854 -9.839456333448519 0
-1.436464524095491 11.08451834778027 0
-7.158442517193439 6.902260576269718 0
-4.432976292140748 8.55391568974126 0
-8.669939095307809 -7.592564602399897 0
-7.849267292921801 2.672447545270674 0
8.665860829589015 0.4745148236217793 0
-7.005942588473839 2.215687383389252 0
-4.111972379833297 7.840579865941921 0
6.027664668406499 -7.632361725191322 0
-7.396060264588611 4.893571349868838 0
1.602548572702809 9.091991828412841 0
-2.222925834607618 8.658884337247933 0
3.678054949461718 8.695242840235146 0
4.593220245706442 -8.678266495483088 0
9.157895547755434 2.794789533665763 0
-2.996545460600323 -8.709811634061465 0
5.192884214099322 7.544046072163098 0
7.298402860721172 -6.483076429143346 0
-6.005919222279023 -5.637865810805823 0
6.617823460717057 6.713777782535482 0
-0.9402741446070058 -8.155823262278338 0
8.650058483366156 -5.060670452991685 0
-4.970209491022202 -7.375169360122725 0
-7.361737360823526 1.391938904314829 0
3.375724922825265 -8.96288697386051 0
9.560375953833102 -1.39526772027422 0
8.698140723362272 3.918356138818368 0
-7.023340355536621 -3.617798925071308 0
-8.530224123909511 -2.122488003609036 0
-8.601681567002709 -0.1898780588303837 0
-6.184714029534049 6.760807115330149 0
-1.359435201501742 9.945285413349835 0
-0.3310711792651572 10.05266652871711 0
-1.992879215715867 -8.947145954353342 0
1.531005445320159 -8.11538451926941 0
3.776286030834267 10.93670772626966 0
-7.887298079434549 -7.583521530890873 0
-7.250617064883722 3.515815517357254 0
-7.444295820649921 7.672680031978322 0
6.12724234265669 7.425536034386115 0
7.762145739144847 5.237517547326074 0
9.215551464646282 -3.086224894417952 0
-6.801214776988116 5.707015320537676 0
1.525936306108259 -7.364258368453997 0
-6.485493746465495 2.961313465861943 0
5.371996841871444 6.56621343551913 0
6.217126856412827 -6.585732515415706 0
5.099740756273951 -7.574064941529278 0
-3.560400588350845 -7.257898780669199 0
8.239343300019895 -3.006157084796086 0
-5.010120054883226 -6.10149924653029 0
-6.022559533473974 5.074316409958831 0
8.499680567621613 1.415127298022971 0
7.726377198539232 4.326192033688075 0
4.047611874380917 7.443273955471589 0
8.228397569303302 -4.021235869671512 0
-5.040602518405368 7.365832575498309 0
-6.354229911299632 1.821623912286665 0
8.707300682829779 -0.4641941406637405 0
-0.04996539424614869 -8.217842991024639 0
2.550871309956185 8.988815778546437 0
-5.806006857084987 -4.204990336688105 0
0.6632664256289561 9.084261113863253 0
-1.235018466486195 8.877509474324446 0
-2.838454574049045 7.354887541482995 0
-6.632902968248414 4.294345965979309 0
-7.547289154933754 0.5129325211068835 0
-7.371089215168786 -2.678339995669256 0
2.348388465488378 -8.115488144083953 0
-1.814664265349189 -7.9805945572499 0
-8.43627437229738 -1.186644466615389 0
6.561227279185014 5.304892650150105 0
8.628747558661235 -2.134991763951535 0
3.297411086352755 -7.952944536003284 0
7.353128762613336 -5.385676985826665 0
-1.59873694805018 -7.132484354145164 0
-5.810080414848347 2.388211296977861 0
4.445741365125042 6.512626690544624 0
6.973277023294 4.294314778645589 0
6.311922754339956 -5.607264696129935 0
-3.696918681971141 6.941469365428294 0
1.496049888573882 8.225526416383829 0
-5.344720433887357 5.822645350227209 0
5.220782920054939 -6.646347285100044 0
8.018051014677155 2.400747742634679 0
7.227594361918941 -3.194983637265976 0
3.013480913173776 7.758803394505218 0
7.183576076618002 -4.270116040494313 0
7.81949134360218 0.3079627981269462 0
-5.322340121948646 4.418013058700972 0
8.683019813924393 -1.350144430437815 0
-5.907089331352936 3.689790002369396 0
-4.344570402963971 -6.689042367273041 0
-0.04721055455215881 -7.39516619185378 0
-5.229472659187355 -4.851769330867121 0
-6.559223996528917 1.117922784271043 0
-5.983521431038895 -3.231060826504184 0
-1.965957923704682 7.671834601615524 0
2.338946650407392 -7.261925041126784 0
0.7363548752613236 -7.398585136201745 0
-0.2790142142454414 9.010659855397595 0
-2.695141795808288 -7.696485206609844 0
-7.715852922026269 -1.864605597234392 0
7.878990163928078 -2.163743198781407 0
5.366982385322947 5.576663418931295 0
-7.54356944896331 -0.4933515340829237 0
0.7267068401669358 -6.645150840244199 0
-5.167078473320317 3.047722804315577 0
7.150188740623602 -2.318154566895654 0
4.399735901408259 5.703058203729645 0
5.369154518463485 -5.722902530043933 0
3.174808021044702 -7.06889559703293 0
-4.710894215807134 5.082098995839924 0
7.86031056374379 -0.5605266143640819 0
-3.094629500048827 -6.428845756258614 0
-4.526826569172466 -5.431145275971618 0
-6.963123513902025 -1.417675344023822 0
7.710721127151373 1.142959321917807 0
6.300046470918214 -4.022185240042968 0
-6.482162584809373 -2.280597926339696 0
-6.690963119678961 0.3231991503996462 0
-5.698738216241503 1.613634136712805 0
0.676631510777333 8.130623669473916 0
-1.088707334733887 7.891354500979685 0
-2.513348726788194 6.489521614908334 0
-0.8262906019276606 -7.317886096104728 0
-4.544858822381412 6.444734522988012 0
4.131795601528935 -6.644971316718976 0
7.012692198380921 3.463414987278904 0
1.486484296711362 -6.599541035630057 0
-5.156433437503429 -3.728398148002051 0
7.874212782290026 -1.398624728657374 0
-2.350812623768093 -6.833370506461974 0
7.83375826674934 3.444526104715333 0
3.479187993099134 6.538568160053475 0
6.128174541440252 4.375663322597084 0
2.314379253867738 8.116299377914423 0
6.270689235911404 -4.798787028627418 0
-4.684923255786681 3.824296437317602 0
0.3221016612864041 -0.07131682913141586 0
1.414489646922427 -5.881523208724386 0
-4.103699639582267 3.329874924474581 0
3.631531217712814 5.754748545422764 0
6.154548450559693 3.546108261700048 0
-1.989124966289268 -6.089130739785844 0
4.50755172958735 -5.686895725701018 0
1.710551021349347 7.289992192041155 0
-5.616737508977637 -1.911928189300697 0
-3.2842117358076 6.110009222543627 0
7.015257675615477 2.583179775238083 0
-5.190467446301699 -2.646506367949768 0
6.365179643133281 -3.25188218973795 0
2.65195010227669 6.947386192649455 0
7.023520564118475 0.152464504986686 0
7.094311205150288 -1.498358971617704 0
-5.127988045538913 2.273028946449534 0
-4.152098522098031 4.433699156446127 0
2.255098499950999 -6.468675791162233 0
-5.798824590583157 0.9372030963188297 0
-0.7162802444714466 -6.611967575986956 0
-1.728227267356579 6.781344276252089 0
-0.03060754234110882 -6.627267514619527 0
-4.611327272916269 -4.26381350182968 0
-4.023902066463538 5.643743237360392 0
-3.813067371904598 -5.952360349131959 0
5.480320136776809 -4.879649022558636 0
-0.2091650346892504 8.036373627538005 0
-6.757788663128386 -0.3115795160786725 0
5.153545873127286 4.534352032095537 0
7.555458045099611 1.734959340628587 0
4.181333418568724 -7.674262581813675 0
3.024602447285816 -6.290236012651544 0
-4.529038444091163 -2.283978091271801 0
5.314199889046929 3.555870159623352 0
-0.03650159157376415 -5.883416228774587 0
-3.651271429290223 3.863676633876978 0
6.981410197242483 0.9697839106435491 0
6.109052050024726 2.618050693159827 0
2.30011092743767 6.1589852340965 0
7.063389975084383 -0.6797598787011763 0
2.114352023853391 -5.741373234934753 0
-5.018589020492089 1.642521761792902 0
5.551145023151618 -4.093842447067232 0
6.343637567424213 -2.403964299366717 0
0.6951577844249599 -5.917622526283846 0
0.7085581924332311 7.219362258712844 0
-0.9384543650737144 6.991462366319644 0
-2.197682945831865 5.70872417229547 0
-5.892904835589691 0.1763932075195639 0
-5.949046045061067 -0.8352295837636214 0
-4.651010010106009 -3.230303362813739 0
-3.547163130193864 4.939394612558055 0
-3.981989563386529 -4.782080959493943 0
-4.417026503184453 2.724916358372929 0
-2.663690721223436 -5.700451640249622 0
6.975365135018584 1.754877366924979 0
2.950946493945858 5.9073394170185 0
-1.378409935553197 -6.435256550124575 0
4.211616825181465 4.889394243806602 0
4.675462284159831 -4.886412183732574 0
0.3214915770251139 0.06995995255030857 0
0.656512485305022 -5.240155977395424 0
-3.606930942166488 2.907956160068214 0
5.453255813407096 2.902553255138263 0
-1.629987829964399 -5.410032371782316 0
-4.091592502039847 -2.800741557351184 0
-5.102485830729216 -0.4596700011554112 0
2.88024342043736 -5.422874009499411 0
-3.113593526373035 4.313708689330841 0
6.215747245305681 1.704450800574207 0
6.187198739179119 0.01855271156224428 0
6.325786475420414 -1.583100682977903 0
-4.961942641702085 0.815132054954584 0
-4.871252055203225 -1.737158745246702 0
-0.8781065660524606 -5.80918698658007 0
5.572230152243916 -3.315815277109217 0
3.902698430746045 -4.805718594808774 0
1.506789503500088 6.320064983277543 0
-4.075356981546491 -3.720904652754044 0
1.317567613517396 -5.215112220965105 0
-1.492897391297766 5.984924502582524 0
-2.888258452651751 5.362243579650278 0
-3.328709492190279 -5.263599166044892 0
-4.603738879217953 2.15068936553463 0
3.447614041475606 5.085239394241555 0
-0.1335557799577815 7.133718203290637 0
2.067582980531466 5.425557957252372 0
4.565999207842255 3.86272619413772 0
4.787350515010758 -4.128164205470013 0
1.21857817088128 -4.611255240292504 0
4.054067853349395 -4.091137425149937 0
-3.654335623846777 -3.245047278230048 0
1.354793417267659 5.537296462839184 0
-0.7898557875861391 6.191935162547495 0
-0.707970962374504 -5.019115166320685 0
-2.518372210924212 4.692520131309285 0
4.837998215666205 -3.406989737750428 0
5.470710912589678 -2.450501773044714 0
6.30239290302821 -0.7984978788486353 0
6.232878623209655 0.8883144042436426 0
-0.02795693937890061 -5.173104962324153 0
1.945691612600863 -5.10180963897314 0
-3.204692637402126 3.358723948061819 0
-3.941138105492074 -1.994206655296833 0
-3.910330114206856 2.459995978307609 0
-2.868309630060141 -4.622373684837415 0
-4.399266831371609 1.311737981611823 0
0.6950820937010229 6.364235437923127 0
2.753574568529822 5.259556799235344 0
-1.885803076227594 5.009528424000386 0
-2.265744927355455 -5.039050891358429 0
5.42661742850025 2.308716433451921 0
3.934591130227926 4.147304503755274 0
3.73741030683295 -5.55142066850716 0
-5.183686231274708 0.1135690692106846 0
-3.478416717348352 -4.176758157024873 0
-4.810950780286917 -1.078504173449911 0
4.906272338947935 3.008127448486769 0
-3.185756950730243 2.511487202281832 0
1.908359891996867 4.748382146721378 0
5.589046010222923 0.1899045202023372 0
-1.593878780060547 4.376529304645647 0
4.762626298923208 2.353605685088648 0
1.794387953450605 -4.519575829369335 0
5.569001807615653 -1.588532802599443 0
0.003267398227812232 -4.526953389575644 0
-4.511688177364758 -0.1407752480466619 0
-1.906951629897434 -4.443454387058217 0
-2.976000680206054 -3.53448339292454 0
0.6265395803643088 5.590608679691546 0
5.483527589096815 1.637721425384202 0
0.6148878723505354 -4.612043647185262 0
-2.720747828146034 3.753103773394951 0
-4.265568750100609 0.4666471069685342 0
-3.555844002132886 -2.449937958988411 0
-1.235177184663641 5.279540466767058 0
-4.038917229711559 1.839997082170624 0
3.174829750187637 -4.623526919033692 0
3.228772597997704 4.378612302539922 0
2.408222512310578 -4.968890257631461 0
-0.0687333970868986 6.321156470330439 0
3.599456132752171 -6.132036803350574 0
4.359632691058474 3.249657670091333 0
-4.256963022186367 -1.53855657659166 0
4.78972532913169 -2.793803936624389 0
4.15380442477876 -3.431198863420003 0
1.121234464773635 -4.065843367619145 0
-3.717754322196921 0.2424293859414072 0
4.204384917788095 -2.812380762081593 0
4.185948575832519 2.701868068876171 0
-3.438217107412668 -1.73873798303354 0
2.444107140382359 -4.400106872267182 0
-0.9694797520252105 4.629654943653453 0
-0.5980124132900941 -4.371169752823054 0
3.522768056058465 -3.34127562644532 0
5.598338157503633 -0.8726601390282037 0
0.5901722512282821 -4.048689318631362 0
-2.809993852475275 2.906629423157873 0
5.435675748949292 0.8097372454104863 0
-3.948397060070333 0.9734391345684352 0
-4.125965820257983 -0.7237291131518311 0
-2.178784761955823 4.090473181733985 0
1.247024212730478 4.839401171670941 0
-3.505702905340016 2.123798685156706 0
-3.183291042739334 -2.880041760051407 0
-0.648967995997113 5.528460482384824 0
2.559856334794057 4.588550976276641 0
-2.432393207919898 -4.050658448449519 0
3.364814035213713 -3.94519816987931 0
-1.342019013996484 -4.77274015359763 0
3.722671876369531 3.455401082060952 0
4.781398342340743 -2.183603787898419 0
-0.02186332451339319 5.637821165700735 0
0.1941046145925844 -0.06835587955402914 0
1.039381983495106 -3.576591373882691 0
0.9207377773430041 -0.02052403053962008 0
-2.796085375237801 2.141976964749799 0
1.174924828710273 4.20069417026599 0
5.088144266980683 0.2158744494384361 0
4.214220818297763 -2.216871962420999 0
3.623354631370311 2.797414477058933 0
-3.470539267847802 0.6930657649584292 0
-0.2332000120843142 4.906882104492011 0
-2.001896364857143 -3.56748996431014 0
4.786589548999216 0.9884546571696031 0
4.167895199740446 2.143952649947254 0
3.62123790259393 -2.767800351340694 0
1.631322322900275 -3.971280948972042 0
-1.339390473240172 3.803166441554917 0
0.04889497301928526 -3.943849084293499 0
1.78783606399266 4.119624195621395 0
2.975124670049198 3.601813423312447 0
0.5591067103360012 4.884407093502181 0
-2.370024637929133 3.252099105772307 0
-3.635337063558249 1.390607826182253 0
-3.058106402298271 -2.114837614304684 0
2.994947720289825 -3.148998418851498 0
-3.733501587272897 -1.241712179251614 0
5.563549352691508 -0.3072057278736488 0
-1.132940234046656 -4.222084162759185 0
-2.392599768211106 -3.176793918844717 0
4.793547645948943 -1.504268960331169 0
2.703747344315071 -3.674404329318841 0
2.360912373912511 4.003493008670496 0
-3.866837693531649 -0.2006187174358806 0
4.424591932218084 0.3114539344095319 0
1.132940813552127 3.616721989333869 0
0.9132262240262141 0.02383492622267586 0
2.389683125939696 -2.984817087805952 0
3.582180971432092 2.131155075067518 0
4.179680678275254 -1.690129017358353 0
-1.610258202394647 -3.122375768617281 0
-3.229304800003546 1.111489177494316 0
1.461105495383836 -3.525184989591935 0
2.256179673428582 3.352424259465909 0
5.033310593689158 -0.2752898042149883 0
3.080430576301217 -2.651323760687697 0
-2.454142521388019 2.505602897445453 0
0.5357497860864241 4.222881793439007 0
-0.7547930451459699 4.01879061671411 0
3.655758813465201 -2.212327814520768 0
0.6071032385993708 -3.587189073378438 0
-3.351014978722173 0.100854519761615 0
-3.000389895393144 -1.305210828459799 0
-3.142036406897867 1.680882726571287 0
-0.4952765009353117 -3.780359493940691 0
-1.876429786063688 3.549898586162188 0
-2.610865753591327 -2.584317466403514 0
4.820504701147563 1.618443978346 0
2.088116990265566 -3.782399810114645 0
-1.608437842475294 -3.950961118033271 0
4.957065161386336 -0.8188537381716886 0
-3.541269848131223 -0.7744651523126354 0
3.01343951726448 2.83591821736505 0
0.9693947255682607 -3.082494675538748 0
-2.132630813243725 2.161219217988382 0
2.448047204870778 2.740327165003604 0
2.591491956150666 -2.474804945829853 0
3.768855560983118 1.592564875423467 0
3.626999354619072 -1.62198462699698 0
0.5497764835716319 3.622503637055994 0
-2.630582014783224 1.429699443640205 0
-3.091664302483325 -0.7800183612417366 0
2.999230964020253 2.252312642634142 0
3.145231484828867 -2.15432228794914 0
-1.112126451211723 -3.563555560368023 0
-1.125540201357905 3.285855841797769 0
-2.612953323748926 -1.769898298070952 0
-2.974212125112075 0.3816187084012844 0
1.685924562060675 3.538170857792091 0
0.1318888666372497 -3.371537918511791 0
-0.1206578602027894 4.168461363222253 0
-2.056068353606514 2.808756429531706 0
4.618026196941361 -0.2128718605339591 0
4.186302559053148 1.028529759788343 0
-2.015941992841351 -2.790612312089805 0
1.855425243835997 -3.239825501399075 0
-3.339669774200788 -0.3156273711028524 0
4.22576967744685 -1.174949235271827 0
0.1938823285661933 0.06837588449172727 0
3.83069886876948 0.4371632148201165 0
2.564218628458692 2.253787816186003 0
3.750689360044923 -1.094270748536058 0
1.121702749713105 3.09495792284093 0
-0.6009283458005984 3.461603404193522 0
-1.778784156449451 2.418836127683795 0
3.141396025762606 -1.725429216500725 0
-0.03833677301092459 3.573890499113592 0
-2.81031441832402 -0.1633822775582396 0
1.389366671118072 -3.11462043857747 0
-0.3647693136109818 -3.299989028783997 0
-1.290705925719732 -2.666370813832572 0
-2.266877302310769 -2.118752676602175 0
-2.794529379946925 0.9572218965078465 0
-2.450142539473121 -1.066064253016066 0
0.5517708374516065 -3.158274595653541 0
4.233941332564381 1.617244375457577 0
-1.610207526076682 3.068138626594441 0
-2.416885416077657 1.835497497489896 0
1.745102730779705 -2.771876995719565 0
3.974137517321444 -0.1411356632694887 0
2.692887868613165 -2.041470016238078 0
1.590906783611532 3.027627459985714 0
3.32782826230852 1.649579079115151 0
2.021346999619143 -2.601333188046489 0
3.673892822966256 0.1128877185451263 0
1.709572961967764 -2.425197130285638 0
1.131341091952606 2.652132089301469 0
-2.215731839382928 1.243861249956025 0
0.01046396302508795 3.054887222853552 0
-1.378236446264064 2.638167075673788 0
0.7808836535835743 -2.695403640511035 0
3.727545448099113 1.199326866643168 0
-1.854833561200676 1.878886456079341 0
2.750109836284265 -1.635436998690964 0
-2.414697078807317 0.3670203572537676 0
0.5712150067907282 3.038359913371298 0
0.04303571960678066 -2.895952860101596 0
-1.744200914583903 -2.300166317669585 0
3.793334607958715 -0.6915012196652851 0
-2.649590568544463 -0.6208010732172767 0
-0.9444489100673106 2.825323873689078 0
-2.201873947209871 -1.470706546962127 0
1.406058709899274 -2.757149422181026 0
-0.7871119463727225 -2.946982887084567 0
2.922306774029033 1.763637797651652 0
1.979067583169945 2.876387297083034 0
2.169356237701021 -2.263781413541085 0
3.191321666773929 -1.321917706468784 0
1.758542725697006 -2.062565504457224 0
-0.7892678616384445 2.414341290444123 0
3.261214845392158 1.179145986054396 0
2.501505317106942 1.8383840150545 0
2.770023886606324 -1.196165401326658 0
-1.032602631887565 -2.247662528657423 0
0.4073410411140821 2.604989718527613 0
0.4178893277457014 -2.730747897890227 0
-2.025028866408817 -0.870508999153296 0
1.511812737255912 2.592531937850914 0
-2.344340215318545 0.815259269904466 0
-0.4811516989682096 2.970031132563889 0
-2.40473152860067 -0.04357807553093888 0
-1.53644119614846 2.06270780865233 0
-1.935151942572577 -1.808864732111054 0
2.294071116383257 -1.889958875090763 0
1.401980541680478 -2.401166183031431 0
3.767965250222681 0.7920701361074949 0
-2.0842064840799 1.601868195686226 0
4.318375665636942 -0.6012194023000625 0
-0.3027811765575824 -2.861515252576715 0
1.869805462580191 2.474009386088797 0
3.311401621976916 -0.9584485715620793 0
2.383032992109401 -1.539412136926122 0
1.380900957530188 -2.064258451198359 0
2.406224507403311 -1.236166172762312 0
-1.83394124765602 1.089344142334142 0
1.127087516583719 2.278396570248218 0
3.410303839984796 0.7564631660560766 0
2.911661285113988 -0.7955677104937841 0
0.03148751405554834 2.60613312079832 0
0.7755318151449057 -2.367448409259429 0
1.934185598001056 -1.699962153244445 0
2.805326286335257 1.335988186807876 0
-1.663733552945371 1.4841822065224 0
3.415942160456183 -0.6122390328133869 0
-2.167366617480049 -0.4349152084286168 0
-1.820792723761475 -1.231129582351224 0
-0.7007289694620573 -2.447128325516167 0
-2.003882203001432 0.3157155843743528 0
-1.173957456729852 2.253526270147117 0
-0.3853066401140397 2.537847741025822 0
1.447625926684828 2.213903256705914 0
-1.341872722445082 -1.940672397855449 0
0.06905262411084695 -2.527028902082008 0
2.092494425765477 -1.426587918255319 0
2.192003307027696 2.322577738583789 0
3.647679826883949 -0.3599170840534683 0
1.094164527766244 -2.702177617896367 0
1.100982729710451 1.952711033381568 0
-0.3042515569079617 2.161368970217981 0
-1.351069867859905 1.212917680096604 0
1.790166093216617 -1.348572874426209 0
2.431709524160741 1.439438468486433 0
-1.695982379453259 -0.7280564059544973 0
2.075832056890939 1.898443510399835 0
2.126678474976736 -1.155276774497313 0
3.417358508898737 0.399066756415672 0
-0.2868639770578675 -2.424468914896076 0
-0.8035352023023952 -1.903250206562555 0
1.071804850386707 -2.062790243396679 0
-1.937271790024298 0.7039868351642306 0
-0.6535458563109935 2.051823525243375 0
0.7949414387367314 2.288508652210743 0
0.04814909960271346 2.226443876188906 0
-1.595447923784313 -1.586854721336261 0
3.392478748034497 -0.1050080929032003 0
-1.317681730554829 1.726349270220904 0
3.040475334885216 -0.3648141991341392 0
0.4711997557943684 -2.323489874972699 0
1.085321230896203 -2.38515937591717 0
-2.032132063700588 -0.03467475492219001 0
1.597253108192077 -1.703447184254472 0
1.749204280942823 2.131013999251357 0
2.459413380333973 -0.9565134843507427 0
2.999802508391422 0.7613387782676881 0
0.06529783598989787 1.901410835287437 0
0.09312365967504577 0.05697754798045249 0
2.09074867109585 1.473362729183937 0
1.856749327539357 -1.079752311399859 0
0.8171058708669646 1.974760331460252 0
2.884103401371835 0.03399654147366732 0
-1.107518942927967 1.428536980707948 0
1.048092782236077 -1.761272082255472 0
1.541548313606383 -1.450290097991733 0
1.683035834668571 1.754260847588881 0
-1.454550021172815 -0.9938573826283068 0
3.058003884885102 0.4245268484055055 0
-1.654343899617375 0.2361081426413791 0
0.4280784093015613 2.224769642615021 0
2.157716598238544 -0.8526761948869034 0
-0.2331413608519868 1.834401074722396 0
-1.523751387554849 0.9611418649862031 0
0.177665256705021 -2.225139426841303 0
-0.9920176077838361 1.906767044921863 0
-1.057982208190804 -1.643893763577904 0
1.33114977312861 -1.747431299704783 0
0.7775118473695509 -2.048740008574084 0
2.524779343304711 -0.6638551013368859 0
0.7729282371581844 2.619200755951393 0
2.633315848740141 0.9572112955455488 0
-0.539005757507334 -2.103803152916378 0
1.378816452704645 1.878971836773181 0
-1.736968513432669 -0.4274450557079912 0
2.347656852687437 1.128620224079336 0
3.177958642592281 0.1441135199977645 0
0.08862245376306686 1.620714800266817 0
1.805565459372776 1.437470424480286 0
2.252649164830994 -0.5176573780885875 0
0.820143499332078 1.6967025906158 0
-0.5981317340512792 -1.609747072696618 0
0.09167611434411271 -0.05698004320803389 0
0.77178068845584 -1.751903026594747 0
-0.8274896886150687 1.598206233684147 0
2.76932145373079 0.3351297221262727 0
2.306974517322551 0.8427821362626684 0
0.3208452697455849 1.915365487594388 0
1.869451215556871 -0.8409938109128842 0
2.073335338868449 1.154237511437389 0
-1.545266130322595 0.5953329231411213 0
1.06546371295808 1.663570019563717 0
0.516515947025875 -2.033432402151798 0
-1.274247004612643 -1.345505275554716 0
-1.124265710551675 0.9915090406644785 0
-0.5340627436860066 1.732807254516014 0
-1.405987522327725 -0.6626075428211911 0
1.270981304777122 -1.432957602829426 0
2.602514446672039 -0.3339309165940523 0
-1.713628675856669 -0.09683874502305853 0
-0.08603851494923803 -2.09419411600739 0
1.296162273130927 1.61092307313008 0
1.533203542086276 -1.186044954486056 0
1.323043292544681 -1.186769128612714 0
0.8035336788960715 1.446590938013048 0
2.043992502571946 -0.6092791286185885 0
-0.9978822205798067 -1.142377538258609 0
0.4629767701118336 -1.71487105200929 0
-0.4277859686662208 1.451863382788428 0
0.3344968896734752 1.667677887301616 0
-1.375721850797574 0.1592560625620404 0
2.039049954741959 0.8709918538226032 0
2.570989020265924 -0.02554382310077991 0
-1.116900566595027 -0.889461410613237 0
-0.8190720315150359 -1.390630328209554 0
-0.9176954640087245 1.174654290742057 0
0.7817901699550287 -1.508899575199749 0
1.008240828389727 -1.493696453355125 0
-0.1688355991049662 1.549737683372411 0
-1.286301678771765 0.7911277716123483 0
2.662936293747934 0.6063452556261572 0
1.025568918864632 1.409131216167269 0
-0.3088043261367878 -1.808660905008671 0
0.2730148574615056 -1.950420961897823 0
-1.442615003546819 -0.4282562205092283 0
2.311559672897501 -0.2886797038549733 0
1.645712198505717 -1.007075053482432 0
0.5677934561050493 1.938368899531878 0
1.801000097875001 1.16355931748438 0
2.297264329698381 -0.704033839454511 0
0.623923419081806 -0.05507174893840549 0
0.6233640069592538 0.05491993420347886 0
0.5367487684782751 -1.395026977644255 0
0.7796004253885828 1.222017267289484 0
-0.6132543507474005 -1.172530408029733 0
2.290959066322908 -0.05190100069443915 0
1.782747055325145 0.9077524315941051 0
1.968300361909945 0.580569816697536 0
0.3488049651258938 1.42368844887662 0
-0.1090407762306377 1.298882342076761 0
1.254497324054937 1.337613712056079 0
2.011832861911574 -0.3709634605898676 0
0.758361990740308 -1.295955020490078 0
1.551572500787314 1.155771741637702 0
2.331902810728186 0.5331196278169212 0
-0.9390944849833198 0.7919265201262622 0
-0.6816123215632627 1.328404468308178 0
-0.219127534127546 -1.476781302077621 0
-1.383419053427465 -0.1403754073672543 0
-0.7710840982482666 -0.9703784347908757 0
-1.259831968779505 0.3934062056376976 0
0.576021342219814 1.450470211463976 0
-1.158413775226683 -0.6451146895159395 0
2.505200223602893 0.2458645998369616 0
1.647951756556157 -0.8143949956306964 0
0.04579506578685482 -1.786638643480304 0
1.463800964906539 -0.9797259076095786 0
2.135624254389015 -0.2505972062639232 0
-0.4256062169496059 -1.358639950466542 0
0.2132222109200275 -1.568998436449498 0
0.9526294138745512 -1.26433315608543 0
1.842773874470374 -0.6182980488774477 0
0.5045778941181188 -1.139032222186915 0
1.297711665089649 -0.9965986134621425 0
1.806791848843939 -0.4238996912882274 0
1.556819958794073 0.9271479742625104 0
0.6734242365287515 -0.05053044771184029 0
0.5740986630220369 -0.05887431299132988 0
0.5738280305806178 0.05871219418735993 0
-0.4383940799092903 -0.9809345405849047 0
0.9820548762674233 1.182125125014058 0
2.0729383938999 -0.09927306007742236 0
0.8925959124290124 -1.066875512807077 0
1.958918294574826 0.3279513690268567 0
1.455742736581999 -0.8059720595810289 0
1.736082701602809 0.7056458369932697 0
-1.131411744917747 0.02748787559625428 0
-0.3361744805276815 1.207607394277487 0
0.5730000644979455 1.228204285147427 0
0.6132360531825689 -0.05572213633924689 0
0.634473752609811 0.05389054214263746 0
0.602772880966152 -0.05616959534953342 0
0.11983832047347 1.371475633077894 0
-0.7572778581306681 0.9547516141655732 0
-0.8936886267747755 -0.7722436396392699 0
-1.107182772946818 0.6081105064308405 0
-0.1659273207781638 -1.313060904101702 0
1.515683177013312 1.440634935009298 0
2.206507503355513 0.2134841242800973 0
1.892334769934404 -0.170233088598325 0
0.2636793725535465 -1.337487635792819 0
0.5747145467172291 1.691278333729518 0
-0.01076892227545998 -1.511450396243079 0
-1.144648368981319 -0.3696647881483646 0
1.634641709722689 -0.6140530903419237 0
0.5689638151117067 1.036945042237345 0
1.28397844397375 -0.8170476507226353 0
-0.05650145103006457 1.078990853973304 0
-0.7771414414109028 0.6190843603242132 0
-0.8329543732440621 -0.2198521792447143 0
1.542194793318895 0.7293120605202357 0
0.6247276362305298 -0.06747348929675438 0
0.6239285233320871 0.06739072978530353 0
0.6736127575895818 0.05011975158067115 0
0.3067905059522371 -1.12769493034571 0
0.6949150222266237 -0.04811571243726124 0
0.5518691850131322 -0.06027648708236943 0
0.5539544977113813 0.06009227157883437 0
0.5838076603163292 -0.05678954166391462 0
1.162932196389391 1.131200647379136 0
1.804748514020428 -0.01212042464324425 0
1.60906056730433 -0.4151018398187092 0
0.3633480077948569 1.198385497619324 0
0.7404270098034338 1.036307590221173 0
0.7037686180539664 -1.114321523917291 0
1.092578086683307 -1.000349558668225 0
-0.5547060203348821 1.093831404843393 0
-1.007491494092891 -0.1641575661124546 0
1.426848852219593 -0.6000720000316627 0
-0.5873391654370428 -0.8117547673151035 0
0.6841910349837297 -0.04962044606365545 0
0.5629575546756556 -0.05996697415599236 0
-1.039731579104799 0.2604338244073885 0
0.5639457146698192 0.05935992384264958 0
0.00205874164159088 -1.26499704214447 0
1.350565115972673 1.126855117714109 0
1.695964442131715 -0.2327992668601686 0
-0.2499624318752517 -1.149634892861497 0
1.963579131081922 0.09730945056352404 0
1.751587986194109 0.3098388725621573 0
1.137189312435718 -0.8180672212651052 0
0.5467191951723847 0.8783346006638162 0
1.648770401524103 -0.04723851034234036 0
1.448823635151396 -0.4271233635675614 0
0.6741097863426679 -0.06266040461860194 0
0.5747379846047104 0.06920143840046027 0
0.6369956244819646 0.06610898432797908 0
0.5337198607902818 0.06149062201214459 0
0.6946499672369161 0.04831185106936203 0
-0.7774108526432452 -0.05873988426837453 0
0.6533674227569741 -0.05047940246005796 0
0.6037185836465191 0.05531135272215874 0
0.8363854967367373 -0.8886254153863491 0
-0.7140900017319572 -0.6416395364033813 0
-0.1315002056696349 -0.9252184817558348 0
1.351943145833173 0.7414290011131413 0
0.9318348070656711 0.9495207880101525 0
0.09655256313020621 -1.001824719469002 0
1.263140561442035 -0.6645586214856 0
-0.257236481593803 0.995568261701554 0
0.4957269126530222 -0.9508694284381309 0
1.351680877392885 0.9331033680797888 0
1.527157730735155 -0.2007815143205494 0
-0.2974157745536222 -0.8086850078653641 0
0.6440282309968638 -0.05146722985338131 0
0.7137640475196638 -0.04486359265808171 0
0.6537055204238988 0.05074708435862257 0
0.1523454565436722 1.146881097986724 0
0.5756415008580311 -0.07117612055534743 0
0.7042379647493839 -0.04586178433153111 0
0.6840108836738468 0.04919308979492099 0
-0.6197096347074837 0.7660761584172114 0
0.6632564990449052 0.05097593524152137 0
0.6347073710155695 -0.05379780462625883 0
0.6134231675753486 0.05453340763976816 0
-0.9189614175295082 0.4521035584261415 0
0.5933441980428886 -0.05582758580361533 0
1.508471722895143 0.4060160812360926 0
0.3803840063686396 0.9938842914622504 0
1.761519195988233 0.1455412353187593 0
1.13403226417908 -1.210529529606536 0
0.4348398271652563 0.8848217787785462 0
0.09693074245813187 -0.7789820894135694 0
-0.6338478520953348 0.4767584123095863 0
-0.664245243104817 -0.2117780909627436 0
1.493533711060532 -0.06863720826758206 0
0.6251376638047692 0.08163614554165756 0
0.6752549146095284 0.06074941411688699 0
-0.01557243237332786 0.8864813371140368 0
0.03356384522889407 0.04184605451497815 0
1.124683938369438 -0.6731009466209497 0
0.723303520132241 -0.04502383239573144 0
0.5134602595637265 0.06290936437882706 0
1.585618593522065 0.2763747508384623 0
0.594289248514747 0.05727738407041292 0
0.3195183559596798 -0.9189412494803501 0
0.1856334295271791 0.935688492951974 0
1.146502638511147 0.7305984398831503 0
0.6627922204379344 -0.9316102342078754 0
0.7180591326823416 0.8350821958877126 0
-0.4459505733721996 0.8920434704693103 0
-0.4316746249537592 -0.6653374182530237 0
-0.05902564464280453 -0.7452390502681321 0
-0.8542847371085113 0.1635245861518423 0
0.7054318189526485 0.04689272810991132 0
0.5438503427874801 0.06074109522345482 0
0.66281731740479 -0.05092951995538575 0
0.5236336961837362 0.06234019177423427 0
1.152934671259582 0.9410509894440965 0
0.5838726059420936 0.0582054228844896 0
0.644091707905014 0.05171733121201935 0
0.6969688730871993 0.06007176045395198 0
1.578949526484382 0.1153758649828822 0
1.354227383500113 0.5750517392357106 0
0.988656748095942 -0.8393147838384107 0
0.6508548717249026 0.06284567609441651 0
0.6376119142870628 -0.06597923238914674 0
0.6095545382502212 0.06673210371741783 0
1.256910092666485 -0.4945567072207447 0
-0.8576135765145505 -0.4499934338734413 0
1.48461705211054 -0.300966146838032 0
0.4131079909523748 0.06927195006179687 0
0.832483575515388 -0.03309047659011428 0
0.7900348986898778 -0.7141995323794738 0
0.2422429675768033 -0.7638724035271297 0
1.113001901024219 -0.5239312095921487 0
1.209101587925389 0.5674770293817553 0
0.6247304214269188 -0.0822402825008642 0
0.7111267165937226 -0.05680047120666707 0
0.5347446248478017 0.07210380465513463 0
0.7097003456484093 0.058460132318152 0
0.6500625906414477 -0.06144872013019776 0
0.1637589477933065 0.7572236281666749 0
-0.5519497679607654 -0.5168064219232804 0
0.9635217704091044 0.7584887944028671 0
0.6170352065878267 0.7049141045982544 0
0.4963941858304652 -0.8300907692334386 0
1.445427309498626 0.2756053248110677 0
0.965458629059876 -0.6795544202079403 0
0.7240068233629268 0.04346935666691511 0
-0.6678735412845198 -0.09599424954800304 0
0.1109126732875606 -0.6275081420171007 0
-0.1913812226587809 0.8134262640813754 0
-0.5011513017092613 0.6078252937160787 0
-0.191341003039203 -0.6766666561934688 0
-0.7532788623537441 0.3291124308248947 0
0.7336060217733289 -0.04400610859718412 0
0.685860068521766 0.05980055754992584 0
0.6629644242704392 -0.06190806526220498 0
0.7146372727770969 0.04450891948409313 0
0.6648581004699673 0.06285025362780169 0
1.328478842698186 -0.3704558210953655 0
0.5552045483760379 0.07155060687033063 0
1.486634924786148 0.03370962867382805 0
1.513230237139764 0.5706719798562887 0
1.427564788603533 -0.1566495036504277 0
-0.9197322893601233 0.003428885636665273 0
-0.6365817111651511 -0.3667624833819078 0
0.5845262252387501 0.06985340189779701 0
-0.9761060839715072 -0.6257014957417024 0
0.4133708963220181 -0.06761425228130867 0
0.823905641917403 0.03417090856393888 0
1.001063247863354 -0.5491660682478499 0
0.2384336978640452 -0.631103221044548 0
-0.5097116898451448 0.3626991170664702 0
-0.4926596471957534 -0.1833544338650429 0
0.3732927592740219 0.06980156218261907 0
0.8725253611365795 -0.02747455021431011 0
0.8025214211872639 -0.0358933434564116 0
0.6540210606970946 0.07823790091866571 0
0.8189885954557882 0.6894079046463902 0
0.6024483664104431 -0.06720615509887186 0
0.5960349056927171 0.06919529585599919 0
0.6052577193130639 -0.7568937380546656 0
0.7349101660439447 0.0546576116918787 0
0.01116679548375387 0.7212480374274638 0
-0.2801485599209952 -0.5288528417632621 0
0.03094946582248525 -0.03961661455588365 0
-0.353471656098083 0.7206670177360848 0
-0.01336678693680451 -0.6008471093210856 0
0.8031097772229452 0.03686967658046141 0
1.200020777067119 0.4401083285826721 0
0.3413575609807837 0.7722588259580365 0
1.382723621358517 -0.03113505165171584 0
0.8171353295465118 -0.5842052391781561 0
0.6992937123503432 0.07359492367998628 0
1.426057762639592 0.1629643270195088 0
-0.5191839862529375 -0.3154703386387583 0
1.133829130918724 -0.4223765944058238 0
1.362056993610177 -0.2407101454437587 0
1.056042997931516 0.5689262198504969 0
0.6135044938241552 -0.06688672438265517 0
1.69605160162061 0.4980102726193813 0
0.5024249038312917 0.7425483337813671 0
0.5650509255216634 0.06983604085284038 0
-0.6991464834835354 0.08671137312359552 0
1.342619479236023 0.4298100270168236 0
0.3675991377769157 0.6291928972549549 0
0.6938849635494524 0.6037826796767866 0
1.080153715493122 0.442907574613344 0
0.3741704435033113 -0.07112976952122797 0
0.584650013020095 0.08191671050673782 0
0.8521584972607708 0.0314345893590685 0
0.7640594468698304 0.03998184810103283 0
-0.3730854636979044 -0.2502287055128891 0
0.4984610708403616 -0.6926541684857341 0
0.7142553242481645 0.07222362277706966 0
0.1591407285825871 0.6192118608227314 0
0.5896387408616609 -0.06797239785975878 0
-0.6090140807040016 0.2307401397175089 0
-0.5499044456080487 -0.005826411643537155 0
-0.1379861396576707 0.6581229780198772 0
1.400669527734975 0.05695655504814555 0
0.1275817983763311 -0.5066879439218527 0
0.639741334002026 0.07998228467169738 0
0.9408132356250081 0.6234981690779227 0
0.7823944711919146 0.03871289885221903 0
0.7443670269730839 0.04353681403384254 0
0.3635030834086416 -0.6137390681791022 0
-0.1250904185869884 -0.5547310775689477 0
-0.3998206533615996 0.4775879048493868 0
0.8135464151984412 0.0356130105330025 0
0.7926857450194181 0.03787046833750482 0
0.5567117851446052 0.08486450010043739 0
-0.4117076135109748 -0.3888923827527135 0
1.320689285563628 0.2990469198556961 0
0.7182127488773389 -0.6027954240125988 0
0.3009736823739604 0.8826496146863927 0
0.9024209896851346 -0.567711788093417 0
1.334480110751772 -0.1136411382524414 0
0.4638940535332743 0.623475872922024 0
0.4386477688059589 0.5232137127147013 0
0.7086364304618225 -0.5088105092755569 0
-0.4027404976571795 0.2728706776727817 0
0.7830574208008078 0.04904051989870251 0
0.7022235340256504 0.08852158551451542 0
0.6571229244384452 0.09292854920351319 0
1.246442295159929 -0.2206905462141181 0
-0.1950935852522904 -0.389666735527122 0
0.5970079660372186 0.0817398484927036 0
0.8937476639552969 -0.4753867296793002 0
0.8046286235925669 0.04849421817811876 0
0.7462983427946999 0.05566501347074168 0
0.7997334282173789 0.5580259925403247 0
-0.4799974679150996 0.1558864022551984 0
-0.3709288097082027 -0.09990959554461609 0
0.03219812180354086 0.5802216140219421 0
1.302914487242165 0.1822368323130737 0
0.6249099955046064 -0.6208432152431501 0
-0.2757494738905937 0.5765331308884711 0
0.2353550795876701 -0.5142605556223604 0
0.02008960115860566 -0.4823766652380146 0
0.7217453705993232 0.05406196491315677 0
1.16968008345132 0.3022488040471326 0
0.7549688309689018 0.04232391967565543 0
0.7732069825239256 0.03866638306913706 0
0.6277624529185803 0.09777681358718129 0
-0.2821242561083714 -0.3183656574118547 0
0.001052624112350947 -0.0229450523918259 0
0.4045473643550013 -0.7537284974043941 0
1.2966029195715 -0.02496541558663698 0
0.8264370518728675 0.04476318384397596 0
0.842469593588725 0.03126656817126288 0
0.2663227024312789 0.6276872053850178 0
0.5449640565807907 0.07128220536532257 0
0.9636570073028553 0.4618209359493214 0
0.2629940876781161 -0.06915702547788967 0
0.0019779115390557 0.02337296981565963 0
0.9799309675439771 0.01597929104799245 0
0.1657718934660256 0.5071553464658201 0
0.68128473410049 0.4872624147871831 0
-0.3672073895438688 0.1075867394932361 0
-0.129508325329219 -0.2976942033074079 0
0.3411510354537445 -0.5025086387989001 0
1.192761247239447 0.1880672445427397 0
0.6184999997927177 -0.521941953955827 0
0.7182307985221285 0.08865413296740665 0
0.7585018160240762 0.05435102637028816 0
0.9849189808311531 -0.4556004504646642 0
-0.2111436522896682 0.4550186936841319 0
-0.09418031933195962 0.5250611518362185 0
0.5029666986033086 -0.5745029407873343 0
1.051602287845599 0.347029493268267 0
0.730777043468393 0.06860835916709215 0
-0.3138274143577474 -0.1770294830109109 0
1.239581602215538 -0.1272727827550356 0
1.283871389703292 0.06884717365165115 0
-0.08802759793957818 -0.4452960615905901 0
0.1421367676284669 -0.406224014524395 0
-0.3937532202836256 0.0003474171871324677 0
-0.3137287838989563 0.3714216453068712 0
0.683229929561789 0.07316870280013867 0
0.6101772202278241 0.08254589307305864 0
0.6681866394274474 0.07664262105155698 0
0.8329981852347043 0.03210816502027542 0
0.2616315984599811 0.5274878946517947 0
0.8020244041534275 -0.4922442067507127 0
0.7712026378688014 0.05034368180109761 0
0.8866757605605814 0.5345153127501299 0
0.7937141472945762 0.04829660490561754 0
0.5412829779108715 0.08478161529211511 0
1.230349891972397 -0.3170147116727342 0
0.2633990076496836 0.07141477922987649 0
0.8857611637038978 -0.387041513435129 0
0.604251866783431 -0.4290950336815333 0
0.8543642816390754 0.4347048818980154 0
1.222040918537684 -0.04312620047681194 0
1.163254714958781 -0.2061364827268011 0
0.2337518029784682 -0.07048381836242393 0
-0.06048736145869468 0.4099911377875355 0
0.6986526919883227 0.108741754168506 0
0.2643616058785952 0.4384485051204469 0
-0.04393556591935946 -0.3468443774291595 0
1.182227606413043 0.1002979034480928 0
0.503339624067675 0.07386285744455427 0
-0.3052128380433007 0.002551992854132425 0
0.4308914992799584 -0.4742724981715616 0
0.5255530682297729 0.08801148590550475 0
0.06091146882197541 0.4463796625019362 0
0.5919440613886923 0.4786439052293218 0
0.6721346644067411 0.09291323415457928 0
0.9555448706014604 0.3593869336591652 0
0.8058729634773278 0.06301594607094639 0
0.7336876489349569 0.08554725302497541 0
0.7897357983753973 0.06094651406001698 0
0.6994499146183737 -0.4205105151326685 0
-0.2406881704761052 0.2841667452851468 0
0.3532789312200907 0.531556700968885 0
0.2339388590710803 -0.4178950698449347 0
0.7690794479882301 0.4690045932933475 0
-0.2128184811524122 -0.2250819658235944 0
0.04813845331748543 -0.3819355152131254 0
0.2815638246906645 -0.0690607998123846 0
0.7476518447403477 0.06957612884493956 0
0.9661909116580817 0.01495116876397586 0
-0.3112352655567122 0.2025747829449006 0
1.063008621244907 -0.4318014592703243 0
-0.2925405289840644 -0.06308796865431922 0
0.5165427474272313 -0.4516075126874599 0
0.6868647813090253 0.0898832850481345 0
0.6103982832745034 0.09926292638788378 0
1.19217735749336 -0.3940134011450714 0
1.110908142797535 0.1788587931212709 0
1.08162298430621 0.235702857898397 0
0.7748360471732044 0.06454924355362583 0
0.5034630271685722 -0.3755533497674065 0
0.5545757777176122 0.4102234645075652 0
0.04329372988380839 0.3372037982683302 0
0.9830092341917563 -0.01523235566166695 0
0.1579074342919598 -0.3239507029260463 0
0.8776372232471458 0.3548871573772213 0
0.5437478579471173 0.1027150543914334 0
-0.07645382012704618 -0.227810262663782 0
0.6311446605526352 0.1164433040557339 0
0.4641570279178601 0.06618195745828601 0
-0.1898816840543961 -0.04762070704495286 0
1.102857614325969 0.1119729024798809 0
0.2329129510829639 0.06815343802140753 0
0.5909157183880034 0.09745545947155701 0
0.6756985646135234 0.1131903153906054 0
-0.2334898961832452 0.1468634795282323 0
0.6780570045897759 0.4024356115385072 0
0.1832816676348849 0.4205305862531813 0
0.7491769249943822 0.08437042536972872 0
0.628445660363772 -0.349069375710962 0
1.133360376763798 -0.3525414811690398 0
0.9698303873874868 -0.3675064875141085 0
0.3221157291244747 -0.4111584260670508 0
0.07515535585970744 -0.2891577779913569 0
0.3457897597240047 0.4445895207900254 0
1.160650456915713 -0.1299905859512792 0
0.7921268142292204 -0.3952000877377709 0
-0.1569899206325312 0.3544094504643955 0
0.5139800902415179 0.07362540390112715 0
0.4845473663142854 0.06360732014033181 0
0.3010613734978991 -0.07137795220528789 0
0.9428791992827468 0.01974865023048257 0
0.4939184682055886 0.0627736812119612 0
-0.2368754068450018 -0.1189576799446269 0
0.7230326095556676 0.1087910279573636 0
0.5244704193617874 0.07403912805151561 0
1.044581801601422 0.1805040688187841 0
0.5667575063347584 0.5837827620644805 0
0.7620610847200416 0.06823396981712854 0
-0.2775368316776148 0.07238042556979901 0
0.8154188694347307 0.04638569597088504 0
0.7479814192502641 0.3872619157330429 0
1.015096533542301 0.265459806365854 0
0.8173978309069931 -0.3182849697792721 0
0.2342022488824095 -0.3395155033315378 0
0.9790780783922394 0.1950003585847059 0
0.8236606520535619 0.0596386971977307 0
0.5268344084052748 0.1048910627132848 0
0.6741351937410256 0.3332890820736724 0
-0.2010987792305649 0.03326790349400851 0
1.143899937524093 -0.05411227111064845 0
1.029011000933741 0.1207250264649857 0
1.094024705016252 -0.1960425970300688 0
-0.1575924381937996 -0.1130136337091945 0
0.692553978939827 -0.3442050699010893 0
0.5583514483049641 0.09966279200651181 0
0.4223234711766233 0.4389567583542616 0
0.6525787616952894 0.112346341434084 0
0.4136170989356727 -0.3778064354929807 0
-0.0354061593951228 0.3155732577277118 0
-0.1780801486474942 0.214937627068915 0
0.2740882572844161 0.3639932517541926 0
0.8799064262008884 -0.3104346352145163 0
-0.009175607062623124 -0.2669354720778707 0
1.057477718027015 -0.342137075006663 0
0.4542523418307605 0.0654617256048117 0
0.4350852851854902 0.06773796462154108 0
0.5909027672295685 0.1195531058308753 0
0.4750987906094922 0.06549486426313447 0
0.7040205958256748 0.1360810574466991 0
-0.1290830145061513 -0.1733704433136068 0
0.5088165420357835 0.08723795819000368 0
0.4909848757522374 0.07429578447183176 0
0.642298361269569 0.09462912076720963 0
0.9387940120023476 0.2808991842200371 0
0.7439233950466367 0.102380308227768 0
0.5734639358958962 0.09836213500077051 0
0.6159699151983673 0.4036708511102355 0
0.1244006778579553 0.3996871925735557 0
0.1519579956182128 -0.06471177379793254 0
0.5005238711847539 -0.3076590553489152 0
0.8131415847637598 -0.2629937491389611 0
0.04703113844452628 0.2630019221817905 0
0.6208312914726679 -0.2904521717585201 0
0.9212485826030475 0.2208154443961467 0
0.9777338731333188 0.1386788719815478 0
0.8066636056586419 0.08227763504673295 0
0.01564398587290521 -0.203989973038109 0
1.077121807183453 0.06947589253971914 0
0.7659007827576557 0.1036144673368111 0
0.1978812734809194 0.3364053120738328 0
0.5466112380702908 0.1202563780299603 0
0.4649594285466128 0.07853766482272485 0
0.5089370603991634 0.1065688577169714 0
0.9557443419872248 -0.2815022585642241 0
-0.07541611456184132 -0.1348494447695109 0
1.136191498411196 0.01686100670031037 0
0.3059885123816821 -0.3386247957668519 0
0.853031597607038 0.04350452313954211 0
1.095265622578676 -0.1290113453278446 0
0.8401811829376763 0.05826642542797016 0
-0.1218181801321444 -0.02695452019871868 0
0.3440351258973071 0.3705304414029734 0
0.6135966751554296 0.3426342269419099 0
0.4775796290189712 0.07741704845685179 0
-0.16805527717928 0.1046516621596438 0
0.1177851030284704 0.3396941133784985 0
1.026739499352374 -0.2654831130422856 0
0.8389159523440436 0.04304978107025417 0
0.4241748780217572 0.06872922702007642 0
0.4445671836802781 0.06595101024138511 0
-0.1112806518764471 0.2725898754722316 0
0.7293113745466053 0.1325512557074465 0
0.7556480989843117 -0.3287443081033041 0
0.5713187797967819 0.08196599966962324 0
1.089769626782313 -0.2642614628947721 0
-0.2489299448791233 -0.01961411199323542 0
0.8663522384707893 0.2863014701077274 0
0.236799538668123 -0.2762320616987913 0
0.6748729349061371 -0.0769049673335212 0
0.1131907904963469 0.2641774665078825 0
0.8549232274691627 0.05694953091608657 0
0.7102309448160646 0.1601627550827761 0
0.6087982124015178 0.2885012620926701 0
0.2950946032042692 -0.2800991428229566 0
1.088130987187276 0.003969112939696898 0
0.9889058645609663 0.08882275594936993 0
0.8551098004726677 0.2145183864321649 0
0.6875540769988139 -0.2732747322332825 0
0.4372068801884155 0.07980885530363517 0
0.131566078890421 -0.06168439190767634 0
0.4663495751618274 0.09301166706804212 0
0.4119873591765312 0.3659027099517732 0
0.5531473696679635 0.3487504535394741 0
1.090812036706153 -0.07598699862718233 0
0.8733371419620779 0.02928211818831321 0
0.06438012616950368 -0.2172364838551162 0
1.040225659853017 0.0725895377587345 0
0.7546608442265589 -0.2714909443871755 0
0.2871462468438001 0.3049417501352557 0
0.4506953955971796 0.07752591885331729 0
0.9681660284985355 -0.2179797928468225 0
0.8705358534457895 -0.24917276529392 0
1.020980812410655 -0.1880404642004154 0
-0.01352740980024983 0.2431624651573385 0
-0.1242932533655634 0.1611955050367601 0
0.5609957298934335 -0.3007019253041146 0
0.7846156072233775 0.08093638510843482 0
0.5673408990970266 0.1179773517573661 0
-0.104556738703524 -0.08633702552656088 0
0.4933416666046072 0.08857917870200399 0
0.1724940025432551 -0.06560717184699642 0
0.5286835375210388 0.1227273178527833 0
0.8627427598742461 0.03044200981983239 0
0.413172898607665 0.08182301837430885 0
1.201503018431559 0.02484807414564907 0
0.8279049446699046 0.08135152901850171 0
-0.03437317142110346 -0.1746133518249621 0
1.132692756664027 0.06512267676904622 0
0.8096955199955724 0.3637991185006086 0
0.7647266262869893 0.08473464295185476 0
1.15226872782044 -0.2850262044468274 0
0.7568101998087696 0.1278108021654579 0
-0.1146650314154929 0.07399927576067318 0
-0.1368806179176917 0.02681503416377667 0
0.3631843953047719 -0.3219830463294555 0
0.9302890206585047 0.1493140822415916 0
0.1432626790190722 0.06224042419131508 0
0.5006579730480591 -0.2457030996904222 0
0.8084863695563118 -0.2112367803715373 0
0.2904550166493752 -0.2292886875279594 0
0.5683391161351662 0.1441499911591901 0
0.6601797646538126 -0.22503578172396 0
0.05464046241840012 0.2068249789860108 0
0.9649790496080137 -0.1731909622354122 0
0.07522909660474617 -0.1726368854337067 0
-0.07906670629123666 0.1188583801125612 0
0.343189783834896 -0.2741712812714202 0
0.0001303044093167237 -0.1298986642397335 0
-0.07216191043255929 -0.02676468808297149 0
0.6701900298985938 0.260591855903182 0
0.5107837706130427 0.1270063643101134 0
0.7859668620844547 0.1317972393693736 0
0.7920806752079829 0.2240370134359962 0
0.216058894916304 0.2592944464657207 0
1.036643445146564 -0.1192425494797328 0
0.8064535715254919 0.1036925802568242 0
0.555876930169361 -0.2459882169352122 0
0.4028889473924219 0.3045283630065992 0
0.3449170421887357 0.3087269101908813 0
1.077315766831422 0.03696976546192032 0
0.7915213622109347 0.2926799748979802 0
0.4512429716789297 0.09362885557833341 0
-0.03869318691512751 -0.1063531814053857 0
0.4881800924627474 0.1062329802837979 0
0.6979213829019892 -0.05990868700510626 0
0.402013512762343 0.0694129761236409 0
0.6540848406506301 0.1385428837965748 0
0.883927741539757 0.02793009844097089 0
0.1213146611595188 -0.0614569126017357 0
0.870936523922255 0.05512276654599337 0
0.8750454860849238 0.04054147951944087 0
0.494224749868504 0.4262111697073873 0
0.7360293347874184 0.1571677127553574 0
0.4795981914847267 0.09031970633542105 0
0.6860136773770633 -0.06164289524763015 0
0.6786746027851842 0.1384570415740126 0
0.425205430309672 0.0809384083042153 0
0.1418087739095403 -0.06276861955012372 0
-0.07162661121825337 0.2083603906527085 0
0.894413524304278 0.1743356149719422 0
0.1743061194771793 0.2691913599546743 0
0.6575770196664171 -0.07674680719993696 0
-0.07050696229539423 0.00611916744467847 0
0.444202177918234 -0.3064369317125323 0
0.9204613347389469 -0.2301573182988008 0
0.5665660701318577 -0.3597983145014494 0
0.864030913488338 0.04154510504354214 0
1.103713218463156 0.04918261889976486 0
1.08987027614403 -0.03219704883159477 0
0.8508257263059481 0.07607567594858139 0
0.9300529976502605 0.1111190221658628 0
1.00711338784019 0.0673206183243517 0
0.7315667201520757 0.325504185111423 0
0.5566604063257704 0.2900150579841484 0
0.4624049339888264 -0.06456518493045148 0
0.6763586143578527 -0.09438293306631969 0
0.515527519670134 -0.2027874219622398 0
0.2412073089725149 -0.2249570467649552 0
0.3971513789921943 0.2523455404921201 0
0.150183987867073 -0.07808219012403929 0
0.1705744830844995 0.2203479435389329 0
0.6522671907984069 0.1645504973005331 0
1.054175986676406 0.002955606394900631 0
0.9131287739047838 -0.177210383994875 0
0.5585058909711744 0.2361899924400723 0
0.8735755787813866 0.07532031210708708 0
1.009746926231848 0.04251692166290249 0
0.4005887447548609 0.08216103654355596 0
0.5928415028324394 0.1425711543452069 0
0.9689756549832312 0.06804367410919586 0
0.8885983229278878 0.05512269800882159 0
0.7572221764754952 -0.2185875441807629 0
1.044660141570833 -0.0647163253776841 0
0.02027613255992151 -0.08536374818689374 0
0.4897211690714789 0.1293367398125919 0
0.1234689313528992 0.06111137017680276 0
0.7107467244216552 0.1862552610290651 0
0.5033663775367513 0.2819233877049707 0
0.9031629987551992 0.02428407714095087 0
0.1017692079722998 -0.0574745725288681 0
0.4453950643449839 -0.2495523229528331 0
0.1345871079710306 -0.07484872554033739 0
0.540800951416338 0.1431912909015951 0
0.2962876072185071 0.2558673350499212 0
0.6401831295490388 -0.08081931292900577 0
0.8592506586729769 -0.1983362715896362 0
1.041720947094981 0.03525109995676409 0
0.8273232389374291 0.16137373928867 0
0.3827586786447539 0.06843426206457774 0
0.6105697806175249 -0.23178868127471 0
0.6114547630321157 0.2345359932439599 0
0.4679539543854029 0.1103812457888603 0
-0.05450848734516804 -0.06594873829568704 0
0.7409352817548253 0.2241414045315135 0
0.7855742260059305 0.1052462618298241 0
0.700297612412335 -0.07273766728385422 0
-0.07116784513983826 0.04616057391360856 0
0.1109974228453466 -0.1787199460325374 0
0.6331381641361703 0.136643729617324 0
0.8864609708669606 0.04030952319239597 0
0.483364397648931 0.3482099251855211 0
0.03734736441512167 -0.1571179388882101 0
0.8322213200924404 0.1092069668996482 0
0.3923288612668577 0.0683464542962508 0
0.4382392189569572 0.09257574028524637 0
0.4140678909836013 0.09534372138861069 0
0.893306480910199 0.02557666234188518 0
0.1115733731038867 -0.05905913814790381 0
0.6875723779828444 -0.07434298859943565 0
0.7564935942628337 0.1512795370202142 0
0.6813514529683703 0.1710161764635361 0
0.3382823167107352 -0.2292722151829683 0
0.7307680496500067 0.2700784634324605 0
-0.09914434950320278 0.01521506366437887 0
0.5107387918563526 0.5000761507389812 0
1.007335221749978 -0.1386617007700442 0
-0.03638728230647793 0.1574982122226798 0
1.055209979079 -0.02772909574121617 0
0.8976361983360144 0.1178392439751955 0
0.6248619157033685 -0.09953870065632626 0
0.6956164392300914 -0.0902611489306879 0
0.0902448373685049 -0.06885866156303636 0
0.8505684254846918 -0.1543544281013874 0
0.3345442190070314 -0.1826055443003589 0
0.9261025675857451 -0.1258632233893937 0
0.06256179537319458 -0.05080263883445148 0
0.4685327806671367 0.1307936558052207 0
0.7571387372478933 -0.1744026228055381 0
0.622174750851145 -0.1863535981886329 0
-0.003155984780429846 0.113142784185475 0
0.516833523064644 0.2406757854698085 0
0.1162651110397241 -0.1445012321967916 0
0.9970546001407614 -0.09169244304164684 0
-0.0412008222998094 -0.02012369545290905 0
0.5696771824107733 0.1704945363067727 0
1.030649853921532 0.002681940534406457 0
0.8924807901556908 0.07243769084716264 0
0.4002492886922762 0.09652054987047966 0
1.021911238066331 -0.03852148237473102 0
0.5506495436347898 -0.2013801214701288 0
0.2124177143061088 0.2190694722793565 0
0.1326474805584876 0.2150572751426539 0
0.4442623420217272 0.2482805549343346 0
-0.01127282099521208 -0.0634917296596805 0
0.3825782865710973 -0.2252501438089723 0
0.6688602023743735 0.2061351483154022 0
0.2878573453468227 -0.1812541842152103 0
0.3462028362691348 0.2556674149606838 0
0.6586368862343005 -0.0965023033505483 0
0.6241494253507397 0.160431754921969 0
0.3736321854275812 0.08100173009694837 0
0.3865267040557135 0.08038677261765964 0
0.812196423455533 0.1292713231707598 0
0.431966779238715 0.1081008936185252 0
0.9030702968880612 0.05262155045954858 0
0.9167027736738801 0.03670039078995571 0
0.7082325657477762 -0.214298635626184 0
-0.04265591168852219 0.08553223650726419 0
0.713415767955319 -0.07286286408167603 0
0.7807724890111141 0.1705743150659816 0
0.9008495807082868 0.03715858216954833 0
0.4821788302009422 -0.0651593331914299 0
0.4535858891624837 -0.06510412328655917 0
0.08623834185316506 -0.1360859379902072 0
1.010498592518935 0.01418360166320335 0
0.5148780935439079 0.1498829704684582 0
0.433443310713535 -0.06761060580139382 0
0.9603983403748716 0.1043497045775669 0
0.1187953942541348 -0.07447070725949179 0
0.4259590320931317 0.09316522722043968 0
0.4502211263320118 0.1107577179359019 0
0.1945398361832187 -0.2116504304770971 0
0.5714966991768983 0.1981219573039432 0
0.6130825993048123 0.1382725854035096 0
0.1217215628317505 -0.228546888043258 0
0.7416599193253579 0.185550358681858 0
0.4511397890425431 0.2932729428946263 0
0.8637441330615263 0.1368722969011126 0
0.8987665964035176 0.09096085824820645 0
0.8588185449597813 0.1009865197130183 0
-0.04323551087042717 0.005903197405420861 0
0.1623193271340297 -0.0647276539134824 0
0.972752875481006 -0.1255678418739614 0
0.009301702994520867 0.1878079269758682 0
0.7032201350022642 0.2161714619834545 0
0.03465375665521902 -0.1086311918708815 0
-0.005901658422497806 -0.0918873830191315 0
0.9846605826697328 0.05100469481210239 0
0.4517153966899267 -0.2075759938472986 0
0.4664682519091145 -0.07669247973974569 0
0.2988918442344654 0.2068274865934909 0
0.5118347958666057 -0.1717122203830944 0
0.2446756617444812 -0.1828313878207751 0
0.1702071271751849 0.1795540565746594 0
0.7157248907890124 -0.09074314421700756 0
0.3220204467917036 -0.1503385668765462 0
0.7223342655876744 -0.1764283744166324 0
0.9338561256597299 -0.09309490201115507 0
0.6772320447223859 -0.1142479125399438 0
0.1322766905466118 -0.09207215369552323 0
0.9212510769160983 0.0548939809917948 0
-0.009303439980537679 -0.003553222923115481 0
0.4428782095248767 0.2010442357004394 0
0.3751911154987423 -0.1858325597349962 0
0.04942752705213617 -0.08841339605478836 0
0.00814246820212482 0.07652496302021752 0
-0.03212238651392334 0.03475909221281966 0
0.03930351037991851 -0.04362962613342124 0
0.6574351157854472 -0.1857849191555693 0
0.3523485405294423 0.07110313677353679 0
0.9617567961654747 0.04830648636221067 0
0.7455910310959852 -0.05277822313400989 0
-0.005969284978113852 0.01220869039026151 0
0.9193887507606848 0.08656229752023452 0
0.9326188069459975 0.0199954444761225 0
0.07176785946870068 -0.05257627346726817 0
0.9928570517985191 0.01324214478740421 0
0.7281176550543227 -0.07070430772497191 0
0.01493819543040438 -0.06561082379437176 0
0.3466483660332962 0.2094944885274791 0
0.8025346571513355 -0.1610282001619705 0
0.4158309944764003 0.1091827903815513 0
0.1456645172322223 -0.1471370281667729 0
0.9815595129047557 0.03059692149101202 0
0.1041906193969664 -0.07047319866168485 0
0.1211271762698766 -0.1121805371823844 0
-0.02980453867054958 -0.04060710971575007 0
0.6079444112358665 -0.08119472982834157 0
0.6415098351856329 -0.09806846260701735 0
0.5969524930962818 0.1681732120300868 0
0.957593863898239 -0.08812919822835888 0
0.5445737338085919 0.169580595265694 0
-0.0046830084907438 -0.01344313353124543 0
0.8870783864123252 -0.1405219440695232 0
0.4933738273288514 -0.06485856266511741 0
0.3628391567979095 0.07051830261010705 0
0.4692888701177068 0.1518139948852724 0
0.4308013566978595 0.1269694414021957 0
0.4911602316665471 0.1527774926947996 0
0.1539302028715265 -0.186364227704948 0
0.6356848279046217 0.1943134423246072 0
-0.01910554092270192 -0.01318203405630113 0
0.9228491822787337 0.02141204460108677 0
0.04977872278835169 -0.05039504764616998 0
0.4435371618817741 -0.06603482867748811 0
0.3949853666295174 -0.2755244935610529 0
0.0818721043687803 -0.05457069294105372 0
0.0657386077995875 0.1671513244579948 0
0.385423047747405 0.09716929359766766 0
0.448218403718868 0.1302726043264293 0
0.5859598191576102 -0.1919382068179343 0
0.1769574891175558 -0.2599926205897694 0
0.07815622916953696 -0.0984684588879241 0
0.6113558627291164 0.1184211379866497 0
0.8784619122420591 0.09601064604795845 0
0.2530051819906235 0.2153026507204741 0
0.9436270452193091 0.07428899042213269 0
1.00408314008398 -0.05775947403289325 0
0.1661178531930907 -0.07800507344415515 0
0.4176303766021746 -0.2146266789853977 0
0.9093134758301128 0.06842904422498497 0
0.03426515673577829 0.1434687392278755 0
0.50684612512879 -0.07582851046996973 0
0.2502507937588914 0.1781570404610774 0
0.3147802261798252 0.1641924239478534 0
0.6079079594269539 -0.100829068357038 0
0.8130415803741342 -0.1229522748050604 0
0.7319951607396717 -0.08673543645919288 0
0.07376749413228749 0.1279447348236001 0
0.06088027363013495 0.0510074490130607 0
0.6262332827280787 -0.116723653260292 0
0.5434915860788765 -0.165700662482941 0
0.4118252332741764 0.1264280084352545 0
0.9287521043824215 -0.07014377030122632 0
0.7511837628722936 -0.1385456197857469 0
0.3314269553837715 0.07259959089461729 0
0.3682085434987269 0.09590443037856418 0
0.179860024439346 -0.1534492524177778 0
0.1340202910528293 0.1771712095333587 0
0.7623321705458228 -0.04002729401319673 0
0.05625964564832218 -0.06438344430881042 0
0.4439632734340492 0.1549463354457551 0
0.6587643904233046 -0.1450496066553116 0
0.5790091611098459 -0.1539483380573796 0
0.1501034986155754 -0.1177457662685515 0
0.1646224161476573 -0.0958473709278525 0
0.2733276005625311 -0.1481462109179721 0
0.001957197333788014 -0.04285769840292804 0
0.2106501893132563 0.1756749398153514 0
0.3935274672120229 0.2024730842806257 0
-0.01590475916450788 0.06318282623866336 0
0.9453087985887318 0.03132354271708578 0
0.1814579467100135 -0.0810232859326029 0
-0.01151589196887914 -0.03074974484157847 0
-0.006633298002674741 0.03465551811651603 0
0.8454317211478176 -0.1139091310533322 0
0.3520155681279003 0.08375981033267166 0
0.735245430380926 -0.05428899970505623 0
0.4093538735223088 -0.1807100828486623 0
0.1482772580924931 -0.09493019073501897 0
0.9995328455914139 0.02631683729230836 0
0.1006973674981281 -0.08799665462699502 0
0.9303741600573896 0.03174709834021004 0
0.9931271267384835 -0.02918844904056258 0
0.5376607926854847 0.1979668673867148 0
0.7528316649271805 -0.04069750409276022 0
0.961653538904278 0.03001667118041723 0
0.4018696558591301 0.1111763531638345 0
0.4493551138189209 -0.0779704906255453 0
0.5911978126277451 -0.08420236296008894 0
0.6964379556232907 -0.1130819359122549 0
0.5200581377437764 0.1734534411161894 0
0.3426894275449137 0.0708431488856696 0
0.7248880888424911 -0.05674942719824108 0
0.4800350933817472 0.2126732822920135 0
0.463359106557063 0.1743754463618567 0
0.9422798611342816 0.04742574166207623 0
0.48085487875028 -0.1736795651027999 0
0.4813325409460009 -0.07794157565396076 0
0.1161851695402697 -0.08970972502159838 0
0.09452956327644942 0.2112958946200254 0
1.002317784570347 0.008646048338086918 0
0.5987657555290324 0.1963214077902728 0
0.658717674379521 -0.1162760856112508 0
0.2093590155437656 -0.1764932889470257 0
0.3627049286076049 0.08187372973304757 0
0.01901568974951015 -0.04790515698344575 0
0.6901517513549885 -0.1798700220318698 0
0.347246793410693 -0.1513701785625906 0
0.2550245731858518 0.2529169255482239 0
0.03731771299619598 0.103974212681693 0
-0.02309435592029038 0.004393788092628354 0
0.8817395399012383 -0.1088769396992509 0
0.09559552210237962 -0.1086759444355836 0
0.04206749345715151 -0.07535004522626107 0
0.03376290024063408 -0.05808981771766307 0
0.4339353186278417 -0.08079109536642766 0
0.4814839439005658 -0.09251650428595451 0
0.5761645894953572 -0.08549105287248517 0
0.2456184254489324 -0.1484950975537975 0
0.3517771394982377 0.09799545776061255 0
0.2244985175851218 0.1416832847716473 0
0.1691686356368177 0.1456771007520738 0
0.902445659001335 -0.0230032320757758 0
0.9407677239959514 -0.01995707139909481 0
0.8082221430473696 -0.1007286592735474 0
0.854483365737153 -0.08046014311393598 0
0.5328940811997045 -0.1328838489199654 0
0.3463748708973829 -0.1262252674619922 0
0.2888464226606167 -0.1061475625457314 0
0.1807642196635112 -0.09751259564201951 0
0.3934649502401377 0.1358629830992704 0
0.06313929495569617 0.09987521908322923 0
0.9498343849455766 -0.063947761529817 0
0.4823594448095084 -0.1463709130772693 0
0.04227670297878412 0.0414937763272968 0
0.07062631551453356 0.05539063155790368 0
0.5323770354007664 -0.05983564183304056 0
1.006741982550079 0.002275009263569409 0
0.6888511251389209 -0.154103247214751 0
0.6090088393179615 -0.1217850020379925 0
1.009753529803217 -0.02498985905038792 0
0.4075205800147405 0.1635499311323904 0
0.1766152643618636 -0.1194418113514687 0
0.9995328908492673 -0.00812357697197494 0
0.6188254058155656 -0.1494516024625634 0
0.03703053662571512 0.07578933043211128 0
0.0107424229445232 -0.03088841345558054 0
0.07372371620379228 -0.06873131143949396 0
0.3221025990205443 0.08055828339954456 0
0.9726656546721347 -0.05580507659795225 0
0.01533998881750543 0.05624853558577825 0
0.7169636791896992 -0.1432288914686167 0
0.3728588437210077 -0.1533494955743973 0
0.3684566155756788 0.1170686784842387 0
0.1037320558698255 0.1381286822665189 0
0.2138325406827563 -0.1424214222491402 0
0.7421643899960217 -0.06526696716389756 0
0.4452961674934901 -0.171077988600896 0
0.02106443951106591 -0.03523930863788759 0
0.5237157053781175 -0.06045250742971202 0
0.7832671721626 -0.03931655763427323 0
0.9510664950573386 -0.01849193365591251 0
0.9053862896396355 -0.07569465945777433 0
0.51407764166184 -0.06158906204743181 0
0.7815177627176709 -0.1264264331818299 0
0.7721568046716065 -0.04039032729882681 0
-0.01739343378179222 0.01870344857198516 0
0.59230338884191 -0.1002550824920096 0
0.7183191270771041 -0.1130653830546524 0
0.4661983048631462 -0.094095611112974 0
0.3873168171578727 0.1151278561230374 0
0.4943248943823569 -0.07747066398642212 0
0.04806243575296713 0.04883674800848167 0
0.6780412375321265 -0.1296578943035086 0
0.5104460324159683 0.2110163748875775 0
0.4814157409130386 0.2429952102693312 0
0.9929542181398353 -0.01367287064861752 0
0.3748742445244441 0.1676898146155804 0
1.010533649724854 0.03164248075205749 0
0.01073451773085671 0.03056653169590011 0
0.4723139387167551 -0.06441269881193092 0
0.7578091113751556 -0.05151774793592016 0
0.4817539269114702 -0.2047516785051652 0
0.09917881189738238 0.172936100222253 0
0.1824495332351794 -0.0677417825882701 0
0.4233714162993106 -0.06715788051115533 0
0.4924509558054397 0.1821614502346874 0
0.2410833178730685 0.2910312377101463 0
0.9534492771567217 0.01751890362027232 0
0.1639165354979307 -0.1073216503597434 0
0.004918836673534994 0.03699071582713272 0
0.6422658219915907 -0.1149487016858819 0
0.9083104861580721 -0.09977703291838697 0
0.08595135282272469 -0.08297293338588592 0
-0.01269773943038612 0.003580643197413574 0
0.3388082596121506 0.08504472372558196 0
0.4293918180803413 0.1716540210545146 0
0.4234892602427958 0.1439240592440089 0
0.05821146167496001 -0.1193301740542797 0
0.4188837101428584 -0.07986672932744865 0
0.3529741315849559 -0.07146181059862355 0
0.4581438944896188 -0.1370715403309729 0
0.7573048437659327 -0.06581455906833289 0
0.2457161938352522 -0.118583034216355 0
0.3715239936961491 -0.1272363467300232 0
0.3492293025416334 0.1155910695766522 0
0.7893517434073026 -0.1016167942606701 0
0.8930577140761922 -0.02557784772400189 0
0.3021257714599129 0.07051075834787811 0
0.9400693719477463 -0.03145323230276672 0
0.483081046576265 -0.1081801444740091 0
0.5761417169988321 -0.1012170339559928 0
0.9727177917838628 -0.01774804577891754 0
0.9034607054367036 -0.05130236367153925 0
0.3233352171199905 -0.1265715703944569 0
0.5602474346401363 -0.1264200172760343 0
0.3474484149832752 0.1738733979701523 0
0.4501466072071969 -0.09591960718743051 0
0.8799909154646494 -0.08056458291925242 0
0.7447101132481801 -0.1069540053584034 0
0.05251266477375933 0.0609562162220439 0
0.5067122326857426 -0.1463239109164072 0
0.3707914353694799 0.1408139445910681 0
0.7849565985460238 -0.05172605966326489 0
0.1368225494203129 0.1392409638683892 0
0.3256244825680152 0.09189488658421049 0
0.1941796298451094 -0.08056346815710601 0
0.03279977567915393 0.05540203634087022 0
0.510083303118266 -0.08962663358109729 0
0.5366637368064984 -0.07085989549818682 0
0.5630748091701252 -0.08492196073573464 0
0.5207918960295171 -0.07217244028685303 0
0.9763107913963088 -0.03273733105843733 0
0.200518259195798 -0.118502505355073 0
0.5421654028548238 -0.05949623889706274 0
0.3122049904938782 0.07063571473670624 0
0.7928789700397832 -0.03702443867776615 0
0.9120713492589537 -0.0214480543766288 0
0.9305889759230306 -0.01979833771326817 0
0.4959011558822114 -0.09132039136100785 0
1.027420492407471 -0.01872646947335282 0
0.08243110427860149 0.05754642185051211 0
0.02029589687444269 0.03966969949250015 0
1.006256901321639 -0.003711558898107183 0
0.341287364747708 0.09703455128103786 0
0.4011290682961904 -0.1492311129952799 0
0.5859358502135108 -0.1201087049782785 0
0.9617740005483454 -0.01790333874481286 0
0.7507117827257715 -0.08180049817666281 0
0.9255410312916441 -0.0498506162137846 0
0.06260790858651109 0.07396785509421819 0
0.6923990044825811 -0.1320905626019815 0
0.6358398889718465 -0.1292753430972377 0
0.2745954693704995 -0.1222007278752566 0
0.05428633101627551 -0.07582809539674661 0
0.06102957703747444 -0.0861684964603926 0
0.1069530754583612 0.1080862752645292 0
0.9757650120286796 -0.07950473370464231 0
-0.001972825234077243 0.05354662216093798 0
0.1295797976733579 0.1112304874905481 0
0.3320570438539767 0.1074739495497423 0
0.8789676590569704 -0.05549504840636176 0
0.3691541746739927 -0.1056670570612753 0
0.3402499724819422 -0.1042651431201933 0
0.2692069984824101 -0.0985949594094068 0
0.3323035116624083 -0.0718351870810424 0
0.5129526666421794 -0.1047056985613991 0
0.7878860893317339 -0.08328800591762005 0
0.556808068689185 -0.1019379622208194 0
0.7718421057498916 -0.05278256269153776 0
0.3420153017507797 0.1407090974072464 0
0.4340760612495931 -0.09691035787048952 0
0.4512713312687593 -0.1143719652917805 0
0.7696081633104359 -0.08461963633963106 0
0.2004291277871879 -0.09677213909535168 0
0.5506523866610005 -0.07220552595479129 0
0.9569361144499192 -0.03350500645216557 0
0.4040465213331257 -0.08235660951601501 0
0.2078016509025174 -0.06774846660683663 0
0.2929522041891835 0.06931099580485961 0
0.8948413361892283 -0.03647345740192053 0
0.3633047497226785 -0.07171522733397673 0
0.2221125391636303 -0.1182579928235342 0
0.312057522860055 0.09563083703777502 0
0.3011130382365546 0.08124159513657557 0
0.3427549270366826 -0.07185449950491268 0
0.4276682067319383 -0.1380361304449774 0
1.014275764439184 -0.007554406027360684 0
0.5232861195944741 -0.08667617972506236 0
0.3938101158712 -0.1231593514146794 0
0.8435731463483263 -0.06355450168413608 0
0.4677183787197906 -0.1109648939275545 0
0.8823139431146645 -0.02719942199758079 0
0.5630384800627299 -0.07216631338144387 0
0.3116136818641461 0.08207747381515089 0
0.9251350489357433 -0.03180041523990292 0
0.9429308662980898 -0.04655311769262052 0
0.7690843514300992 -0.1040583774386962 0
0.08154911111611485 0.07404168261495014 0
0.9088958111780963 -0.03256108970679623 0
0.4973179080293384 -0.1053993847365502 0
0.1700053185476488 0.1188259106651487 0
0.00738719313604128 0.04248622800070154 0
0.7990146501164267 -0.04825065755417346 0
0.3012472897268272 -0.1259510038934282 0
1.005130092211632 -0.01265100047936911 0
0.1720596034319025 0.06701602668252706 0
0.2952768337899294 0.09540255403609862 0
0.3244425947265984 -0.1029746305869507 0
0.8129553774195057 -0.04792683801700887 0
0.2206000292245364 -0.09951684483851066 0
0.09779693677799912 0.07076398000496845 0
0.2846280351232002 -0.09549645129255176 0
0.2742679071890438 0.0710224751031716 0
0.1162751174400891 0.08593341343970598 0
0.3759167263654582 -0.08465014689089022 0
0.8068838274743947 -0.07924970089810042 0
0.3207222969371881 -0.08229704385547591 0
0.2215862007014531 -0.07007742781144539 0
0.532274212446768 -0.1033615370611694 0
0.3527657200095985 -0.08121783481441608 0
0.4346617551019182 -0.1144002899002938 0
0.4050054719645965 -0.09741770764986461 0
0.193260280832158 0.1192460271571995 0
0.8694861242356404 -0.03919133280300268 0
0.5497557138090134 -0.08506657915274134 0
0.4035404738423964 -0.06916470826133618 0
0.8837194938690411 -0.03831654425600683 0
0.419723966222117 -0.09591836301622723 0
0.2074007520126978 -0.08124947300868901 0
0.3137476859303611 0.1104240046545661 0
0.7864176446854382 -0.06630996667417083 0
0.771000480715097 -0.06730700549978311 0
0.537417514908322 -0.08534371359558278 0
0.2886582189203748 0.07990137232105997 0
0.3882801221848087 -0.1009466843292952 0
0.2836846852881013 0.06945796724423933 0
0.3302263211610372 -0.08535549426463777 0
0.3000582461776164 -0.1493546497829867 0
0.4841836742451543 -0.1251582208913746 0
1.015533252334561 0.002623957737239723 0
0.08361758079917007 0.09339960890969499 0
0.8595188752408641 -0.05960460864372696 0
0.3620713514286072 -0.08762379152735783 0
0.3221333122917855 0.1259987476001804 0
0.2974000178555327 0.1150218631816505 0
0.1908173421044163 0.09563754948985145 0
0.1338144185757583 0.09183994787567885 0
0.1520847630003436 0.06331670994147179 0
0.8557617906939542 -0.04456230462950837 0
0.3936312241105657 -0.0686400997865048 0
0.2365311903266344 -0.09847437619201259 0
0.8301486304496438 -0.06783945113523593 0
0.1954584372545543 0.1437081495184394 0
0.852942518721746 -0.03157559110821498 0
0.3029888876183441 0.1361352639228826 0
0.2680491917447975 -0.08083326972523193 0
0.2638750703414368 0.08392144650412929 0
0.2781028658431937 0.09808825182900595 0
0.2351553709888374 -0.08373026652910036 0
0.8228591509682139 -0.03496383898970293 0
0.1125893870540759 0.0599209688767176 0
0.2763470113163916 0.08330363059502681 0
0.3894043742510537 -0.08166623465057067 0
0.2206299437659277 -0.08347896711343027 0
0.3055880305605588 -0.1038656835817393 0
0.1030398495728062 0.05781484645695109 0
0.183157740593216 0.0679678285543588 0
0.8121455553603431 -0.03595290423332271 0
0.8627690277940484 -0.02892142465604707 0
0.3434141344426862 -0.08673641802346657 0
0.09900401216351309 0.08813827102261242 0
0.3838904869646773 -0.06923495801320695 0
0.1621245164431821 0.06480691122983991 0
0.8159734383292059 -0.06233856047759235 0
0.3118003562819585 -0.07149349857118176 0
0.5051341009135568 -0.1220394649310624 0
0.0881851625703672 0.1093436256648592 0
0.8002895859168659 -0.06319500445520386 0
0.377576010820278 -0.09467878773235468 0
1.025747124476399 0.02110526128524201 0
0.4142436012169037 -0.1142969533962106 0
0.3153855411219303 -0.09141535110592737 0
0.4705548549390977 -0.1240231167990807 0
0.3520835941599545 -0.09879941763751458 0
0.2782515124692311 0.1162563231560258 0
0.1707717175350616 0.097366303736572 0
0.8240011685248044 -0.04570268964486525 0
0.2420861733995047 0.06992121126425223 0
0.2541786815574119 -0.06908148129757417 0
0.1951490901081022 0.07997393143723205 0
0.1709200519525467 0.08038001403371497 0
0.2986750997586093 -0.0861195483984659 0
0.8385838106145297 -0.04654035821465131 0
0.2645392259271972 0.09684635081858747 0
0.1233155379704274 0.07245146791607748 0
0.1522269169700636 0.09527400563578482 0
0.2507776641822508 -0.0814713030256696 0
0.1373136041367093 0.07385861868374563 0
0.2144920783745598 0.1168244522607176 0
0.1113555612503389 0.07134574935802926 0
0.283997091647365 -0.08016672856292194 0
0.8426414226997994 -0.03211123918953201 0
0.2526053412782524 0.07098938873748602 0
0.2441055322535012 -0.06934852550377071 0
0.8280087225758767 -0.0872706057071454 0
0.2806235337623574 0.1712933962984987 0
0.3111362369005173 -0.08260011818462766 0
0.3565714145803617 -0.1089044062703235 0
0.2282409224060094 0.07835698881217873 0
0.2587812634990326 0.1119225448806282 0
0.2510801446517136 0.09625426448155831 0
0.2127761578725072 0.09513307260752601 0
0.2408629226225328 0.0808498697656769 0
0.2493905550289659 0.1501618669232454 0
0.2754357372897713 0.1414280589650094 0
0.2146370897845223 0.06862125280344407 0
0.2043455628412245 0.06867016261944354 0
0.1549846100529253 0.07666672721114597 0
0.1833434106996192 0.08002724509116864 0
0.2529337685574322 -0.09832346574418649 0
0.1500070282148586 0.1147704589669984 0
0.2377324554903248 0.1181868617334974 0
0.2913427723503247 -0.06974415968696644 0
0.2517493901492609 0.08314524144029266 0
0.1332750401720297 0.06120441620462358 0
0.2728868086446161 -0.06894532350295031 0
0.8274137225910608 -0.05571172401938775 0
0.2345374389560679 0.09502294728672012 0
0.2167477578970308 0.07966103972157397 0
0.2237507477770878 0.0676730423924275 0
0.2052096527141694 0.07997350005604625 0
0.2547379594910908 0.1303172942693774 0
0.6695251161364837 0.2333635021092921 0
0.6860401686883189 0.2111533051494283 0
0.686705082450429 0.2383816589433183 0
-0.129349399024918 -6.974301747100439e-05 0
-0.1104812648176736 -0.005869728267169902 0
-0.1180124837104472 0.02101504891407777 0
0.8479827265769834 0.1230396319003804 0
0.8455199325261109 0.1050967433063333 0
0.8612813390106537 0.1189294083070655 0
0.5198031569427235 -0.1396038799181863 0
0.5190140910566307 -0.1274616569255139 0
0.5059231667996498 -0.1341816879237348 0
1.142542610369506 0.1061354029639869 0
1.117775185494998 0.08854778962446358 0
1.157460181538535 0.08271029010856953 0
-6.181373327101537 -8.599660947064169 0
-6.107844501619873 -7.915611259492104 0
-6.717516366631903 -8.091401526490086 0
9.731270970467095 6.437195304731129 0
9.195963590315863 6.501382832047808 0
9.456023238594312 5.900389463507803 0
0.5696282978749911 -0.140184177666707 0
0.5824725056616784 -0.1370285215178291 0
0.5730916424268235 -0.1232643611271564 0
9.820565809515482 -2.473938456037172 0
9.28783289842921 -2.663638608966397 0
9.748284375732553 -2.896524741488727 0
1.033285689818582 -0.05161890387620756 0
1.012997189075155 -0.04814047820381213 0
1.024371640827406 -0.06123789970528867 0
0.9962435544945514 -0.01089822381029623 0
0.9990421551757334 -0.01316193556399332 0
1.00233149153045 -0.01038728872567203 0
0.621704997648662 -0.5713925845994885 0
0.5607333491980131 -0.5482224473715807 0
0.5639383470539574 -0.5976730780152422 0
0.9299793466227375 -0.1094790627002744 0
0.921083305908901 -0.09643596746477101 0
0.9172065268719085 -0.1128201281538903 0
0.04477160069973723 0.06837277332707759 0
0.05756028668013521 0.06746203565813104 0
0.04981922260611311 0.07487859276316473 0
11.02894997528274 9.799282860169541 0
10.30341762563902 9.440231196400914 0
11.11771146317 9.104169625425456 0
0.1633593814887195 -0.1185937888100101 0
0.1702658999298972 -0.113381730855606 0
0.157010017056753 -0.1125337083141474 0
1.02881212877861 -0.1536415068400741 0
1.021989333448271 -0.1289521251248885 0
1.014158017080316 -0.1633510824852298 0
0.8499575434424853 -0.09718463708363409 0
0.8412460441565148 -0.08386537441054069 0
0.8367202218618471 -0.1005898683802388 0
0.1929832161062592 0.08780574046354175 0
0.1870803764020177 0.08783239729051004 0
0.1892462504038607 0.08000058826420034 0
-1.37957045211252 0.00944032759739305 0
-1.257415399172606 -0.05644376588550001 0
-1.253566797857661 0.09337196907914734 0
0.7383526369939259 -0.09684472090879816 0
0.7477109479869759 -0.09437725176753312 0
0.7413534717327217 -0.08426796731792785 0
4.60559074060865 0.6499542957895674 0
4.486446054026182 1.008492208478973 0
4.305447245635616 0.6699918470989374 0
-1.575266200313037 -0.8609568942914021 0
-1.43026877175027 -0.8282324627247489 0
-1.550984950890492 -0.6953319743878441 0
-1.370689038260975 -4.086522640396228 0
-1.12253334262919 -3.892819861563604 0
-1.360282146843508 -3.757258339200646 0
0.8742268916463054 -0.04734319060468222 0
0.8813435764630058 -0.0469057963311843 0
0.8766028090523408 -0.03875393852950476 0
1.233049498058168 0.08457253854987198 0
1.191865312422301 0.06257298879687095 0
1.242687204067426 0.0468476238986501 0
1.744300647020673 1.595865636034583 0
1.599359505840941 1.597447891299089 0
1.660624318193044 1.439052679744792 0
0.6554600850686396 0.6543483921375205 0
0.5918963564612926 0.6443484333313675 0
0.6303212349421055 0.5937827208706336 0
0.8912551829324462 0.7239483495246286 0
0.8799009155403981 0.6564530368621564 0
0.9521675030170562 0.6909934817403949 0
0.7564367795026203 0.6465952921615884 0
0.7468091958834157 0.5809043361085556 0
0.8093610118365835 0.6237169485933575 0
-0.03289065417019006 -0.06472023397768377 0
-0.02053867983288083 -0.05204941968771529 0
-0.04215651300785881 -0.05327792400571855 0
2.506132916664735 2.497057490594804 0
2.320025255949237 2.531452451793696 0
2.378110967743194 2.288182777384896 0
0.8991510208129661 -0.04388791053672989 0
0.9061782583074 -0.04193172668916774 0
0.9018685736836622 -0.03451727355435838 0
0.8035851141181948 -0.6492023857788149 0
0.7676740392119253 -0.5935003315953775 0
0.7541238237836083 -0.6584974781960362 0
0.5793507838617253 0.5312133336469012 0
0.5387481490955555 0.5419294564017308 0
0.5513414266225225 0.4893600279841515 0
1.852191531756377 0.6431078268454029 0
1.716067151611709 0.6018280548063255 0
1.832175981765277 0.5392900446584586 0
0.01555458597767422 0.1283057617066753 0
0.01708086410788307 0.108558498433584 0
0.03579143486598714 0.1237214759547843 0
1.008430157036019 0.05491876999362709 0
0.9958869852549612 0.05916265656822704 0
0.9972037544507902 0.04676080823750244 0
0.5732599195531523 0.4444336848684435 0
0.5852728464579897 0.4069471578089003 0
0.6039569882935298 0.4411573781697786 0
0.3282823328993675 -0.1664720555884525 0
0.3408955062088622 -0.1669878614314747 0
0.3346336201011983 -0.1508543727195684 0
-9.864244405312522 -11.17189799953959 0
-9.104580414988812 -10.8324031112787 0
-9.915813302152557 -10.42597064097015 0
1.117355987115123 -0.06504963486891539 0
1.116885106834062 -0.04315465997112161 0
1.090341156425092 -0.05409202372938855 0
0.1332011735468354 0.1252357256794687 0
0.1397934129441082 0.1130004732287732 0
0.1434147888175858 0.1270057114176938 0
0.9945734204545953 -0.2030101285236189 0
0.9929799310093343 -0.1806157132179138 0
0.9665725390532747 -0.1955853775411174 0
0.9378414793230607 0.03153532052864791 0
0.9437943298615068 0.03937464218958101 0
0.9363270105958357 0.03958642000114314 0
1.297012298660901 -1.30986336572107 0
1.22853777836188 -1.198649329109625 0
1.202506784478101 -1.321743566217981 0
0.217574353449189 0.1586791122934993 0
0.2030543132839053 0.1596915446668954 0
0.209978477419838 0.1426957171450434 0
0.8660007524431106 0.3947960196376183 0
0.832029900817324 0.3992520001993121 0
0.843666371621359 0.3593431379389149 0
2.35211343914968 3.046375712234757 0
2.117623628299263 3.114405778274471 0
2.213557394020362 2.808357231043319 0
-12.19400423079193 -3.065351082994521 0
-11.53677429552712 -2.759108673359705 0
-12.22035010936528 -2.476207319140435 0
2.816559178565782 0.8592750369066184 0
2.648126071244038 0.781778275585853 0
2.831369401069678 0.6838420169469226 0
1.846364161849031 -1.881263828850834 0
1.765719353096566 -1.701704668749459 0
1.677897916944542 -1.883006344355848 0
-9.925363773859283 9.654063537941141 0
-9.926700403197451 8.872144557686473 0
-9.113677280733299 9.286037825471114 0
0.05000188226768289 0.1553100318429352 0
0.05401632543403289 0.1357067370257378 0
0.06975305096593749 0.1475480296407975 0
0.9251663839317184 0.4981681243497257 0
0.8705200210998284 0.4846100973240727 0
0.9090106444709654 0.4482629089236684 0
0.4311649809169282 -0.1262182101726356 0
0.424452678159411 -0.1143486216482522 0
0.420955903974421 -0.126166541920594 0
3.752295845867868 0.2750254666826214 0
3.624028688834108 0.4181149856178943 0
3.545625665932496 0.2559772374803991 0
0.3418320534623142 -0.09550078057182992 0
0.3461667833209484 -0.1015322803788539 0
0.3477488643013203 -0.09276791783049057 0
0.3544783493788497 0.7007258616064957 0
0.3038401317060313 0.6999730156715271 0
0.3169609201040973 0.6284400513199864 0
0.9619551852428802 -0.2497410257055233 0
0.9443136816187412 -0.2240685555728116 0
0.9381028383630858 -0.2558297884315125 0
0.8490282560427396 -0.07200732239903604 0
0.8570011204890086 -0.07003237587883147 0
0.8515460107945951 -0.06157955516393152 0
1.528942101227863 -0.4211126016931352 0
1.546838809707435 -0.3580339933283706 0
1.466720343630968 -0.3640447552027967 0
5.383727851227013 3.229211707380808 0
5.110236113997432 3.281998804055061 0
5.179764076177515 2.955340351812517 0
0.9744882230342218 -0.04427120382819479 0
0.966623452923114 -0.03312116875530145 0
0.964800884561027 -0.04465504152505891 0
8.930347160570559 -4.492650300515816 0
8.719516703539131 -3.97293300885573 0
8.439228026334728 -4.540953161331599 0
0.9322034480914552 -8.586619438500399 0
1.33042410123387 -8.569030442239068 0
1.132784792177744 -8.132973515530741 0
0.2808806617682416 -0.8414068265037399 0
0.3620328601573405 -0.8363348734423721 0
0.3233951659659023 -0.7588004504657619 0
0.2830087179479094 0.9647863922071123 0
0.2433035559505698 0.9091690538191833 0
0.3406788443713 0.9382669530743215 0
0.3787171484294007 -0.1033068706952853 0
0.3829280665025434 -0.09781273603082494 0
0.3733650927471354 -0.100172922396815 0
8.071560939599818 -13.75805456473976 0
7.667707790879088 -13.07264185064358 0
7.423488779127235 -13.89353246188263 0
0.8881791915378576 0.2176669154141558 0
0.8747616623884729 0.1944270007020536 0
0.9078310534536628 0.1975755296840445 0
0.9784059757627791 0.1668396152831269 0
0.954683549525372 0.1721572204131488 0
0.9540114468959118 0.1439964771115697 0
0.8751391895759175 -2.888949158024892 0
1.031779626667252 -2.892336146717557 0
0.9375240906749089 -2.698790629203701 0
5.233872881087107 4.045111095859444 0
4.859772540484771 4.198539113116628 0
4.940099548444592 3.709298176880536 0
0.3068360352071453 0.1855099552706722 0
0.2897576889984114 0.1890604414459948 0
0.2977018799710913 0.1677429101231761 0
-0.2633229477550798 -0.2010557244172527 0
-0.224846943998707 -0.1720198228841107 0
-0.2753514106013746 -0.1479935814777689 0
0.9832609384616149 -0.614360244227895 0
0.9517421187742441 -0.5584389281706335 0
0.9339398093725053 -0.6236331041506786 0
1.6658572034115 -1.399431486208971 0
1.661684817651446 -1.267308914456133 0
1.53737592784633 -1.318167526238895 0
0.70290740216431 -0.1486660693416839 0
0.7046813418361402 -0.1376597270352991 0
0.690625064810751 -0.1430969049083662 0
2.573927242348715 -4.037255600793012 0
2.395932167290319 -3.728402069716743 0
2.266112065323962 -4.091253341190914 0
-1.34775052289748 -12.82934397485237 0
-1.640374591447404 -12.19204541603165 0
-1.881238214026494 -12.79808631009237 0
5.781153931715911 2.760301974149045 0
5.439936620953673 2.605634844295092 0
5.767834739262488 2.463383563305874 0
0.4183711563106643 -0.067386066396232 0
0.4161273032324382 -0.07374049080437867 0
0.4211275632210845 -0.073512304919302 0
0.9324390610677037 0.06459148570696374 0
0.93176546902519 0.05115986132693551 0
0.9429534531767954 0.06085736604210445 0
0.5650012950740364 0.2171559748720077 0
0.5480833418283295 0.2170784299133936 0
0.5545787459311915 0.198044412345329 0
4.846480500990197 -8.126165718506183 0
4.640537087421338 -7.624163761671477 0
4.387276832137584 -8.176264538648383 0
13.20698230191706 4.491797678533692 0
12.55597935460106 4.126231535806622 0
13.2660631912441 3.871728598268052 0
5.82580325247741 15.5019890233624 0
6.192770951047961 14.69116143512304 0
6.526181320272176 15.45064431762234 0
-11.84608705065352 -6.856898553937682 0
-11.1620855900208 -6.508622661782847 0
-11.93365565171253 -6.174331472350725 0
0.6163722657343349 -0.2090711397316715 0
0.6040672850043776 -0.1891459025032836 0
0.5982647998875675 -0.2118634440463221 0
-0.08193428956828647 -1.289028973123086 0
-0.1239518451168304 -1.207315967502983 0
-0.2079448763267078 -1.231347898481599 0
-0.01937784225829904 0.03470730516466784 0
-0.02475791014785778 0.02673127039240241 0
-0.01201336589223348 0.02667948334425059 0
4.486614162112099 -1.597198988844761 0
4.509658661697896 -1.339609097801498 0
4.202725177861052 -1.43253912631509 0
0.4005240236133817 0.183011507706508 0
0.3842008558682335 0.185081449448103 0
0.3911974122695923 0.1656198728739854 0
1.589457870295997 -1.096560003984244 0
1.554756581706128 -0.9934004805460055 0
1.498502253496408 -1.082885431047818 0
1.658265369609916 -3.382505245495505 0
1.622395957477035 -3.177222969988272 0
1.425236083250954 -3.319902714084703 0
1.068098356712319 0.5059168972319203 0
1.009850002617186 0.5153735778999091 0
1.021905361397988 0.4523642552813327 0
-11.83025117319312 7.271053460872126 0
-11.95450066305924 6.597787649683849 0
-11.16415536155276 6.87784762500622 0
0.06976774101460556 -0.2531971309232366 0
0.09843845934572895 -0.2588523330173074 0
0.09305084450062709 -0.2228916859491871 0
0.7152834156677252 -0.1953635050214082 0
0.7062430084713315 -0.1781491982242511 0
0.6991921585513823 -0.1970843288290269 0
0.9301710091543827 0.1302165522037272 0
0.9139626094972595 0.1335766631083936 0
0.9138445979931374 0.1144791330705291 0
0.6394941211500558 0.2745465589979261 0
0.6101264877168167 0.261518627668315 0
0.6408223964653548 0.247563924573571 0
1.707926208074134 -0.4195007655534683 0
1.751378145487827 -0.328349479074198 0
1.652512504718023 -0.3239505533394389 0
0.4213132949860179 0.1266987249187251 0
0.4271453084703277 0.1354467503231023 0
0.4176572467584861 0.1351760338396317 0
0.9196156707452644 -0.1515368036921343 0
0.9065904769990352 -0.1331925837294584 0
0.9001035801585544 -0.1588661640321991 0
3.956924003576131 1.113928313215755 0
3.747755349160897 0.9956985013753313 0
3.977133904637914 0.9102999479479189 0
0.3531870895698339 -0.2980771638004378 0
0.3790848809671447 -0.2987537699452542 0
0.3690875752322067 -0.2748478874162365 0
0.4892780239524052 2.821674815949455 0
0.5901346391361333 2.612095237239503 0
0.6720716219744562 2.828780334661346 0
1.001158892285173 0.004953024169043458 0
1.003370991275039 0.001767504631784704 0
1.004529883560213 0.005460528800828163 0
9.340826001711608 4.784011148424899 0
8.727519789304703 4.488172428828384 0
9.311446935769176 4.214194858414883 0
2.14832083370147 -0.563468253353588 0
2.132241013371284 -0.4443104193392275 0
2.02791268224176 -0.490121294604228 0
-5.488579444084332 2.71796705064672 0
-5.46903423019363 2.330620121713697 0
-5.147533259429615 2.660375875382555 0
-3.599363431660763 15.49837908557899 0
-3.275949785138102 14.74552931561335 0
-2.947834273430024 15.51399266611863 0
-4.990265831097087 1.228826908373743 0
-4.680604736536846 1.063435018283204 0
-4.70892792593185 1.477129871702363 0
6.767252151239507 4.799603714397847 0
6.344700910312634 4.840277986373595 0
6.550725782367126 4.334989050621337 0
0.2655216397114568 -0.0749951476015608 0
0.2704680001947068 -0.07488929661409112 0
0.2679404481613661 -0.06905117449041999 0
5.888122374701021 0.1042286158822908 0
5.576297681457215 -0.05865060383565579 0
5.875374045935313 -0.1443265081557022 0
0.8077881187627349 -0.1419902374835155 0
0.7972796715459025 -0.1246893539934452 0
0.7920262099345032 -0.1437273166719003 0
1.042108608689694 -0.3038100940244742 0
1.073623672404664 -0.3031992689507175 0
1.058254563067344 -0.2648722879685288 0
0.2827804581690148 -0.07461376418765327 0
0.2876699319988448 -0.07495544412494419 0
0.2864532985204946 -0.06940247974967552 0
4.246676619752979 6.977950323008107 0
3.763399933740025 6.990921057762533 0
3.962464679112088 6.52559742529905 0
-4.870135299628346 -8.379831915042148 0
-4.569389314094694 -7.855481255070417 0
-5.270955476555854 -7.899520020094455 0
0.1116140964492252 0.09700984435211757 0
0.1029785438109371 0.09811227314357079 0
0.1076395648018011 0.08703584223115921 0
0.6382083080745733 0.1624911261112511 0
0.6439760093515143 0.1794319698125701 0
0.6299171266276806 0.1773725986232881 0
0.6387948981194351 -0.1472506045589375 0
0.6473021396975756 -0.1371624748762746 0
0.627332647393706 -0.1393634727799005 0
6.958510630704851 8.531856813081937 0
6.837896453696363 7.995844311123413 0
7.415985051611298 8.2300504156001 0
0.2916515674409048 -0.09080799984550883 0
0.2913360957029871 -0.08314313848069392 0
0.2843125633852825 -0.08783158992773685 0
3.862833411921317 8.069258397853368 0
3.345767931317747 8.227023117370182 0
3.530546393777346 7.601038674988404 0
0.2805924729546769 -0.1647001975665912 0
0.2939577957622196 -0.1653044169990985 0
0.2866929233700738 -0.1487504303504794 0
0.6163487635736016 -0.3890822046962477 0
0.5975058652478149 -0.3544338451062057 0
0.5854089684576443 -0.3944466740914914 0
1.90521457122081 8.170912897149126 0
1.603300454961615 7.757759304212492 0
2.012465137608543 7.703145784977789 0
0.5599414389296551 -0.09342996147827703 0
0.5564152614895693 -0.08499426994423799 0
0.5532818912490992 -0.09350227068678038 0
0.898201397369766 0.104400051111701 0
0.8880490552890368 0.106924945011577 0
0.8886142543227884 0.09348575214808244 0
0.6738669208263133 -0.2491552569786212 0
0.697893321373295 -0.2437866839297332 0
0.6842061652007944 -0.219667208675072 0
0.8361309084345525 0.992914189115663 0
0.7292430712428877 0.935694893054443 0
0.8249469698740064 0.8923014919489325 0
5.786653123444619 7.920848390384174 0
5.660063278378006 7.484791053274606 0
6.253832187723304 7.861593371495683 0
0.7854347530624868 -0.11402161372125 0
0.7792180474187009 -0.1028375858496831 0
0.7753010570738851 -0.1152424053102631 0
0.1267019334082442 -0.1021263454389538 0
0.1242309300434408 -0.0908909393585608 0
0.1186561729050732 -0.1009451311019914 0
2.388714254067852 -0.5907562397127366 0
2.274956747264687 -0.6108456087715493 0
2.411021836501546 -0.6839444703956985 0
1.114883699559512 -0.9092083899666652 0
1.06292303026583 -0.828691002551758 0
1.040617417389625 -0.919832171253318 0
-1.069451619505319 -0.06833484525810017 0
-0.9636118917265073 -0.08036434023789467 0
-1.025572017138935 0.01545838061645978 0
-0.001518954979613167 0.01081506461366959 0
-0.002984642489056926 0.006104345195130756 0
1.547045158208604 0.3411954160372774 0
1.476949516196885 0.3408107030235801 0
1.515522951510345 0.275990037824765 0
9.187518972760856 7.793703873756899 0
8.547404075423252 7.947737136389058 0
8.831096424851044 7.192221935903293 0
-5.836922703996635 -6.193223884671919 0
-5.339023120298735 -6.425040602534153 0
-5.508019638581125 -5.869682528668056 0
0.2194952979798408 0.1292538685161825 0
0.2261122669324423 0.1175056569971075 0
0.2311154865377233 0.1299350732525724 0
-8.968825891157259 4.008778629207367 0
-8.467638719504745 3.70336359903424 0
-8.470705198859475 4.419961958912044 0
-5.559809705043683 10.5925465375803 0
-5.626648275541504 10.01895804144292 0
-4.966130761548642 10.28515620239997 0
-7.707071922754841 -10.75722458565794 0
-7.024629273577963 -10.78721039256953 0
-7.281819252543203 -10.01924076125682 0
1.344994706830814 -0.6323153107586313 0
1.341879472443039 -0.5473143536262037 0
1.26002532705426 -0.5795576643531724 0
10.75899875577364 -12.59467756197574 0
11.1955244426591 -12.1266012916755 0
10.29659973519903 -12.23472869756318 0
0.8209279606537991 0.0455744399074305 0
0.8250488519632146 0.05220094052085333 0
0.8195397607441464 0.05301219658430786 0
0.4485552305174553 -0.2285641584000658 0
0.4346728866460506 -0.2111013364163482 0
0.4315127204735792 -0.2320895009691154 0
0.5908289895286568 0.08182827949972071 0
0.5939618422126109 0.08959765398213031 0
0.5877828657040491 0.08968608498914742 0
-2.28604907304036 -0.2392466419797778 0
-2.099749340590319 -0.2347949816754034 0
-2.218431796150629 -0.03912641522656445 0
4.474287437377864 2.527736876982409 0
4.176921887786483 2.422910359411713 0
4.465260749331827 2.24877916751795 0
0.4669290989416335 -0.524387719479448 0
0.5097547230152699 -0.5130552267373971 0
0.4737171233535948 -0.4629400054295107 0
-1.534508758938722 0.7782373940636622 0
-1.41578390454718 0.6932303473767347 0
-1.405026533163307 0.8761348182992756 0
0.5080927463590965 -0.224245260826331 0
0.4986407232908021 -0.2037695502337025 0
0.4912059499797646 -0.2252273890977937 0
13.34485877729054 -2.405132841309702 0
13.38921455863338 -1.825569613768382 0
12.7134382408803 -2.129521993373393 0
0.5842225529203711 -0.1007360582240012 0
0.5810387836061714 -0.1106628694671356 0
0.5891196195277104 -0.1101818937351441 0
0.6592694692166519 -1.451963276422002 0
0.7700760803476683 -1.402427297844913 0
0.6475553796092915 -1.345490999067166 0
6.741811273768108 -4.14615064026864 0
6.285367853414809 -4.410486134335192 0
6.727132656264703 -4.534451534560866 0
0.06818384542224848 -0.1088993164711019 0
0.0695929031035057 -0.09231847767415835 0
0.05962051935621723 -0.1027493352573361 0
5.512360879586107 0.4998208828064117 0
5.261910007964987 0.5128058474244612 0
5.338595138601803 0.2028894848203867 0
0.5659076921004301 0.09901246350364115 0
0.5704024174964614 0.1081697433790683 0
0.5628461737009953 0.108820071881939 0
1.123415515971472 -0.4731539019989862 0
1.098418876081816 -0.427089026838074 0
1.088005261134563 -0.4778663344312365 0
0.4123647190933567 -0.09666803533304592 0
0.4096245365907501 -0.1058573305230376 0
0.4169837837195104 -0.1051076582062189 0
0.8047623225681068 -0.3567425287585215 0
0.7865229649456524 -0.3235146389412881 0
0.7738874566067661 -0.3619721979205375 0
3.555359605405974 6.14665835273812 0
3.215067243522496 6.222953788535987 0
3.291238855829336 5.831043981220632 0
0.8355336930649588 -0.0398154174023828 0
0.8406126166571646 -0.03932579870209166 0
0.8375624991075936 -0.03260085788982314 0
1.510345720897843 -0.1347093612940657 0
1.460549249832032 -0.1126433559590049 0
1.477361259669344 -0.1787155089854885 0
17.98895911388304 2.352705468376402 0
17.14960710955089 1.968780945296412 0
17.99718706351193 1.609069657546403 0
0.5376473877956648 0.1214918479413718 0
0.5437060947433143 0.1317238344657777 0
0.5347422444686885 0.1329593043771892 0
0.1497973600518744 -0.1667506279358604 0
0.1668951136554362 -0.1699067400613629 0
0.1627622708357842 -0.1502931402922754 0
0.648697826876919 -0.05097331615671964 0
0.6470454108191557 -0.05645797499178953 0
0.6517150066992109 -0.05596406129512786 0
-4.318826998811371 -0.4322521805992465 0
-3.996401756894816 -0.4621739152938559 0
-4.189262935448204 -0.1706969827412713 0
-7.424545243028448 13.78012837522586 0
-7.091882526936788 13.0556873949152 0
-6.76478467336457 13.83360259053134 0
0.1163594928385486 -0.2036334170378977 0
0.1378258828516385 -0.207455557874103 0
0.1324638128584366 -0.1825420868687427 0
-3.315168152026415 -3.389765335577295 0
-3.079645861472694 -3.207262576487973 0
-3.418813333293055 -3.062544519140728 0
-0.07083740371761624 0.02613987067914351 0
-0.08515609732152052 0.03068781878899372 0
-0.0848256558992985 0.01066711555452867 0
13.02937928510866 -5.298651226252936 0
12.29143590666303 -5.657635490986398 0
12.9473863095925 -5.910936499606597 0
0.9880681804651199 -0.02221040235111477 0
0.9930406724391594 -0.02143065984459005 0
0.9879817261657958 -0.01445261315514223 0
0.8193374458089662 0.1064497735782362 0
0.8222088717739867 0.119239145035204 0
0.8093249974905125 0.116481951713792 0
0.6085708756109338 0.05492238018096345 0
0.6114888529127849 0.060632755678593 0
0.6066365609483702 0.06102172821978828 0
0.8377338894117146 0.03168736659576915 0
0.8406927729663842 0.03715817462075852 0
0.8359570687893739 0.03757897304526479 0
4.50579638836728 11.50367208172 0
4.009958805916811 11.51048441462613 0
4.272123613284736 10.92989539336354 0
-3.92973370376544 -0.9827206462017227 0
-3.637385717702061 -1.008088665782125 0
-3.833617834194603 -0.7490971327322332 0
-16.90224674022239 6.439724077886119 0
-16.92327532840801 5.644677377545184 0
-16.03916284012733 6.061901361541962 0
1.177802113218268 0.6490377346324527 0
1.101272818221331 0.6497623298668236 0
1.132572292928453 0.5682016246161261 0
-16.9682245454935 -2.391416712996293 0
-16.11936985576606 -2.012012368905284 0
-16.97874706938321 -1.631576734158174 0
16.03288516438899 -8.317357306606556 0
16.05424302545061 -7.523576367686823 0
15.18220608623866 -7.94439070201784 0
0.768633214696878 0.03932411558508495 0
0.7722048101963634 0.04450503243511734 0
0.7676310423693159 0.04516276495106522 0
0.1295086383534412 -1.677818539964901 0
0.1012266443222838 -1.540224416346289 0
0.01751307175569742 -1.649044519861692 0
0.7977001956135236 -0.03645889106708888 0
0.795946810078105 -0.0426375481159698 0
0.8007680356518453 -0.04207200050529253 0
0.07681998191874048 -0.05357348320416094 0
0.07274578783624648 -0.06065379245338107 0
0.0777979102862863 -0.06165100219027383 0
0.6939349951975897 -0.07354032794164495 0
0.6915944086064679 -0.08230206876506177 0
0.6979570258212132 -0.08149940810727106 0
-0.2357447814800991 -0.6027597489783654 0
-0.1582157108130957 -0.6156988668812082 0
-0.2026194892539918 -0.5417919596661049 0
1.510850980017454 0.4883440305461906 0
1.602261662257876 0.4520131769277369 0
1.604640919380187 0.534341126237835 0
16.03151313631226 10.5262206763045 0
15.17967303118199 10.16991451220132 0
16.0572394136118 9.736768726567766 0
-3.974623671959208 2.149996530239117 0
-3.772310067525787 1.981897883663665 0
-3.708016509773436 2.291897331732158 0
0.3694960526183103 -3.479363495945115 0
0.5794370380254886 -3.37273183451599 0
0.3418298520444281 -3.264906257082666 0
0.1674066648386424 -0.06516741288023942 0
0.1642185901635602 -0.07136636367881877 0
0.1693059278681729 -0.07180612264557579 0
0.2016715345412216 -1.064759824907356 0
0.3131544309559584 -1.02331808991303 0
0.208035459544943 -0.9603829844746763 0
-3.585859347342783 -1.490225081142577 0
-3.219303501402906 -1.521974405746669 0
-3.366945741333021 -1.273461503855707 0
0.4644365929489704 -0.07062883233509859 0
0.4693910953129348 -0.0705525892758383 0
0.4673594363527908 -0.0644889418711912 0
0.5086598571545964 0.07374413067284072 0
0.5113983161386507 0.08043168104556542 0
0.5060780830517293 0.08055040781727899 0
-1.969520022640288 1.740377325882783 0
-1.873970018512635 1.543025201104313 0
-1.759283557073023 1.68153433130087 0
0.8230610343894249 -0.06508900580641414 0
0.8287811765203523 -0.06177558757731184 0
0.8216935804601333 -0.05902514224849005 0
0.5100999503006977 0.2612995865873896 0
0.4923910592248949 0.2624592989871509 0
0.4991246319888413 0.2418354978695698 0
-2.005539108447336 -2.20945949713588 0
-1.83967642857824 -2.05451552489032 0
-2.101014622441673 -1.963808704356615 0
0.230462523676241 -2.813350378995911 0
0.2434709759282742 -2.628888399986117 0
0.0560441718588138 -2.711490881091802 0
0.1402881415778908 0.06804952143753035 0
0.1352943221543695 0.06753151744418461 0
0.1382688595955509 0.06172242019796933 0
0.4517200309915544 -0.1540747644659344 0
0.4429060506107786 -0.1375538353879752 0
0.4364821871127142 -0.1545570595229367 0
0.1973043788161487 -0.08866780362622884 0
0.2039149398999429 -0.08901080605202034 0
0.2007901909289036 -0.08090647058289752 0
0.2071753999392771 -0.1304619638021066 0
0.2179725399231933 -0.1303397075363372 0
0.2113153991797141 -0.1183802490893036 0
-4.814000171496561 -17.16289343024644 0
-5.195263793819134 -16.34759875637002 0
-5.520810498365181 -17.14500797237379 0
3.675518266207606 1.861859975245493 0
3.455004616870307 1.890367077091335 0
3.548341911645819 1.621071977269309 0
-8.518977969650045 -0.6882612627228866 0
-7.989921910630345 -0.8399980003491565 0
-8.072625507983009 -0.3416147964566537 0
0.489232917259937 0.06319050067614651 0
0.492451671978913 0.06853473284189648 0
0.4877661210332614 0.06895155230608178 0
0.5188966735199787 -0.06102078473857191 0
0.5174347688456786 -0.06688075116714243 0
0.5222538007038173 -0.06631247385828253 0
0.2616602447131149 0.1043844478496078 0
0.2549307040753731 0.1040884046810933 0
0.2578096852894554 0.09655030765007289 0
3.384197690190839 -1.673706921748853 0
3.409160510696501 -1.471951166732882 0
3.166358846268268 -1.523673461484754 0
2.588124197004817 -1.216165787044485 0
2.614718633470149 -1.0763394428387 0
2.432818943868642 -1.096339828556527 0
-0.1954902316424805 -0.007176401775472172 0
-0.2250143620548441 0.006826895750386544 0
-0.2194058144667597 -0.03361740951909414 0
-5.073288533015502 1.957775354121218 0
-4.811163949855022 1.896605563663766 0
-4.865863462378433 2.211859155992082 0
8.212258960950752 4.122274086253221 0
7.780067732644286 3.885359069201704 0
8.265949495055805 3.68144112176685 0
0.08198427678614859 -0.06879498650126516 0
0.07983753451325848 -0.07585212241268993 0
0.0880980950956148 -0.07591579747446114 0
-0.4937964732599625 -2.435798620206121 0
-0.4129348672826008 -2.264136033906227 0
-0.6198673634846956 -2.275465739216273 0
0.6548508430668674 0.1026374453187986 0
0.6474385614824292 0.1034877311006468 0
0.6497106428540071 0.09377883498536141 0
-11.02792303235944 -1.023139922687359 0
-10.46133144136726 -0.7151742175175848 0
-11.04699985669323 -0.5259795906091126 0
-3.432320931780898 1.251048501838285 0
-3.185670603450707 1.396185952032801 0
-3.388686735228058 1.53574527637677 0
5.336506677139448 9.80850262010598 0
4.789322169672686 9.40750998371858 0
5.3974297338419 9.260147304274579 0
0.8312924895696671 -0.04612152392975828 0
0.8257074455579326 -0.0507072068321265 0
0.8329987666027953 -0.05112604111701953 0
3.335759342688477 0.9678045760552362 0
3.13050867689179 0.970242382161042 0
3.205053174188109 0.7589009721618823 0
1.394810891106855 -0.1986798245470932 0
1.381022449677653 -0.1351453209514346 0
1.348268552180975 -0.1771756418481 0
0.1066712905380933 -0.05826685533838595 0
0.1029799136846331 -0.06397388559527648 0
0.1078819962504265 -0.06476616840479432 0
0.8982347398326991 0.02493036974141802 0
0.902006289731743 0.0307213296552496 0
0.897078030809243 0.03136762225571675 0
-9.510135961507945 7.877586852137647 0
-9.220723351171422 7.146813740341718 0
-8.825601299734943 7.773345733420517 0
0.7575819177365016 -0.04036239905297848 0
0.7553203881511681 -0.04610762601434019 0
0.7600706409604892 -0.04577252097455844 0
0.4933653875928412 0.3150666564452459 0
0.4672520933457371 0.3207414340400737 0
0.4772530832896472 0.2875981652997985 0
-5.525765937895141 -0.6474497924595164 0
-5.379998412673991 -0.9568668786067663 0
-4.956718305508066 -0.7690870873026612 0
0.5398543407142962 0.0716930050102286 0
0.5431235172458311 0.07803191032871884 0
0.5380138013793366 0.07844270997362487 0
-9.002792679638652 5.312673292631446 0
-8.544295911835375 5.107741310950898 0
-8.575196220962038 5.695037614497174 0
-3.316467075307274 -0.777241756777186 0
-3.215667038342056 -0.5478228661722946 0
-3.440469811166006 -0.5450462617077438 0
0.3915177991808097 -0.07515316721853774 0
0.3887608555376215 -0.06893752889985588 0
0.3866474306078655 -0.0754505963318888 0
0.1197953277052583 0.07919244067789173 0
0.113815339345214 0.07863958139886762 0
0.1173355496103832 0.07189860863705337 0
0.5885759291796089 -0.05630856373376497 0
0.5867232005889951 -0.0623809697618367 0
0.5914914694522748 -0.06189999183168705 0
0.7497346168809772 -0.06554076311611523 0
0.7464380863608966 -0.07353373267028018 0
0.7540083132458522 -0.07380752862249784 0
0.3370581914643426 0.07172136989014344 0
0.3407488435785321 0.07794393630562578 0
0.335117607497961 0.07882215731009962 0
2.013340011883267 -1.563275035749882 0
1.941330259491047 -1.387580396340764 0
1.862175845608836 -1.524267513835327 0
0.3709203644631541 0.08845308023775628 0
0.3654567360531659 0.08888908005580587 0
0.368168557017593 0.08143772991499798 0
0.298194936013242 0.08832207458633709 0
0.2919675263551521 0.08765196317857929 0
0.2948856285784647 0.08057148372881777 0
0.09546029822652244 0.06387076399271047 0
0.09808175462392596 0.05739619721870179 0
0.1004183931754026 0.06428941323095977 0
-2.501732760901216 -2.880555692624116 0
-2.204270880526228 -2.983703115467261 0
-2.313403873216339 -2.68746488924666 0
0.7414322869646695 0.08495883919735206 0
0.7465501600205094 0.09337536679874836 0
0.7388055219907967 0.0939637806263717 0
-0.213378545449699 -0.08328919349478986 0
-0.1972339225194007 -0.1159856568269107 0
-0.1737370611240978 -0.08031717037707366 0
0.8729910050035894 0.04783212303271712 0
0.8674837187052965 0.04833393579476775 0
0.8695381997866309 0.04104329228149151 0
-5.143086031001962 -0.1730504659723633 0
-4.807087004046987 -0.3002226246010365 0
-4.847687204319733 -0.01360308941798863 0
0.8475522052034195 0.05760797817202836 0
0.8528744768875554 0.06651260343233398 0
0.8455034546218122 0.06717105068827578 0
-0.3923965386044396 -0.3195605441328013 0
-0.3469159348096731 -0.3536290200822841 0
-0.3276048599031379 -0.2842971814623719 0
0.4907608795336773 0.09740607949290092 0
0.483889141973737 0.09827634330960947 0
0.486469929044667 0.08944944251871252 0
0.4494097627555193 0.0657063679230984 0
0.4524738687139701 0.0714938222290645 0
0.4476312896387288 0.07173846454735119 0
0.5277801660206211 -0.09501885839311586 0
0.5348458636775451 -0.09435262532837607 0
0.5303518172513981 -0.08600994666032258 0
0.1229191355274173 0.2396173708252682 0
0.1038601768863982 0.237736680563954 0
0.1135885219174685 0.2131765848813396 0
3.604638384207449 -0.651870126239336 0
3.720507217421332 -0.5257091518593767 0
3.531810993670065 -0.4860780584334276 0
0.4485615255221289 -0.06556947598202365 0
0.4464461378503475 -0.0720026596515167 0
0.4514705014907023 -0.07153730695605223 0
0.628643794743455 0.1485377422696465 0
0.618616012327776 0.1493521701627393 0
0.6231103817204913 0.1374581575104168 0
-5.894764144061941 -3.718025581596144 0
-5.481220147294207 -3.966694242345078 0
-5.569977434271162 -3.479729487253118 0
0.2524781728698313 -0.07527639216162188 0
0.2491421069054565 -0.06921500340067244 0
0.247441598217876 -0.07540991426472016 0
0.6237079668739565 14.05874430307609 0
0.06765807584577932 14.06991569516218 0
0.2740499428854255 13.39488800604108 0
0.7549120889021462 0.1029973877822895 0
0.7613554912832127 0.1157126347511345 0
0.7503667974277032 0.1150955551966129 0
0.6565135074559434 -0.06167839269620137 0
0.6538198051539323 -0.06909776366506735 0
0.6602707219684282 -0.06932743623107096 0
0.2908052115547791 0.0746061840629598 0
0.2861714521042381 0.07467966978264964 0
0.2883184447386424 0.06938448152454947 0
0.9564202478028421 -0.01819763620036268 0
0.9540013047536289 -0.02599847005403904 0
0.9593550574991323 -0.02570417259848921 0
0.2624131461593686 0.1457949629441274 0
0.2520642572600283 0.1402395805963114 0
0.2650868483904311 0.1358726766171934 0
1.004639885911631 0.03441687947760542 0
1.005033247658134 0.02897965902218293 0
1.010140287978351 0.03707970120747999 0
2.41855151716554 0.3894921138269414 0
2.269205157041849 0.3733018760485093 0
2.355853863479203 0.2296743620585295 0
-1.047345090012322 -6.523612063055765 0
-0.7971934052619536 -6.210577281283513 0
-1.128258250802829 -6.122221768352323 0
0.3875437699558058 0.06839035818041428 0
0.3894277826612856 0.07436661345695522 0
0.3846426913502337 0.0744105173411187 0
-6.08215516307399 2.104917604632263 0
-6.026484063770567 1.717629024499735 0
-5.754409315544925 2.000922716845333 0
2.102080321128245 14.07101961288484 0
2.404845758460021 13.39721678298361 0
2.680614654909676 14.07279808237805 0
6.120116668737785 13.30563149754086 0
5.466621333000945 12.94211903752693 0
6.186261412407681 12.69399685746559 0
0.1571046397217629 0.06406181058565585 0
0.1585545632480537 0.07073681922049294 0
0.1535346865266344 0.06999171857630887 0
1.912518168916881 2.014728754825596 0
1.716120057805697 1.942637423420119 0
1.879433945779755 1.826352178994358 0
0.5411172632470382 0.1837737313262044 0
0.5288594652146306 0.1857101542514522 0
0.5323159357761842 0.1715170181909417 0
1.275329798592932 1.47426839259308 0
1.385090250534124 1.389124323532689 0
1.40592272507212 1.525779004069689 0
-0.1974214205430129 -1.951427510508031 0
-0.0201217245811916 -1.940416379743847 0
-0.1315046301749665 -1.797649774244488 0
0.5698944550631868 0.06951873962665032 0
0.5730283822007461 0.07558371903504175 0
0.5681848526592226 0.07590102026123181 0
-0.5759406299918521 -3.123485957934283 0
-0.3337752450842821 -3.080752140680357 0
-0.5449465614651524 -2.904249069830641 0
0.4897463585688543 -1.874151727080544 0
0.3679958137866696 -1.832646006953557 0
0.3947654022436903 -1.991926682024811 0
-6.51540676112829 8.462929922504937 0
-5.937505411063267 8.228255356466896 0
-5.970717537854647 8.769509683874842 0
-1.413017028487142 -0.2843158139382413 0
-1.293631686264069 -0.3989605043287965 0
-1.264033711204392 -0.2550200977578095 0
0.8075529852608822 -0.08998918008582393 0
0.8181154328116231 -0.09399963249034642 0
0.8174462750251357 -0.0832601533026229 0
0.7615440411815052 0.3090920800047016 0
0.7311673849010412 0.2977913242719418 0
0.7611447059304708 0.2813792191652204 0
-0.335415660255253 5.583140824042779 0
-0.4410840040407136 5.217671293438418 0
-0.1275316682988537 5.272351635096372 0
0.7404182307384557 -0.05353361141953306 0
0.738704910188474 -0.05977798343447689 0
0.7438777105460035 -0.05902259514895372 0
0.4138281138752883 0.1178053994084028 0
0.4068474445666532 0.1188021807995445 0
0.4088503251677652 0.1101795717726929 0
3.237681196891919 0.4117968024105887 0
3.117981263738692 0.284320184201635 0
3.297658575745509 0.2715901382067183 0
1.015832383934774 -0.03175567071255947 0
1.024665865236901 -0.02862397592404192 0
1.018587011105344 -0.02185816426187037 0
0.1946095199915558 -0.1649712706824017 0
0.211595778113261 -0.1594573555980829 0
0.1968462825610512 -0.147935337333459 0
0.9485027431988328 -0.03247911937746614 0
0.941500119122918 -0.03900317499769362 0
0.9499334903740044 -0.04002906207239304 0
0.2355417340510779 0.2561056860069723 0
0.2480539455294601 0.2719740816291851 0
0.2285711063946863 0.2751628420879335 0
0.2345519225142711 0.07960342928892782 0
0.2377001807893003 0.08793640852619851 0
0.2313891806810387 0.08668996804944942 0
0.7004381130069866 0.0986316698415107 0
0.692758736648674 0.09931251960832024 0
0.6945441576673379 0.08920243528132496 0
7.375714399303359 -11.8131715152602 0
7.338380828443242 -11.25630401194199 0
6.753328090299163 -11.59606449978373 0
9.837757591927403 -9.631863945271803 0
9.861304350293292 -9.036361655385747 0
9.197643840273164 -9.380425221121252 0
5.130218120860684 -2.622152854834551 0
5.12605462746521 -2.317052780471566 0
4.785561835736216 -2.488703862261404 0
0.444798621131609 -0.2779946273326827 0
0.4201902154872507 -0.262538408256943 0
0.4195937722738757 -0.2909807126367926 0
2.082712898965169 0.270717746653477 0
1.961248712828374 0.2126304097951904 0
2.085043317218717 0.1553967874218107 0
0.2055340715701968 -0.06265422223321775 0
0.2105255672277583 -0.06291235092165412 0
0.04916356955273685 -0.06986674476753574 0
0.04817691223671351 -0.07558907031150383 0
0.05527298833229885 -0.07010576985277851 0
0.7104888346188599 0.1732090080559205 0
0.6960490886950128 0.1786357187463006 0
0.6957911988922174 0.1655894657731561 0
1.163003244206042 -0.4081949977754477 0
1.162768867128579 -0.3732774411570556 0
1.133594753841261 -0.3874590377874318 0
1.358601866055145 -0.07238809495207865 0
1.339663270465008 -0.02805023361917641 0
1.315541515161636 -0.06930327691953921 0
0.9639222252811799 0.02248391997219654 0
0.9575514080304999 0.02376778740034478 0
0.9598200944074017 0.01623503619212409 0
1.096265563551872 0.2072808255098339 0
1.063102392953816 0.2081034633585905 0
1.077744972199478 0.1796814309700275 0
0.214761957884769 0.08739705616454999 0
0.2089929052933383 0.08755328633178613 0
0.2109787053056001 0.07981726988881011 0
-8.483249248103444 -1.654566235112213 0
-8.123038522967891 -1.993546800421714 0
-8.076063647161824 -1.525625031924891 0
0.7193220480700118 0.04398913807550413 0
0.722876096981125 0.04876566079003594 0
0.7181913216882101 0.04928544219862495 0
0.7822859227743009 0.06274787880682141 0
0.7871757027993874 0.07094144958422589 0
0.779725827198291 0.07274281433103033 0
0.2411236920809433 -0.1085287052041838 0
0.2493249811963422 -0.1084532499802708 0
0.2447324794420333 -0.09839892096809955 0
0.7283277683216339 0.05435978830251774 0
0.7328436047561688 0.06163298542948543 0
0.7262612070338581 0.06133516204012446 0
-8.836416015267083 -6.251413141718338 0
-8.463695639277731 -6.735818743853744 0
-8.398204087876554 -6.113007256580135 0
0.7090010061345239 -0.04536268849480642 0
0.7076823406715533 -0.05133112776909909 0
0.7124453820566932 -0.05083203193237439 0
-0.01928144125290539 -0.1181259228225596 0
-0.002885677006590541 -0.1108930236294325 0
-0.02229742266881266 -0.09912028221225863 0
0.6079764301172992 -0.06704643974076352 0
0.6051963888231549 -0.07420044246360671 0
0.6107244525300108 -0.07404072710549836 0
0.976818118826482 0.05952418446064912 0
0.9653662255743529 0.05817508023570327 0
0.9732086894176037 0.04965559058715653 0
2.849347532302448 -3.411701374085169 0
2.69231542311476 -3.066907753328725 0
2.546715235127383 -3.329610708562397 0
0.3264592662044427 0.07127977172246293 0
0.3267647772021579 0.07657893714708092 0
0.3217970880228291 0.07525911797492657 0
1.883224865199424 -2.686605091883027 0
1.865459980793454 -2.513265159166064 0
1.727337846373734 -2.598537063002602 0
0.2305769367444866 0.07325521341679313 0
0.2259958350915486 0.07301501560230311 0
0.2283318494300258 0.06791324020691751 0
0.5345203861036324 -0.06534776866561369 0
0.5394145698306612 -0.06517806719762478 0
0.5372712191277951 -0.05966594036505165 0
0.788385784047692 0.04866856240216003 0
0.7917249728349868 0.05462155948281726 0
0.7863966095881025 0.05499351697935974 0
1.884163822551175 0.04259451296013989 0
1.862549163535077 0.1214253429411417 0
1.783133855004331 0.06671040533775754 0
2.490486350713789 1.042915759812442 0
2.327315685004994 0.9857011801710022 0
2.470145183031346 0.8999967159041087 0
2.668018521980854 3.802653215991472 0
2.308546023670546 3.677958634068203 0
2.61565217173889 3.477118841389178 0
0.3229023648921689 0.1089489771021542 0
0.3270951780728811 0.1167363485749613 0
0.3179404991110733 0.1182113761273732 0
0.5051352873357589 -0.1050525416489746 0
0.5012260044714476 -0.1137194248338063 0
0.5090433837778681 -0.1133725817462307 0
0.6488986141644564 0.05123220778532096 0
0.6522801960744007 0.05679638022651953 0
0.6474732898149583 0.05728150365321793 0
0.6342495523598346 -0.115836177473087 0
0.6310365858499626 -0.1229994981787648 0
0.6390528554817185 -0.1221120223915598 0
0.9682412699920409 0.01015217537887671 0
0.9632876998519015 0.01081843648917502 0
8.434045429340564 -2.57057442437381 0
8.253868861294656 -2.149367481366471 0
8.059166731973987 -2.584950141788746 0
0.9256633766330173 -0.02016118412644412 0
0.9229364131393737 -0.0261622228897615 0
0.9278620124293869 -0.02579937647658554 0
-0.006993224235640739 -0.008498178227180454 0
-0.0142044904516198 -0.008367628489708304 0
-0.01189427470672286 -0.01331258379377328 0
0.1366874263999807 -0.06222650572890003 0
0.1330765934307258 -0.06826655872400686 0
0.1381979409402855 -0.06880867254523056 0
1.077218787007438 0.05322282900081973 0
1.090514492647289 0.04307619218084259 0
1.090417512823305 0.059329255719742 0
0.3744618395235731 2.070067565104705 0
0.4443193629253171 1.926867193563133 0
0.4979359327033053 2.081569271073449 0
0.456626071775878 0.1533801651655138 0
0.4663239883373849 0.1630947206235646 0
0.4536611899955561 0.1646608909038059 0
1.208714760222164 1.234407179717608 0
1.256748656181032 1.129027882546622 0
1.302531220013805 1.232234414885094 0
0.05447135469155104 0.04992209851077119 0
0.05669646920194714 0.0559818326175523 0
0.05028755026336323 0.05489648211526278 0
0.05617025908077314 -0.05059884324031073 0
0.05301918421833694 -0.05738924597749021 0
0.05941072051075838 -0.05759304157163095 0
-6.079454009398682 -10.41328816495692 0
-5.481888961392963 -10.20177007485247 0
-6.001811555360606 -9.837708478063963 0
0.0249825777859977 -0.0437608857696647 0
0.02600695266677558 -0.03742796159688562 0
0.02004006463028803 -0.04157223281066667 0
-4.841101417745071 -1.407831459348306 0
-4.564107538694796 -1.637857660919181 0
-4.533956901236643 -1.308530375020786 0
0.6805574915656472 0.06027498583340642 0
0.6845449990417775 0.06648463017503226 0
0.6792424220856587 0.06695905845851283 0
0.4351029990978361 0.1003383169518858 0
0.4289629056659233 0.1006330604194824 0
0.4320991255250444 0.09287048375284303 0
0.87100574268611 -0.0333329415086564 0
0.8676471944653139 -0.02819798743517859 0
0.8661275760148444 -0.03405637872952488 0
0.2482568594946787 0.1150547033070628 0
0.2567596114950617 0.1211199195750028 0
0.2462352074907078 0.1242520780014374 0
0.3180539190295592 -0.08685619748070164 0
0.3159292669188527 -0.08244858102005179 0
0.3132608890112238 -0.08700773464527752 0
0.04454111658413511 -0.04701233688979561 0
0.0365332053102763 -0.05085972192554215 0
0.04177081151449288 -0.05424243268191653 0
0.6235697954683687 0.2144247177842835 0
0.605110259280574 0.2154287005171164 0
0.6172252917168271 0.19531742505744 0
0.9121606869020797 0.05375776572567169 0
0.9152822763731056 0.06166151260838988 0
0.906191886359087 0.06052529734226678 0
0.9277339946123656 0.02070374453860463 0
0.9314964835016936 0.02587127140816627 0
0.9266116711680616 0.02657957147064841 0
0.3150153126435786 -0.103420157084345 0
0.3199140679242644 -0.09719499084643902 0
0.3104867858412446 -0.09764051734383333 0
0.4952405628988578 0.2118448285897955 0
0.4862430245935935 0.1974173662633504 0
0.501448494110704 0.1965889125611324 0
0.9072585041301444 -0.0222256432262023 0
0.9056707350897156 -0.02778216089128602 0
0.9104835802185249 -0.02700457204171252 0
1.010266332880412 -0.005632982462733934 0
1.005693496766635 -0.008181279688738149 0
1.009702928325408 -0.0101027032533649 0
-0.2988766835136826 -0.0302679879000934 0
-0.2707352369315938 -0.04135104032377732 0
-0.2770713914612121 -0.008531059569551497 0
0.8114286329018003 -0.07079413068784639 0
0.8081315121230359 -0.06276678246639811 0
0.8035867066956304 -0.07122235267665214 0
0.01697694258995727 -0.05675799038890876 0
0.02435054783551923 -0.06185032075601742 0
0.02638929499507212 -0.05299748735055441 0
1.134442127537612 0.04099184173467829 0
1.118202987563592 0.05715264783440554 0
1.119952358437176 0.03302181280003761 0
0.3311143205815502 0.1690329109590029 0
0.3283977639653024 0.1524507606775499 0
0.3447318583670274 0.1572912476886994 0
-8.834041569984699 19.11021449565165 0
-7.926308410664149 18.22780807800601 0
-6.978630476973576 19.11759358235436 0
-7.906336023478964 19.11390403900301 0
20.03712438295233 -12.01271965630363 0
19.07666038753787 -13.02478237375082 0
20.03953600458555 -14.01206271744747 0
20.03833019376894 -13.01239118687544 0
9.837143283420069 19.11076253694958 0
7.972942585787838 19.10977683092375 0
8.923722232804355 18.22053936787332 0
8.905042934603969 19.11026968393666 0
-7.027771727803296 -19.09294740653315 0
-8.001125357493992 -18.19968018651708 0
-8.859717266094247 -19.10673277998393 0
-7.943744496948789 -19.09984009325854 0
-19.05487101799878 -16.03737118312793 0
-18.10596514432983 -15.08383690885012 0
-19.05109412633105 -14.04646572571598 0
-19.05298257216491 -15.04191845442216 0
20.0451388406321 14.04628594810572 0
20.05364494166378 16.03771173140131 0
19.09878378229588 15.08399767951324 0
20.04939189114794 15.04199883975372 0
4.222819217591748 -19.12719194740862 0
6.084214180066333 -19.13345289486803 0
5.147942488633705 -18.26064484227665 0
5.153516698829065 -19.13032242113832 0
-19.04095343000083 -4.066452059310037 0
-19.06695101634544 -6.049077645172257 0
-18.10790444634627 -5.115529704500821 0
-19.05395222317313 -5.05776485224146 0
20.04398395585367 4.046474283989199 0
20.0647605505181 6.012476744459828 0
19.10874450637177 5.058951028467554 0
20.05437225318589 5.029475514224826 0
20.02196032352511 -7.964885258207756 0
20.04580044197932 -5.938945180858026 0
19.06776076550442 -6.903830439046242 0
20.03388038275221 -6.951915219532848 0
-19.07044257200088 1.9867811928677 0
-19.04855322281627 0.04407755282204592 0
-18.11899579481715 1.030858745663846 0
-19.05949789740857 1.015429372845175 0
20.07897793144617 -1.988686207026902 0
20.05204192306195 -0.04455574217660584 0
19.13101985450812 -1.033241949177609 0
20.06550992725406 -1.016620974602056 0
-1.360154659039457 -19.13722429565528 0
-2.255255346328959 -18.24834029502605 0
-3.190555232804633 -19.11111599937078 0
-2.275354945922045 -19.12417014751303 0
0.4832525831811112 -19.12656824840113 0
-0.4450838939780909 -18.26379254405641 0
-0.4384510379291719 -19.1318962720282 0
-13.47401234668622 -18.14222070576509 0
-14.40320878760879 -19.06229971236021 0
-12.54807628636139 -19.07992099340488 0
-13.47564253698508 -19.07111035288255 0
14.47306107429691 18.14566401725447 0
15.40317890630613 19.06352936672892 0
13.54715489527474 19.08213465052555 0
14.47516690079042 19.07283200862723 0
-15.32569477290873 -18.10399819057194 0
-16.26339507621374 -19.04169847821173 0
-15.33330193191107 -19.05199909528597 0
16.32551956376036 18.10579371202584 0
17.26324974836803 19.04226434529693 0
16.33321432733709 19.05289685601292 0
-14.39939675363426 19.05852653770675 0
-13.46558045371353 18.13834984208758 0
-12.54345642730063 19.07982330438083 0
-13.47142659046751 19.06917492104379 0
16.29916477575538 -18.04915779165827 0
15.38735153250371 -19.03378810523029 0
17.25272233412406 -19.01536968642798 0
16.32003693331355 -19.02457889582913 0
14.43521251739234 -18.09280981044446 0
13.52513371210999 -19.05902170521417 0
14.45624262230692 -19.04640490522223 0
0.8276713632418009 -0.0340271577899086 0
0.8319529827323084 -0.02788763901348532 0
0.822174925782523 -0.02939189266588756 0
0.8270640528461667 -0.02864063066981577 0
0.7390175651245607 0.04372450388622572 0
0.7328545810452114 0.03868162767072846 0
0.7431762357090159 0.03798495995226882 0
0.7380154895620316 0.03833408693972887 0
0.6432548067551018 -0.04673253343123271 0
0.6529025972261788 -0.04579214707352054 0
0.6480787824878491 -0.04626323781258596 0
0.945917109526645 -0.01922450252750366 0
0.9507708885320106 -0.01324734571331575 0
0.9406658917513298 -0.01463081528422009 0
0.9457185261526271 -0.01394008756495472 0
0.5233075742738016 -0.05594577176726229 0
0.528046370389442 -0.06014407463137629 0
0.5326245652944296 -0.05529338273356192 0
0.5279661536705652 -0.05562079339472572 0
0.4592046848743103 0.06582184153154885 0
0.453652428988968 0.06055569941124236 0
0.4635958644150617 0.06064983305196663 0
0.4586242265698648 0.06060426504732475 0
0.4075607518573589 0.06934246309271888 0
0.4025679559959223 0.06366267459564787 0
0.413109434646917 0.0633938815940934 0
0.4078387671532471 0.06353008761710835 0
0.403331436535949 -0.06353854066449552 0
0.4084556850822073 -0.06838948027132243 0
0.4132408873317386 -0.06256503270384929 0
0.4082862337656712 -0.06305359620641011 0
-9.810238911716565 -18.20330310052476 0
-10.70052164565267 -19.09657032054083 0
-9.780119455873461 -19.10165155026237 0
10.78069498227399 18.21058010646624 0
11.69355169888428 19.09981756951667 0
10.76534749115218 19.10529005323312 0
0.2975389878245482 0.06991087707636887 0
0.2930712166284046 0.06465903722981155 0
0.3026561703177706 0.06526278581738129 0
0.2978636889944603 0.06496371716204261 0
-11.63496156835691 -18.17649131394571 0
-11.62429896600704 -19.08824565697285 0
12.62707023050186 18.18195222004222 0
12.62035329707951 19.09097611002111 0
-19.04628148341252 14.04573524817114 0
-18.09880961817083 15.07843033611409 0
-19.05252813475832 16.03269508793902 0
-19.04940480908542 15.03921516805471 0
-19.04363970738323 10.07836799720613 0
-18.09048064063831 11.14217442154175 0
-19.04684093325508 12.06380642434231 0
-19.04524032031916 11.07108721077406 0
-12.55958841436829 -17.24331241777488 0
-13.48296097576912 -16.28494637533383 0
-14.39738490808704 -17.18385466332404 0
-13.47848666122767 -17.21358354054946 0
13.55725600011344 17.25280317333984 0
14.4797336635283 16.2971399297431 0
15.39553873771177 17.19000077365773 0
14.4763973689126 17.22140197349879 0
0.1180291592034875 0.06051616952676018 0
0.1131639679760018 0.05445600260221155 0
0.1235537877157161 0.0557428665834102 0
0.1183577021838945 0.05510784695688024 0
-16.26083111024833 19.03659246073712 0
-15.31931877301019 18.09511899844387 0
-15.33011393194095 19.04755949922193 0
-14.38280205444443 17.17728053082377 0
-13.45939983810056 16.28398919781348 0
-12.54217823736967 17.24505850907729 0
-13.46249014590705 17.21116951995053 0
19.04810523301773 -8.964297505841348 0
20.02614490949263 -9.99941224764671 0
20.02405261650887 -8.982148752927266 0
19.08832851972236 -15.02429073853063 0
20.04879251513682 -16.01222802107923 0
20.04416425986118 -15.01214536926298 0
-18.10788571256259 -13.09669502903984 0
-19.05679158623154 -12.05022930331517 0
-19.05394285628129 -13.04834751451554 0
19.07607218769917 13.08765899476927 0
20.03093334706707 12.04137304665486 0
20.03803609384959 13.04382949738026 0
-18.11138442895363 17.04939527683771 0
-19.05885629419532 18.016700188895 0
-19.05569221447682 17.02469763841723 0
-18.0931224166676 13.10954167251318 0
-19.0465612083338 13.05477083625663 0
8.928018135558853 3.356572836242065 0
7.925904640713247 2.922636923675006 0
8.587973281216295 2.597768638150221 0
8.42696138813605 3.139604879958536 0
9.979177602742286 1.803055723749859 0
10.39611370449165 2.517950604699093 0
9.718931354218173 2.957961561699611 0
9.301995252468814 2.243066680750377 0
9.84905447848023 2.380508642724735 0
0.8144644078743558 -0.0551326992473006 0
0.8184782729721551 -0.04681476383093706 0
0.8200859267161442 -0.05291995303971356 0
0.7028509569465506 0.3293966335925477 0
0.6721626118198096 0.2969404689884272 0
0.7004790397743003 0.2653351596678213 0
0.7016649983604255 0.2973658966301845 0
12.57764575329136 -18.14417423350805 0
11.66614840475252 -19.08515252829388 0
12.59564105843111 -19.07208711675402 0
6.334712021422313 -1.99353249117231 0
5.947394141518034 -1.585816742788673 0
5.519856360102665 -2.019517287822079 0
5.907174240006945 -2.427233036205715 0
5.927284190762489 -2.006524889497194 0
-18.89317961425154 6.011250046956045 0
-17.91113913963484 7.108818608314927 0
-19.0179595253833 8.097568561378422 0
-18.95556956981742 7.054409304167191 0
-14.37583156094686 15.30279419024789 0
-13.47159018150463 14.44301523754593 0
-12.55515845865834 15.42421024511151 0
-13.4654950098026 15.3635022176797 0
-8.308450749366132 -14.81222289324466 0
-9.065291392081704 -15.61715480906006 0
-8.169583395106507 -16.47219315625772 0
-7.412742752390935 -15.66726124044232 0
-8.239017072236321 -15.64220802475119 0
5.685712803744559 -11.68933645127251 0
5.099248800676652 -11.12443471940069 0
4.536886477872431 -11.76980849030585 0
5.123350480940339 -12.33471022217767 0
5.111299640808496 -11.72957247078918 0
17.18173229618741 -13.09986466379071 0
18.13141698048056 -14.05445442620161 0
18.12697570324472 -12.07019261133992 0
18.12919634186264 -13.06232351877076 0
-16.22338371840005 13.25955230642504 0
-17.1592187515157 14.1573618679179 0
-17.15728738355195 12.21173211102032 0
-17.15825306753383 13.18454698946911 0
6.605359651648797 0.08550860827446514 0
7.002465380680479 0.5611242078151175 0
6.607144410226069 0.9290491574435958 0
6.210038681194387 0.4534335579029434 0
6.606252030937434 0.5072788828590306 0
-11.61923912434204 18.17767017567351 0
-10.68941906061255 19.09784687129268 0
-11.61643774395645 19.08883508783676 0
16.25855739470017 -12.19427233679091 0
15.33112500979684 -13.23819472627511 0
16.25429991128407 -14.14378705327491 0
16.25642865299212 -13.16902969503291 0
0.6868350001728383 -0.1136649242260993 0
0.6960271974266911 -0.1016715424214714 0
0.6859875267939721 -0.0923220409985038 0
0.6767953295401192 -0.1043154228031317 0
0.6864112634834052 -0.1029934826123016 0
-2.003825909810693 11.03116855528315 0
-2.51021991154767 10.37293012535136 0
-1.904343864535593 9.856663450633258 0
-1.397949862798617 10.51490188056505 0
-1.954084887173143 10.4439160029582 0
11.19462331112132 0.8115154723971807 0
11.70336011695999 1.483536717994332 0
11.08163833335357 2.008449290799126 0
10.5729015275149 1.336428045201974 0
11.13813082223744 1.409982381598153 0
15.36195373976616 13.46628792080845 0
14.49166888848959 14.4635894525624 0
13.60028211772631 13.67165685122794 0
14.47056696900287 12.67435531947399 0
14.48111792874623 13.5689723860182 0
-5.845864713086424 0.5567981519191968 0
-5.538295533432199 0.1449811383651243 0
-5.072814436488397 0.4643505620826343 0
-5.380383616142622 0.8761675756367069 0
-5.459339574787411 0.5105743570009156 0
10.72142459027507 -18.19107655619756 0
11.6421814549924 -17.25258346353849 0
10.7049635711531 -16.370196840011 0
9.784206706435761 -17.30868993267007 0
10.71319408071408 -17.28063669810428 0
18.18840345626344 18.06272889887487 0
19.12969916244309 19.02046455357794 0
18.1964744554057 19.03136444943743 0
-17.188771348572 -18.06195572420066 0
-18.12992172690593 -19.02025724598893 0
-17.19665840155997 -19.03097786210033 0
-19.06173990872337 -18.02025724598769 0
-19.06496086345296 -19.01012862299349 0
20.06151734426053 18.0204645535767 0
20.06484958122154 19.010232276788 0
19.11516228592431 17.05817628498173 0
20.05758114296215 17.02908814248906 0
-18.11661092672215 -17.05762842911934 0
-19.05830546336108 -17.02881421455786 0
19.06326929244495 -11.01213190394364 0
20.03163464622248 -11.00606595197501 0
19.10492094103061 -17.01852001679787 0
20.05612842589379 -18.00629199571495 0
20.0524604705153 -17.00926000839731 0
-18.11712533276847 -11.0943928838691 0
-19.06033374653693 -10.04416358054278 0
-19.05856266638423 -11.04719644192853 0
19.05497224674574 11.05734874701413 0
20.02403889967868 10.01597570034811 0
20.02748612337287 11.02867437350105 0
8.248898762293704 15.61558088683502 0
9.220934748797109 14.77218326499973 0
10.01087258060033 15.62345007849918 0
9.038836594096928 16.46684770033447 0
9.129885671447017 15.6195154826671 0
-14.42132291491254 -13.37346721334005 0
-13.506485982012 -14.4142306591755 0
-12.6105879990583 -13.53721018450959 0
-13.52542493195884 -12.49644673867413 0
-13.51595545698542 -13.45533869892482 0
12.55846650736381 -16.2850830559814 0
13.49393080566277 -17.17667382595096 0
12.56805613032759 -17.21462864474472 0
-18.12815187043283 -9.088308279557333 0
-19.0678181238959 -8.044144699000949 0
-19.06407593521642 -9.044154139772516 0
19.06922626391594 9.015788350973086 0
20.04518736423726 7.999812650611361 0
20.03461313195797 9.007894175480391 0
19.15379301096907 -2.93933347537795 0
20.07481507952289 -3.950647268379127 0
20.07689650548453 -2.969666737702829 0
0.5978591243126572 0.1822473099101798 0
0.6105509592235108 0.1643024834760279 0
0.6138881254701689 0.179809954266734 0
0.9226126631517818 -1.165604334446253 0
1.043330839026816 -1.237431342845983 0
1.113305175431194 -1.105439544137381 0
0.9925869995561597 -1.033612535737651 0
1.017958919291488 -1.135521939291817 0
-18.10808660610792 2.927269558588193 0
-19.03764403410704 3.940488365748573 0
-19.05404330305396 2.96363477930795 0
0.4825869402741575 -0.05957022275618011 0
0.4877763287648967 -0.06500894792827366 0
0.4931735218812976 -0.05911850675927419 0
0.4878803164313846 -0.05934577596288421 0
-2.879160110636132 -6.064648698254118 0
-2.72272106190846 -6.631108131360294 0
-2.169968795028681 -6.46125062312391 0
-2.326407843756352 -5.894791190017733 0
-2.524564452832406 -6.262949660689014 0
0.7621011541508649 -0.03519254710418741 0
0.7523800736617707 -0.03604979396579527 0
0.7572406968581221 -0.03562196026176984 0
-0.8832823732673332 -7.736854679191532 0
-0.4951197694265772 -8.186833126651489 0
-0.04858797439915376 -7.806504591439209 0
-0.4367505782399097 -7.356526143979254 0
-0.4659351738332435 -7.771679635315372 0
-0.2440896244673459 8.5235167414678 0
0.2337332380440413 8.083498648505961 0
0.6699489682031445 8.607442391668584 0
0.1921261056917574 9.047460484630424 0
0.2129296718678993 8.565479566568191 0
0.5135015234888907 -0.05684780570987297 0
0.5184046381843023 -0.05639812320734477 0
-0.5604304682083725 0.6869507260666451 0
-0.6984255380591933 0.6925802593707123 0
-0.7054946467531188 0.5479213863168998 0
-0.567499576902298 0.5422918530128326 0
-0.6329625574807457 0.6174360561917724 0
9.805276185451557 -19.10592402790368 0
10.73571229510162 -19.09553827809878 0
5.194013348157599 -15.02397538706953 0
5.911609200483497 -14.26122615264998 0
5.171987336197489 -13.61651374152588 0
4.454391483871592 -14.37926297594543 0
5.183000342177545 -14.3202445642977 0
-0.2474713686303918 -0.2717238116177246 0
-0.2386089206803309 -0.3540161964694883 0
-0.1623009552907547 -0.3436804694172649 0
-0.1711634032408156 -0.2613880845655012 0
-0.2048861619605732 -0.3077021405174947 0
-6.071411346682019 18.22873693159542 0
-5.115508142367693 19.11114334924106 0
-6.047069309670899 19.11436846579771 0
-5.74878140341233 1.275418616515817 0
-5.358663618366796 1.628077949252854 0
-5.369523617254709 1.25212276244478 0
-3.240062506949708 19.10824795043049 0
-2.307014393374509 18.23000177296719 0
-1.362406431814303 19.1217538225367 0
-2.301234469381914 19.1150008864836 0
0.5030798818170006 19.13707918646852 0
1.43355164773915 18.27430175952302 0
2.362289947802404 19.13722257305451 0
1.432684914809701 19.13715087976151 0
-4.146692307159654 -18.09126732249589 0
-5.115227983502978 -18.98015132312511 0
-4.152891608153919 -19.04563366124794 0
-17.95475430955615 -3.071942598444508 0
-18.91380087955532 -2.005490539113485 0
-18.97737715477808 -3.035971299211571 0
4.224253107657513 19.12375824410717 0
5.166103734471811 18.23053914435112 0
6.100941535962255 19.10678090024395 0
5.162597321809997 19.11526957217556 0
8.862319833565611 -18.22863315915369 0
7.943407284408181 -19.12270913125002 0
8.874341734929695 -19.11431657957685 0
3.276288777346715 -18.24306176980544 0
2.348924105144468 -19.11586982239682 0
3.285871661368017 -19.12153088490272 0
0.7226994209489455 -0.03973977513093997 0
0.7284547709527849 -0.04451497049645778 0
0.7328235402938572 -0.03872858510001607 0
0.7277615684229681 -0.03923504934395829 0
0.4837712083308291 0.05879421623063107 0
0.4934458423196662 0.05807606603269608 0
0.4886086106789047 0.05843655233682063 0
0.5185469778737314 0.06262477807653066 0
0.513192832439834 0.0575079568755706 0
0.5232665696766109 0.05688961393952341 0
0.5182297903611787 0.05720011987632416 0
-1.057391393587417 -1.015919474435923 0
-0.8844831594140367 -1.056377986524743 0
-0.8323863625115211 -0.8713110372150727 0
-1.005294596684901 -0.8308525251262535 0
-0.9448888780494689 -0.9436152558254981 0
-2.120787997072386 6.635432945580211 0
-1.847092595530631 7.226589438933807 0
-2.402206248876864 7.51336107154926 0
-2.67590165041862 6.922204578195664 0
-2.261497122974625 7.074397008564736 0
0.7073785413501974 -0.1130736594834536 0
0.7170220089330582 -0.10190426363583 0
0.7056706650095519 -0.09050214657384772 0
0.7065246031798746 -0.1017879030286507 0
-18.06159923276653 9.175936558571433 0
-19.03079961638327 9.087968279292307 0
18.96225348977571 3.042971374312275 0
19.91826953392204 1.99649709030209 0
19.98112674488786 3.021485687145455 0
-1.845290168564815 5.846824337438997 0
-2.041743011029729 5.359126298147928 0
-1.560490130445618 5.144534445383722 0
-1.364037287980703 5.632232484674791 0
-1.702890149505216 5.495679391411359 0
0.2076012014576076 -0.07449896980776283 0
0.2009531327475509 -0.06805217308043288 0
0.1941421222188469 -0.07445967385556757 0
0.2008716618382272 -0.0744793218316652 0
-0.1713604073235159 7.585045915414321 0
0.2875012062377248 7.176540231001741 0
0.692594851605282 7.674992964093381 0
0.2606172221408831 7.63001943975385 0
0.911445139677116 -0.01728478977545597 0
0.9016729349662265 -0.01868407304884676 0
0.9065591562831112 -0.01798536391773529 0
1.169906317827457 -4.338549303955824 0
1.506483062165943 -4.565415534830919 0
1.71285513817544 -4.245428389170689 0
1.376278393836955 -4.018562158295594 0
1.441380728001449 -4.291988846563257 0
0.3126939170922482 0.06530667597770765 0
0.3071653809768956 0.07057323654229217 0
0.3076750539073266 0.06528747922682675 0
-0.7008334681768371 -1.756498639629587 0
-0.6712704799048645 -2.003526679739467 0
-0.4239050418220609 -1.956232028962525 0
-0.4534680300940335 -1.709203988852645 0
-0.562369254999449 -1.856365334296056 0
1.409432687806401 3.577446423562979 0
1.127321781632616 3.355839956087399 0
1.356304766662318 3.061292691413322 0
1.638415672836103 3.282899158888902 0
1.38286872723436 3.319369557488151 0
-11.66909877380276 -16.36623460420907 0
-10.74447192779137 -17.2994135003799 0
-11.65203017107983 -17.27136295907739 0
-14.38593687925158 13.4355315163152 0
-13.49936307330879 12.60714485689682 0
-12.58501637556184 13.61462857812754 0
-13.48547662740671 13.52508004722137 0
4.541483867801539 -10.56385182869195 0
5.675911972877765 -10.50190643681023 0
5.118147040002652 -9.941323546101483 0
5.108697920339652 -10.53287913275109 0
0.5425044026790472 -0.05477011360408603 0
0.5375645720080648 -0.0550329990780344 0
0.5533838987132695 0.05470475628522287 0
0.5489024202494307 0.06041668340114459 0
0.5433468726453754 0.05539254176728206 0
0.5483654716547921 0.055049828561463 0
0.9125211224163396 -0.8639700996123799 0
0.8644907045828749 -0.977750464096713 0
0.9525540609862496 -0.9487913176750153 0
-9.773460630668248 18.20806136694434 0
-9.761730315298209 19.10403068347217 0
2.625528710691764 6.0331623255575 0
2.183846953984568 5.792271595674436 0
2.410578774530644 5.342557378243859 0
2.85226053123784 5.583448108126922 0
2.518053742611204 5.687859851900679 0
0.7129561423064895 -0.04015527092189741 0
0.7032188979686885 -0.04114330637536662 0
0.7080876060455917 -0.04065016264365237 0
-9.574915605318706 5.973653543148783 0
-10.19693711245212 5.407557999704318 0
-9.624814186772063 4.746577749186981 0
-9.599864896045384 5.360115646167882 0
0.8419110829738302 0.02640155386659787 0
0.8322102875919666 0.02739648322856589 0
0.8370607740120362 0.0268997922436815 0
0.5930117596882738 -0.05102917403338256 0
0.5832612551326926 -0.05190900178109464 0
0.5881365976686751 -0.05147020204826248 0
-6.671578273363744 6.831533845799934 0
-7.385050380978047 6.594668544203017 0
-7.206436510875385 5.997045916336996 0
-6.492964403261082 6.233911217933912 0
-6.939007392119564 6.414289881068465 0
12.6585352746611 16.3816463871307 0
11.72834950504952 17.31079543383307 0
12.64280275258148 17.28179930358646 0
0.5890809272284203 0.05774140347745126 0
0.5832937279455747 0.05261694239138213 0
0.5934842849242029 0.05175407316678135 0
0.5883890966930807 0.05218662192010563 0
-0.07949731660685702 3.871175931167922 0
-0.4377254526743797 4.093625989968181 0
-0.6778606954732842 3.740197010453816 0
-0.3196325594057615 3.517746951653557 0
-0.3786790060400707 3.805686470810869 0
19.12431024406827 -19.00629199571618 0
20.06215512203477 -19.00314599785715 0
-18.1270381123698 19.01670018889623 0
-19.06351905618554 19.00835009444717 0
-7.496762894444705 -12.39847709269323 0
-8.251446730969189 -11.55176234340939 0
-9.100717312501867 -12.32982809485235 0
-8.346033475977382 -13.17654284413619 0
-8.298740103473286 -12.36415259377279 0
0.6580923700808821 -0.05070446120772186 0
0.6626050842052817 -0.04556349581217556 0
0.6577539295092474 -0.04567877937218796 0
0.6935825436473013 -0.0427522400424295 0
0.6832450168971977 -0.04397981896716596 0
0.6895530286051768 -0.04886807925045834 0
0.6884138641746675 -0.04336690803077047 0
11.64169152186838 -15.3969263909626 0
10.73014949197055 -14.51931516392634 0
9.793421541255263 -15.49258561297474 0
10.71755653156182 -15.44475600196867 0
0.5523412423641449 -0.0547968640369904 0
0.5574133698443939 -0.0601217306191809 0
0.5628697087270116 -0.05426969377486156 0
0.5576055583321127 -0.05453437153532405 0
0.3429294888333007 0.06523018883986194 0
0.3323007211635307 0.06618846379463794 0
0.3376151429605245 0.06571169702356444 0
14.78727819723582 4.270455296537685 0
14.07007180363529 3.391206178744354 0
14.958099955499 2.61568203801525 0
15.67530634909953 3.494931155808581 0
14.87268907636741 3.443068667276468 0
-0.1280512286526241 2.193906423203444 0
-0.2686964588799743 1.997885022470189 0
-0.08392176243104446 1.867905955004916 0
0.05672346779630566 2.063927355738171 0
-0.1059864955418343 2.03090618910418 0
0.2139432866687608 0.06334874401995784 0
0.2094913263128734 0.06864570771144381 0
0.2038060275395503 0.0631150702395212 0
0.2088744300369382 0.06323629719217769 0
0.5278395224801229 0.1465371306850266 0
0.5128309320784753 0.1384446673892858 0
0.5197336540670408 0.1248668410814484 0
0.5237865882735819 0.1357019858832375 0
0.5633637887240934 0.05396616861819017 0
0.5589501061906003 0.05972609771074197 0
0.5583739265052159 0.05433655508110458 0
0.3829503549693268 0.06352394738992632 0
0.3927308141351413 0.06331259112242554 0
0.3878406497633038 0.06342019395436735 0
0.6934500161524475 0.04285030935847989 0
0.6893304254553814 0.04875247043214151 0
0.6831549412422564 0.04376614083279873 0
0.68830256259977 0.04330910362161205 0
0.6530716460596413 0.04592598802280284 0
0.6628246750253393 0.04558670345524338 0
0.658481009734402 0.05086150980007197 0
0.6579482493360072 0.04575730366836302 0
0.3527562413421508 0.06526138725319351 0
0.3629983490309829 0.06485179318463186 0
0.3575938486636758 0.07081071969182193 0
0.3578773470683727 0.06505880310589429 0
0.3114682965912379 -0.0770468083779047 0
0.3214119791117961 -0.07680693649344589 0
0.3169510087841813 -0.0714051638512988 0
0.316440137851517 -0.07692687243567529 0
8.686658266686276 -11.3345371141506 0
9.293323238916196 -10.58579535594502 0
8.59744519952298 -9.989487453788023 0
7.99078022729306 -10.7382292119936 0
8.642051733104628 -10.66201228396931 0
0.872235444030984 0.0236469506069327 0
0.868039950918162 0.0298620640040728 0
0.861975526330732 0.02482112036534229 0
0.8671055861083878 0.02423487845162978 0
1.608670262424717 6.805028587659349 0
1.209554606891289 7.254677225377 0
0.701820143067127 6.791798848317986 0
1.100935798600555 6.342150210600336 0
1.155245202745922 6.798413717988668 0
11.21848901250616 5.315127140306831 0
10.56492050820895 5.913289037994523 0
9.958041883460814 5.173117757101262 0
10.61161038775803 4.574955859413571 0
10.58826544798349 5.244122448704047 0
-9.679707452016867 -4.389906221552918 0
-10.17116006537193 -5.110164304669962 0
-9.427025442866702 -5.684319636532424 0
-8.935572829511639 -4.964061553415378 0
-9.553366447441785 -5.037112929042671 0
-8.87202536624882 17.33246643229074 0
-7.975013693337137 16.45617398614055 0
-7.029296737752466 17.35151563185582 0
-7.950661052000642 17.34199103207328 0
0.2473457573388785 0.07045530000086912 0
0.2426510669536929 0.06457460250986048 0
0.2529070977631692 0.06523989477095796 0
0.2477789888865488 0.06491080714801725 0
-11.67083092497744 14.58011471408208 0
-10.74876795248859 15.52409578225393 0
-11.63309548616949 16.36819131328336 0
-11.65196320557346 15.47415301368272 0
0.7241010389620693 -0.3364746890021967 0
0.7551544716054353 -0.3001176262452398 0
0.7211074606126864 -0.272382838310229 0
0.6900540279693204 -0.3087399010671859 0
0.7226042497873777 -0.3044287636562129 0
18.0927536655059 -10.05460438313562 0
17.15646007630567 -11.1126650905319 0
18.10986468437531 -11.06239849723777 0
9.835437135372064 -13.64122219214006 0
11.65371111237213 -13.47277053376202 0
10.74457412387209 -13.55699636295104 0
-1.9937321872222 2.020052837033862 0
-2.274758114660691 1.998358357739139 0
-2.250545950078778 1.718682846588061 0
-2.122139068650489 1.869367841810961 0
0.3530690368699076 -0.0654407241657369 0
0.3581394406538172 -0.07158851896630014 0
0.3632311454933674 -0.06545025554656669 0
0.3581501430634435 -0.06544770274313341 0
0.8226981712571175 0.02899542745300554 0
0.8187260285579221 0.03489195954847069 0
0.8125519798246763 0.03027760057797266 0
0.8176251635984131 0.02963729342920946 0
0.1581509205300819 -0.07804363178409722 0
0.1571386613761213 -0.06471971385570746 0
0.1510709917426429 -0.07139698196098591 0
0.1576447909531016 -0.07138167281990233 0
0.7825082493902249 -0.03377348560176739 0
0.7719836217447241 -0.03484551667414999 0
0.7777119884171033 -0.03985344246655002 0
0.7772460203911815 -0.03431028887193564 0
0.4798230784618888 0.06455109220173313 0
0.4740571749480868 0.06002814344132369 0
0.4789142750887686 0.05941261501275957 0
0.7629647923128686 0.03516982414810546 0
0.759514138919366 0.04115288388834413 0
0.7534486566826313 0.03686300175724287 0
0.7582068074495543 0.03601720267945267 0
0.04516956936587563 0.04516526216788923 0
0.04385948084712454 0.03780647442986002 0
0.05153631833000769 0.04292446465308584 0
0.0476910300945614 0.04038817047112442 0
0.04237288454769174 -0.03887439933292225 0
0.05239446184769997 -0.04370361447193 0
0.04737680370369114 -0.04131170783207761 0
0.7820718989048823 0.03347165621074029 0
0.7778007268579201 0.03868964096067805 0
0.7725087106708837 0.03398354455930512 0
0.7772903896115899 0.03372838811899965 0
6.025703462081742 -15.77170850368057 0
4.332326753698297 -15.83155848795933 0
5.164016867622438 -16.57929160457037 0
5.179015107890019 -15.80163349581995 0
-17.18332376809469 18.05329264963335 0
-17.19393461130819 19.02664632481667 0
18.17248712366889 -18.02166168214416 0
18.18851628909529 -19.01083084107208 0
0.7921862918815119 0.03250893983714027 0
0.7875401081056663 0.03829168359486192 0
0.7871291878716673 0.03299114763884513 0
0.2436607463806911 -0.06428825962961972 0
0.2536937679027489 -0.06428594105100202 0
0.2486771636698378 -0.0642906588479189 0
0.2789762962385726 0.07024022117370546 0
0.2737330629460558 0.06543646675638901 0
0.2834393587400564 0.06470561045929404 0
0.2785861790332197 0.06507414396046045 0
0.5489973815277384 0.08482305769627625 0
0.5500843024784143 0.0714164061178266 0
0.5559581667603215 0.07820755348538401 0
0.5495408420030763 0.07811973190705142 0
-8.958160052340869 -17.34065324463555 0
-9.892393068415675 -16.43676364449069 0
-9.851315990066119 -17.32003337250772 0
0.7880730711011916 -0.03817049815601969 0
0.7922829043916945 -0.03208592500727094 0
0.7873956693694298 -0.03293055491942402 0
0.4010594722757032 0.1038484515171571 0
0.4071585898379387 0.09593213562954517 0
0.4149494427300008 0.102263255885081 0
0.408004457502852 0.103055853701119 0
0.6027076444476112 -0.05079277033561085 0
0.6080044670743605 -0.05594586584439015 0
0.6129201180659248 -0.05015369194460251 0
0.6078139646927354 -0.05047423296989817 0
0.3933819955569953 -0.06345941386755255 0
0.3835162591292885 -0.06392429536424094 0
0.3884491925542117 -0.06369377931408815 0
0.107814618313441 0.05886790766683435 0
0.1034495603346265 0.05264053704345124 0
0.1083053197245593 0.05355761076583988 0
-0.0553032587775843 -13.0174841285162 0
-0.5758625184769323 -12.31097628718064 0
-0.8271912631981323 -13.53585181618793 0
-0.7015268908375324 -12.92341405168429 0
0.4340847537160075 0.06218739465345719 0
0.4296300816036237 0.06823359582080875 0
0.4236365281543832 0.06290991346967764 0
0.4288607189231171 0.06255037051946243 0
17.32241627443611 5.138851814821178 0
16.47439673922665 6.033592163977442 0
15.63839674331651 5.165132469125063 0
16.48641627852597 4.2703921199688 0
16.48040650887631 5.151992141973121 0
0.1527576587238703 0.05855565711475001 0
0.1627540967095799 0.05976486646745376 0
0.1577553139678761 0.059166317048435 0
0.8118515499056274 -0.03044754742813276 0
0.8175023531642784 -0.03545837161151282 0
0.8170133259015913 -0.02992049946073052 0
3.294521553850339 1.414362532584774 0
3.494380146745636 1.189236426348782 0
3.748200504541116 1.395945871033317 0
3.521361029195727 1.405154201809045 0
0.852111861753317 -0.02597526509857604 0
0.8578557732578972 -0.03024850788213103 0
0.8619886602906333 -0.02406082778344962 0
0.8570503557094585 -0.02501884604333754 0
-0.4809243561761137 1.592335318652221 0
-0.6807762161505376 1.66550674410008 0
-0.7545510050891657 1.463305350996162 0
-0.5546991451147417 1.390133925548303 0
-0.6177376806326398 1.527820334824191 0
0.6336155127818082 -0.04833676156458094 0
0.6393678010062167 -0.05263251723982007 0
0.6384352466606671 -0.04753563312015992 0
-4.468458300272451 -0.9011166433008712 0
-4.637772652159719 -0.6006696339509539 0
0.6710222027572375 9.594230248456761 0
0.1738534003101808 10.07843295588369 0
-0.3050426967552993 9.531663192057351 0
0.1829897530009691 9.562946720257056 0
17.24743133805253 17.12227826400392 0
16.31745051200394 16.20648532563581 0
16.32148503788215 17.15613951883083 0
-16.25038106881039 -17.11915831001055 0
-15.32207120398871 -16.19901478276265 0
-15.32388298844872 -17.15150648666729 0
17.19333532263831 -15.07316624805344 0
18.15024686188011 -16.04300256038246 0
18.14083192118034 -15.04872849329203 0
0.4438181054187462 0.06105378394431321 0
0.4487353503289107 0.06080637902872234 0
1.987971436264166 5.086970051986874 0
2.234108113395462 4.66846656149901 0
2.65671545166194 4.924053887755992 0
2.322343443963053 5.005511969871433 0
0.1943593590433562 0.1314770883378195 0
0.2038761796033589 0.1180352397089586 0
0.2069273285115985 0.130365478427001 0
0.6031804957877946 0.0503636490219235 0
0.6130136752623148 0.04955932759486315 0
0.6080971689610219 0.04996249013818481 0
17.37974977881477 -1.121241589132445 0
16.56230328736657 -0.3222796655262635 0
15.75012219197504 -1.21616370594093 0
16.56756868342324 -2.015125629547112 0
16.56493598539491 -1.168702647536688 0
0.7288374633194821 0.043690775202762 0
0.7230510725642884 0.03896253726653182 0
0.7279529146063167 0.03882295169711039 0
4.200456083955862 12.79776654922398 0
4.888198828835098 12.20737275021713 0
4.778878588121708 13.53251283653378 0
4.833538708478403 12.86994279337545 0
6.426659865413432 -13.38015295880218 0
6.905148645782893 -12.68052587544419 0
6.249708281576799 -12.22047394779913 0
5.771219501207341 -12.92010103115712 0
6.338184073495117 -12.80031345330065 0
0.5036687000083202 -0.05822799888813591 0
0.5092325288350019 -0.06264599968489148 0
0.5085851928133192 -0.05753916353757557 0
-18.13476914024134 -7.093222344189272 0
-19.06738457012067 -7.04661117208701 0
-0.009333512204249985 0.007894666793837542 0
-0.0110005897054619 1.371013714904657e-05 0
-0.004651719990268839 -0.001776611461557741 0
-0.006992616097259412 0.003059027666139901 0
19.10994791475536 7.012289395087256 0
20.05497395737768 7.006144697536002 0
0.7428637088146552 -0.03755444829330201 0
0.7482868190557714 -0.04168664740433457 0
0.747621980342518 -0.03680298742031533 0
15.39093696778712 15.31854690714845 0
13.58046558423078 15.44218247515705 0
14.48570127600895 15.38036469115275 0
0.7386739974788457 -0.04334094965654653 0
0.7378437057391741 -0.03814230982488927 0
0.3375292193495455 -0.07184484329297755 0
0.3429622385791852 -0.06573586414948347 0
0.3327389993028491 -0.06580626188785049 0
0.3378506569031259 -0.06577343372498148 0
-10.71015637314187 17.30080297987959 0
-9.808721108722438 16.425208045226 0
-9.791090869695342 17.31663470608517 0
19.12061552150221 -4.889592449211263 0
20.0603077607511 -4.944796224618584 0
0.4988806216685077 -0.06428074999373429 0
0.4984211975112868 -0.0586746339066321 0
0.09332436016042638 -0.08548479400644046 0
0.1024439934475472 -0.07923492664433993 0
0.09721772838273565 -0.06966593011236061 0
0.09527104427158102 -0.07757536205940053 0
0.5277589729631569 0.113809190283034 0
0.535291133176196 0.1038030585523591 0
0.5451795480087041 0.1114857162106968 0
0.5364692604859305 0.1126474532468655 0
1.670234361236307 0.1304585501508208 0
1.613859964004242 0.0340686773202709 0
1.726759457772266 -0.02967946749279231 0
1.698496909504287 0.05038954132901422 0
-14.40468956369547 -15.29258115174641 0
-12.58475739408565 -15.40659588276293 0
-13.49472347889056 -15.34958851725467 0
-16.36778687292273 1.106328960556414 0
-15.55376796936695 0.3159853082706727 0
-14.76586257377147 1.181692391221248 0
-15.57988147732725 1.97203604350699 0
-15.5668247233471 1.144010675888831 0
-16.22839679157143 15.18441083769967 0
-17.16798765822656 16.10547930589586 0
-17.16360320487113 15.13142058690688 0
-17.93082364835858 4.951738412678727 0
-18.96541182417929 4.975869206352317 0
-0.02674052414016921 -11.83334102691788 0
-0.5574136222870593 -11.2261728908704 0
-1.106535616623822 -11.70380815113316 0
-0.5666380703819958 -11.76857458902552 0
-4.677345228923598 -6.395270806901665 0
-4.078818887434284 -6.3207013582025 0
-4.169946970538533 -5.691752812551789 0
-4.768473312027846 -5.766322261250954 0
-4.423646099731066 -6.043511809726727 0
-0.3734438934062776 -6.619617545303242 0
-0.7712854231995536 -6.964926836045843 0
-0.03890904844663381 -7.011216853236654 0
-0.4050972358230937 -6.988071844641249 0
-16.23992699736763 17.10937667869149 0
-15.30341027880186 16.1915382110714 0
-15.31136452590603 17.14332860475763 0
-7.941199726277464 -9.365730713105281 0
-8.623410916931885 -8.608991520649061 0
-9.242416797428884 -9.281126161071022 0
-8.560205606774463 -10.03786535352724 0
-8.591808261853174 -9.323428437088152 0
0.4817556855734715 -0.07155045442269534 0
0.4878287176641789 -0.07770611982019143 0
0.4938493608556042 -0.07116461332576976 0
0.4878025232145379 -0.07135753387423255 0
-4.376510533321055 -10.30138142647334 0
-3.861714720111647 -10.9621769394638 0
-3.235680601459509 -10.4260126058172 0
-3.750476414668918 -9.765217092826729 0
-3.806095567390282 -10.36369701614527 0
5.751759357414247 -9.330297998674531 0
6.26662357792828 -9.93152537793083 0
6.905263463742079 -9.359572097915773 0
6.390399243228047 -8.758344718659474 0
6.328511410578162 -9.344935048295152 0
9.901178487853109 17.34717071562173 0
10.84883301062864 16.44738604298855 0
10.81476399645132 17.3289830747274 0
0.503093714260092 0.0580036487970196 0
0.5083488520377171 0.06308180075947281 0
0.5081433544146767 0.05775706407486624 0
-1.212513774988921 -7.225185225124946 0
-1.706700606699685 -7.556539455697532 0
-1.377469204978097 -8.068208909764119 0
-1.294991489983509 -7.646697067444531 0
0.9316348578837195 0.01529351823788945 0
0.9217925159256455 0.01663794744100825 0
0.9267138002855598 0.01596661652002792 0
0.3272025864744061 -0.07157600810622913 0
0.322640266161662 -0.06560743269391146 0
0.3276896636032584 -0.06570940529140179 0
0.4985779563586481 0.06301395917603989 0
0.498269864856357 0.05804123849778489 0
9.611349730478782 -7.010094531808108 0
9.107970177259773 -6.387395313928516 0
8.377125875216086 -6.996610673995084 0
8.880505428435097 -7.619309891874677 0
8.994237802847437 -7.003352602901596 0
0.0398183068291309 2.416288498493613 0
-0.1769095630292457 2.571990430912071 0
-0.3447790985110007 2.349608355621902 0
-0.1524803958409349 2.382948427057758 0
-7.212548700259628 -17.33122009813926 0
-8.085354376300248 -17.3359366713874 0
8.061380339048172 17.34021635258607 0
8.98127941345064 17.3436935341039 0
0.8950154991723777 -1.501298014277437 0
0.9804351211321389 -1.379014804720277 0
0.8554957023074297 -1.280144088287754 0
0.8752556007399037 -1.390721051282595 0
-7.197214785352704 -3.148069460370282 0
-6.503430893287758 -3.424429875787746 0
-6.232842007924134 -2.75582937642194 0
-6.92662589998908 -2.479468961004476 0
-6.71502839663842 -2.951949418396111 0
0.2278926573773826 -0.08360461682126531 0
0.2344535869836528 -0.07710704244576214 0
0.2276690018399606 -0.07028062308693467 0
0.2211080722336904 -0.07677819746243783 0
0.2277808296086716 -0.07694261995409998 0
0.6098658792390226 0.07463899839523824 0
0.6035925931325213 0.08214287078288113 0
0.5965214358649679 0.0754675721743514 0
0.6027947219714691 0.06796369978670852 0
0.6031936575519952 0.07505328528479482 0
-10.81207506224552 13.77243604006539 0
-10.00576511354028 12.97169632345263 0
-9.080854606884728 13.8710264382176 0
-9.88716455558996 14.67176615483037 0
-9.946464834565123 13.8217312391415 0
0.1325609824777248 -0.05665669136750872 0
0.1426480401912383 -0.05776732401696277 0
0.1376037016323211 -0.05721907640112366 0
-4.944789628134385 6.13368993660761 0
-5.027807324847245 5.452372173033567 0
-4.367398141135336 5.362921116600157 0
-4.284380444422475 6.044238880174202 0
-4.656093884634861 5.748305526603883 0
1.692276010086738 -11.2911004987314 0
2.262820100003795 -10.71671603765742 0
1.694600765915319 -10.16966430989356 0
1.124056675998263 -10.74404877096753 0
1.693438388001029 -10.73038240431248 0
0.8419969975293674 -0.02682388937573243 0
0.8369750788599757 -0.0273565378907085 0
-9.207990952972654 -3.741282678980514 0
-8.558783241961553 -4.145796610118958 0
-8.159871825374653 -3.486852701791062 0
-8.809079536385754 -3.082338770652618 0
-8.683931389173653 -3.614067690385788 0
0.2330688693513512 0.0635300997972551 0
0.2234932647344188 0.06309853693032889 0
0.2282809162182835 0.06331825395415465 0
-4.196479740293023 18.21939129967155 0
-4.177785324658724 19.10969564983578 0
8.582770698605314 0.9448210608223748 0
8.105200847386493 1.279043309970389 0
7.765106235376777 0.7254610600223765 0
8.242676086595598 0.3912388108743627 0
8.173938466991046 0.8351410604223756 0
-3.33037832828345 4.626551650944448 0
-3.849630826145948 4.686546884502091 0
-3.901684975694127 4.148687895161553 0
-3.382432477831629 4.088692661603909 0
-3.616031651988788 4.387619773053 0
0.7238600257643421 -0.08873929033810021 0
0.7300564078969972 -0.07871987209208239 0
0.7207667115048209 -0.07178358590332397 0
0.7145703293721657 -0.0818030041493418 0
0.7223133686345814 -0.0802614381207121 0
1.059948816311392 -1.912031162826076 0
1.226352903958448 -2.063524347297519 0
1.356025365329399 -1.905844875451571 0
1.189621277682344 -1.754351690980128 0
1.207987090820396 -1.908938019138823 0
-0.4275083682426792 18.25883300900522 0
-0.4296632749982384 19.12941650450261 0
-17.17565571316062 17.0793859777646 0
3.291088509944786 18.26098081716168 0
3.293271527729959 19.13049040858084 0
0.7185337838259525 -0.04494371252690658 0
0.717827861335223 -0.03994831835075971 0
-0.3146105649943384 0.648600074312278 0
-0.4273114789036722 0.6642461557260817 0
-0.4504859775354304 0.5427065992827328 0
-0.3377850636260966 0.5270605178689289 0
-0.3825482712648844 0.5956533367975054 0
-6.120272438529526 -18.07309872965826 0
-6.071499855653149 -19.03654936482913 0
-17.96235410237159 -0.9614129863148804 0
-18.9811770511858 -0.9807064931452011 0
7.051156848973345 18.2165577311677 0
7.036942060875059 19.10827886558385 0
7.004894191815264 -18.25616202611805 0
7.013810732237522 -19.12808101305902 0
1.400358506570956 -18.24243807079795 0
1.416088344162377 -19.12121903539898 0
0.1679311426317422 11.17027035992565 0
0.7120500030077266 11.74347245457791 0
0.1906446911117635 12.29478950262661 0
-0.3534741692642208 11.72158740797435 0
0.1792879168717529 11.73252993127613 0
0.6924496634860069 1.956564615496065 0
0.5712540014111391 1.814823616630698 0
0.6974290230246536 1.693990462172659 0
0.8186246850995214 1.835731461038026 0
0.6949393432553304 1.825277538834362 0
0.6964182025643064 -0.05401219972118375 0
0.6851023561803965 -0.0556316706556428 0
0.6919675301395263 -0.0607757911263682 0
0.6907602793723515 -0.05482193518841327 0
-10.80149025723134 -15.51767073500662 0
-11.71714887751424 -14.55803201356047 0
-11.6931238256585 -15.46213330888477 0
0.193584927378377 0.06267348723847788 0
0.1885200345797046 0.06817185652304303 0
0.1832355695523994 0.06213655485570005 0
0.1884099183547226 0.06240996548773321 0
1.089742879331223 -2.543668496906768 0
0.9304265230205542 -2.376303892588299 0
0.77820773436424 -2.531426024885232 0
0.9339753068477316 -2.537547260896 0
4.497055123459893 -2.803092349352991 0
4.497809580319252 -2.200237875159709 0
4.209302868042929 -2.514626362251296 0
4.497432351889572 -2.50166511225635 0
-17.17822064696054 -16.11483101492923 0
-17.18349599776627 -17.08839336956495 0
18.17419016771339 16.1177256501108 0
18.18129681198842 17.09022727449283 0
0.6763002449432641 1.225110776218455 0
0.5709819398048261 1.132574663692386 0
0.6546954124575702 1.036626316229259 0
0.7600137175960082 1.129162428755329 0
0.6654978287004172 1.130868546223857 0
0.916404563300979 -0.02098604245812444 0
0.9207368134577807 -0.0161939404102749 0
0.9160910834263971 -0.01674019144607905 0
-2.35551583631003 6.099122893601901 0
-1.610562329327172 6.383134389417307 0
-1.983039082818601 6.241128641509604 0
-2.169672418908665 -4.247056417753868 0
-1.757694736186364 -4.197207752545744 0
-1.805167103666218 -3.759225541171705 0
-2.21714478638852 -3.80907420637983 0
-1.987419761287442 -4.003140979462787 0
-11.72626051282992 12.80694990411086 0
-11.69854571890368 13.69353230909647 0
2.114128357192156 -1.794960514167604 0
1.963949481699014 -2.163173458999154 0
2.231713677042139 -2.076870144315924 0
2.039038919445585 -1.979066986583379 0
0.9306199423722361 -0.01519496485646229 0
0.9256784912958858 -0.01569533631394766 0
0.6958094201620577 0.054191805761657 0
0.6914144708044827 0.05993615900193891 0
0.6849354760978064 0.05449682367242341 0
0.690372448129932 0.05434431471704021 0
-2.09444187915615 8.165359469431728 0
-2.71170187505711 8.478891928482211 0
-3.019466244777824 7.826893530599742 0
-2.556954061966987 7.996126500015736 0
-2.96272023277408 3.555913860728385 0
-2.917170677259535 4.033406231362896 0
-3.427982033346175 3.611200290969399 0
-3.172576355302855 3.822303261166148 0
-11.68327595724868 4.22281916622631 0
-12.30689723898435 5.038702961192461 0
-13.10504727472208 4.344953495753648 0
-12.48142599298641 3.529069700787496 0
-12.39416161598538 4.283886330989978 0
-1.092860353181236 -10.65268252883917 0
-0.003004349454933553 -10.72455501712765 0
-0.5384510803491103 -10.15106465509642 0
-0.5479323513180848 -10.68861877298341 0
0.6991094976571621 -0.06632317714448024 0
0.6867930276799539 -0.0679929419235329 0
0.692951262668558 -0.06715805953400658 0
0.07308488015473077 -0.04722138020661269 0
0.08302788733576671 -0.04924815119180737 0
0.07805354830583092 -0.04824824044210107 0
0.5332959779891873 0.05612087282311394 0
0.5387851017888809 0.0611158586177997 0
0.5383215133386079 0.0557579582044084 0
0.3223352240310169 0.06492899440335782 0
0.3273180034682766 0.06556128709951869 0
0.1084412685191989 -0.0888531898242967 0
0.1174902818972023 -0.08209021614054508 0
0.1114930068255506 -0.07247195296058831 0
0.1099671376723748 -0.0806625713924425 0
-5.259747177513061 15.63980006585091 0
-6.143729233939847 16.46442295547088 0
-7.076662682745349 15.51294383492246 0
-6.192680626318563 14.68832094530249 0
-6.168204930129205 15.57637195038668 0
18.97031145698399 0.9519413481489256 0
19.985155728492 0.9759706740622237 0
0.528676778487009 0.06191540689318943 0
0.5282813577193487 0.05650645952563229 0
-0.9180689170949798 -2.075456367609989 0
-0.8666658006748109 -2.347395427086795 0
-0.7689681402898377 -2.175461053413131 0
0.5174681156438421 0.1616682057923238 0
0.542687342612465 0.1563859430836445 0
0.5300777291281535 0.1590270744379842 0
0.2516279878747574 0.1967298455907758 0
0.2327114481483661 0.2171860614999153 0
0.2115339518096825 0.1973722060473539 0
0.2304504915360738 0.1769159901382144 0
0.23158096984222 0.1970510258190649 0
17.97442137532557 -7.91315674433736 0
17.01906980781374 -9.003463621631633 0
18.03358752041574 -8.983880563736491 0
-17.22301884824834 -6.175118090440023 0
-16.29721907016514 -5.302594503450555 0
-17.18210466826307 -4.243006117511354 0
-17.2025617582557 -5.209062103975688 0
-13.91385441055114 -1.120271650078927 0
-14.63850173980378 -1.994968240696983 0
-13.74043402351906 -2.791348118824205 0
-13.01578669426642 -1.916651528206149 0
-13.8271442170351 -1.955809884451566 0
0.3168482837594961 0.0702978336435074 0
0.3175145912950225 0.06512039339252249 0
0.5276631909727412 -0.1687064414330177 0
0.5381928336392905 -0.1492922557014532 0
0.5092735142761742 -0.1590180656497508 0
0.5237331739577323 -0.154155160675602 0
18.22950567438401 6.032744365360978 0
18.20165510642387 4.165058477927755 0
18.21558039040394 5.098901421644365 0
0.6995764934880038 -0.04698874838439618 0
0.6984008015219516 -0.04194859368709825 0
0.5512607858370664 -0.06624100651858036 0
0.5568454333618652 -0.07218591966811758 0
0.5629980173691927 -0.06606664376871813 0
0.5571294016031295 -0.06615382514364926 0
0.03512648810120188 -0.04162312034465245 0
0.030757891548137 -0.04731030384760343 0
5.446434736292122 14.14812990923265 0
4.804780060574321 14.82992168753314 0
4.137223912403907 14.21430461483427 0
4.791829324348014 14.18121726203346 0
-17.19822175480533 -10.16296355261763 0
-17.18415350490096 -12.16840121309977 0
-16.26524992693783 -11.2369718818483 0
-17.19118762985315 -11.1656823828587 0
1.430791460383873 5.928680723058363 0
1.711188198899562 5.481427210045778 0
1.903450215468879 6.239525108687022 0
1.80731920718422 5.860476159366399 0
-9.97438858089737 -14.69806189957599 0
-9.933390824656524 -15.56741277203334 0
0.713392754935206 0.03997793433490313 0
0.7182219934572527 0.03947103112505848 0
17.97857865904971 10.06251314568978 0
18.10675385005386 12.17327991666896 0
17.03036026235783 11.17844431534461 0
18.04266625455179 11.11789653117937 0
0.547017293933978 -0.05988636298971609 0
0.5474229084970658 -0.05478466835574874 0
0.7038158250703208 0.04165877826455672 0
0.7000408930947823 0.04760228958963668 0
0.6986330013253408 0.0422553642897185 0
-17.22273489632015 0.1690160329638408 0
-17.26404777141973 1.96817167325642 0
-17.24339133386994 1.06859385311013 0
-3.043817362160031 -15.79917825756778 0
-3.784397781616286 -15.00291729622501 0
-4.509314407900289 -15.67061830528533 0
-3.768733988444034 -16.4668792666281 0
-3.77656588503016 -15.73489828142655 0
0.9120225770607462 0.0184782256984795 0
0.9081946113907067 0.02405950168181337 0
0.9020316048431586 0.01932449558143429 0
0.9070272099133925 0.01890229314554083 0
0.1991139457037089 0.0685230235555854 0
0.1986951996513219 0.06289896826073614 0
0.7100345458648727 0.04570082379700223 0
0.7086043759107662 0.04081923029475028 0
0.9180377031524739 0.02262348541188131 0
0.9169076533521446 0.01755891292295748 0
17.2178130445184 -17.04614422572875 0
18.1613669927745 -17.03233212126331 0
0.3925578754080145 -17.4100974732748 0
-0.5356600460950596 -16.59412083236919 0
-1.373301815481165 -17.4478159031508 0
-0.4903719700365753 -17.4289566882128 0
-3.101426124107126 -17.39525315887754 0
-2.219472593259332 -16.59472876700228 0
-2.237363969794145 -17.42153453101417 0
4.242263409802291 -17.41990811603943 0
6.069695946453853 -17.42002833080759 0
5.155979678128072 -17.41996822342351 0
0.2140153478893128 -0.08236422006105965 0
0.2146939258019853 -0.06891294720914101 0
0.214354636845649 -0.07563858363510033 0
0.4361460826869528 0.07377340996258813 0
0.4312061552490437 0.08037363180392523 0
0.4246901541657147 0.07483381766214586 0
0.4304181184263337 0.074303613812367 0
0.4582741105225637 0.4325839640308244 0
0.5024817708624283 0.4631436602231842 0
0.4746932803311558 0.5116449317268412 0
0.4304856199912911 0.4810852355344815 0
0.4664836954268597 0.4721144478788328 0
8.994430945436687 -2.188022043733188 0
9.46024514302262 -1.818160021894531 0
9.121697883878747 -1.372706075356018 0
8.655883686292814 -1.742568097194675 0
9.058064414657716 -1.780364059544603 0
8.258865791149384 1.907937520328825 0
8.972887762401903 1.553235562928981 0
8.7804305218091 2.075502100539601 0
0.6728854033251701 -0.04490284449551812 0
0.6681207769667707 -0.05072998383361302 0
0.66774532589189 -0.04523405657597297 0
14.41555953699688 -8.822347569941101 0
13.64092508810132 -9.756498353225329 0
14.46445219381418 -10.48561406843735 0
15.23908664270974 -9.551463285153126 0
14.44000586540553 -9.653980819189226 0
-3.861014353253057 -13.55962840576698 0
-4.551231352337291 -14.26030438812397 0
-3.094180782532051 -14.30224131386803 0
-3.822706067434671 -14.281272850996 0
0.5734238492746302 -0.05334175991603071 0
0.5789531616691831 -0.05783192732762225 0
0.5783426340983742 -0.05262642620285123 0
-13.20681642628958 -0.2792312121607619 0
-12.38379239579408 -0.9423993117079668 0
-11.73214843268267 -0.08451408682163497 0
-12.55517246317817 0.5786540127255699 0
-12.46948242948613 -0.1818726494911984 0
-0.3567747186302779 0.424504775078129 0
-0.4547661716033722 0.4201435109579286 0
-0.4562260937511622 0.317784897369626 0
-0.3582346407780679 0.3221461614898264 0
-0.40650040619072 0.3711448362238775 0
0.6788076357562406 -0.05007544688774787 0
0.6780652929229216 -0.04444221203279802 0
0.3445721603545824 -7.396875664027762 0
0.7315308577141297 -7.021867988222972 0
0.3480496489129135 -6.636209177431863 0
0.346310904633748 -7.016542420729813 0
-0.4573040788131124 -5.846301607677329 0
-0.03355456695743649 -6.255341871697057 0
-0.4153739861096951 -6.232959576490284 0
-0.8632342735792515 3.373729622995645 0
-1.047091759193071 3.910978529134514 0
-1.232465337299038 3.544511141676343 0
-0.9551630163861613 3.642354076065079 0
0.5685281088488463 -0.05942064357366113 0
0.5681468668562302 -0.05380687425058252 0
0.03792027410383909 0.04166991542113747 0
0.03478619100858567 0.03633094109417889 0
0.03931273480879635 0.03709752540121997 0
1.726987941156687 10.63825460077506 0
1.227141955000163 11.18378752679133 0
0.6871412994228736 10.64590080324857 0
1.186987285579398 10.1003678772323 0
1.20706462028978 10.64207770201181 0
2.781724796239473 2.253050229410072 0
3.006335240642366 2.544115429999596 0
2.730743361067629 2.788122691184327 0
2.756234078653551 2.5205864602972 0
0.09356461501947214 0.05138086532572127 0
0.09850532438182399 0.05202103188751784 0
1.948157065234313 1.455416576832111 0
2.083290363993394 1.685903119791886 0
1.913795505507034 1.640884377913234 0
0.9672458961661041 -0.0178256922618652 0
0.9715047100549313 -0.01155061388634755 0
0.9610792442970333 -0.01229452147959352 0
0.9662921160600104 -0.01192360575849844 0
0.4791269748693078 0.1300651978089064 0
0.4682433675262698 0.1205874507970405 0
0.4780670234240751 0.1083071130363291 0
0.4889506307671131 0.1177848600481949 0
0.4785969991466915 0.1191861554226177 0
1.287356721634273 2.246149913477066 0
1.114035123147085 2.115553801814893 0
1.239899591207548 1.915841435077374 0
1.413221189694736 2.046437546739547 0
1.263628156420911 2.08099567427722 0
0.3573602483677526 0.08281677003285962 0
0.3521820543286713 0.07743147355310423 0
0.3627720427027572 0.07619601617157731 0
0.3574770485157143 0.07681374486234077 0
0.1857486626503873 -0.2358215255334332 0
0.2068785138928394 -0.2681123411442804 0
0.2390034238203189 -0.2505945542318733 0
0.2178735725778668 -0.2183037386210261 0
0.2123760432353531 -0.2432080398826533 0
-0.7128003045177601 2.897677503126483 0
-0.8668583858528776 2.6198325820666 0
-0.5872872508762421 2.476094515734973 0
-0.4332291695411247 2.753939436794855 0
-0.6500437776970011 2.686886009430728 0
0.6500733607099667 -0.09728538297878282 0
0.6581069529503588 -0.08662455527524263 0
0.6488800746077279 -0.07878306006447136 0
0.6408464823673359 -0.08944388776801156 0
0.6494767176588472 -0.08803422152162708 0
-2.62635955741592 14.13033168676977 0
-3.907770084689869 14.08824888496378 0
-3.258179856967686 13.4730512561202 0
-3.267064821052894 14.10929028586678 0
0.6729796638555852 0.04469749642993355 0
0.6684346283172435 0.05054784341109626 0
0.6679022515671262 0.04514298636471459 0
3.538764090466841 -4.714622756921234 0
3.978383142047719 -4.448428009979356 0
3.709440944281554 -4.018167797514623 0
3.269821892700675 -4.284362544456501 0
3.624102517374197 -4.366395277217928 0
0.5732885330539206 0.05326070051404573 0
0.5788503182613557 0.05845880853592476 0
0.5782912123944606 0.05293986680700249 0
-9.203897798578621 12.24754146735768 0
-8.498304461121245 11.55839392406581 0
-7.75103981122378 12.33235900356725 0
-8.456633148681156 13.02150654685912 0
-8.477468804901202 12.28995023546246 0
0.6788118206317143 0.04965642068779607 0
0.6780673853606585 0.04423269893282213 0
0.5688868726252185 0.05903605901500476 0
0.5683262487444163 0.05361458197125435 0
0.7446665021401738 -0.04772700692495941 0
0.7344257260771274 -0.04914755415112018 0
0.7395461141086506 -0.0484372805380398 0
-1.034994555712608 3.055589857743423 0
-0.5410400223844041 3.215817268378705 0
-0.7880172890485058 3.135703563061064 0
0.3063633600503504 0.08165953447586323 0
0.3016194048482337 0.07587617674222684 0
0.3119093361790122 0.07635659427592856 0
0.3067643705136229 0.07611638550907769 0
0.3716771076306645 0.2540064777264019 0
0.3464256011512155 0.2325809517440814 0
0.3700879166226595 0.2059837864040523 0
0.3953394231021086 0.2274093123863729 0
0.370882512126662 0.2299951320652271 0
0.8517198510228294 0.0259047642240028 0
0.8473140454247479 0.03135057876516568 0
0.8468155680045095 0.02615402238661064 0
18.23174408386743 -0.1730999551306475 0
18.27902554945547 -1.981383583179407 0
18.25538481666145 -1.077241769155027 0
15.34173762534745 -6.348353412515147 0
14.58262049571637 -5.549024648402662 0
13.70059100944179 -6.427790341569335 0
14.45970813907287 -7.227119105681821 0
14.52116431739462 -6.388071877042242 0
0.8574506285675084 0.03093829958945044 0
0.8568477833642643 0.02536374189699725 0
0.1629533491258436 4.895644598997096 0
0.592823145350155 5.237507886596864 0
0.3023381279254578 5.61421492269614 0
0.2326457385256507 5.254929760846618 0
0.3732215168637311 0.06435904808402913 0
0.3780257189593879 0.06911791212359841 0
0.3780859989534672 0.06394357746777979 0
10.59240687759073 -10.07582191445022 0
11.36380637411659 -10.78927898217259 0
12.08950606176324 -9.906556820753945 0
11.31810656523738 -9.193099753031575 0
11.34095646967698 -9.991189367602084 0
8.695160248377086 -0.9071692855507778 0
9.596058503789294 -0.9012680750729849 0
9.169520868287632 -0.4357312852677451 0
9.14560937608319 -0.9042186803118814 0
3.228208747670699 -0.488526615973763 0
2.976068309999602 -0.5801909548139617 0
3.111531453545452 -0.8770081410279317 0
3.36367189121655 -0.785343802187733 0
3.169870100608076 -0.6827673785008473 0
-4.413216926328512 9.568679617639496 0
-3.777917715180152 10.15521332178104 0
-4.330831550400283 10.87168990654151 0
-4.372024238364397 10.22018476209051 0
-2.621805315517935 12.86375123473662 0
-2.036864796083483 12.25092319490939 0
-1.421254761885555 12.89890309916618 0
-2.006195281320006 13.51173113899341 0
-2.021530038701745 12.8813271669514 0
1.300908814999068 5.188348817255063 0
1.577692052363672 4.793891659196159 0
1.644440125631617 5.13765943462097 0
-3.21607260127512 12.1918683967974 0
-3.789601984594295 11.5201949580269 0
-3.166779102637819 10.93122693866585 0
-2.593249719318645 11.60290037743636 0
-3.19142585195647 11.56154766773163 0
-13.79088299701038 5.18684093961998 0
-14.62954833310173 4.414343250184626 0
-13.94371261081343 3.572455806318294 0
-13.8672978039119 4.379648372969137 0
-17.21568189211584 -8.154055446770744 0
-16.30393160012283 -7.235951193021494 0
-17.21935037018209 -7.164586768605384 0
0.7672444876087147 -0.04020881065601177 0
0.7670424788246252 -0.03501988760893765 0
1.555776751824121 -2.413181656658534 0
1.734057843832385 -2.243881317371431 0
1.569721841613597 -2.063411977827792 0
1.391440749605333 -2.232712317114895 0
1.562749296718859 -2.238296817243163 0
18.1595791240964 7.962809327985038 0
17.27913688372504 6.983264298258761 0
18.1945423992402 6.997776846673009 0
0.7575569775705442 -0.05866615350212652 0
0.7517000712355704 -0.05214798553496502 0
0.7507173440582737 -0.05884437432554013 0
0.8284519135760536 0.03313953679210715 0
0.8274543280132929 0.02819682017091505 0
11.79012810155775 15.55216090495542 0
12.71205841112743 14.61269699298177 0
12.68529684289426 15.49717169005623 0
0.3680659580359656 0.07015993239636306 0
0.3681099906411913 0.06460755031850696 0
-11.62616730525577 17.27293074447844 0
-14.73470159951228 2.786999950612791 0
-15.50156717966872 3.648784983443607 0
-16.3467470574837 2.833821076337806 0
-15.54072432849799 2.810410513475298 0
0.8023663409171684 0.03146045314009384 0
0.7978977611211817 0.03737007245898312 0
0.7972764034617651 0.03198548562295207 0
0.1202773026450692 0.1386848230674541 0
0.1053425656640933 0.1231074787655241 0
0.1182664365658595 0.1096583813775386 0
0.1192718696054644 0.1241716022224963 0
0.5980585395045204 -0.05599859057657437 0
0.5978597856498176 -0.05091199420780548 0
1.648872581988043 9.594264099913588 0
1.132907499165883 9.088126471138047 0
1.15994739237264 9.594247174185174 0
2.204979120382598 10.05506129682245 0
2.076709941329497 9.040403803479638 0
2.632816479724053 9.5012010003885 0
2.140844530856048 9.547732550151043 0
12.39199580477664 6.848632772206778 0
11.55972125822492 7.522758256717974 0
10.98589548768709 6.702181599187912 0
11.81817003423881 6.028056114676716 0
11.68894564623186 6.775407185697345 0
0.4696279092636761 0.06583841086071024 0
0.46882660767972 0.0603405559581546 0
0.2017967499884618 0.09538531104868873 0
0.2136341181235335 0.1059787624341218 0
0.1920388114682872 0.1074417883235255 0
0.2028364647959103 0.1067102753788237 0
0.8083280962106931 0.03624134355673195 0
0.8074592567565437 0.03086989061326141 0
-2.845843628204305 -8.203148420335655 0
-3.127771192079567 -7.477191993639521 0
-3.864484862759016 -7.796845965343655 0
-3.582557298883755 -8.522802392039788 0
-3.355164245481661 -7.999997192839656 0
-2.834486077944799 -2.349577540354099 0
-2.438871527951048 -2.351535071502845 0
-2.439915313029847 -1.944325487336564 0
-2.835529863023599 -1.942367956187818 0
-2.637200695487324 -2.146951513845332 0
0.7496679289709929 0.04293036685474898 0
0.7483125353001286 0.03742484714552254 0
0.5032885342896913 0.06855854729233642 0
0.5137201749026222 0.0682673841399771 0
0.5085043545961567 0.06841296571615677 0
0.3736603589783758 -0.06502315175333359 0
0.3790304652339943 -0.07018236376721745 0
0.3785883720907704 -0.06447580328958931 0
0.767736842368707 0.03457754007347424 0
-11.02026033278755 -2.177588887569478 0
-10.45982755425404 -1.698773707614584 0
-11.58835581089294 -1.501955102642253 0
-11.02409168257349 -1.600364405128418 0
4.14672716171555 15.71469980977646 0
5.16775035361864 16.38676714560571 0
4.98626520709648 15.60834441656943 0
1.106595568439149 -6.622345937937128 0
1.450486971816894 -6.240532122177221 0
1.054823715673693 -5.899572867504116 0
0.7109323122959479 -6.281386683264023 0
1.080709642056421 -6.260959402720622 0
0.4842822523856043 0.07585641646434177 0
0.4921632711784223 0.08143748158691788 0
0.478588910251849 0.08386837739613642 0
0.4853760907151357 0.08265292949152717 0
5.181274726782299 -1.546400881465306 0
5.583669982559643 -1.230596470813823 0
5.277701659444984 -0.8457569385999462 0
4.87530640366764 -1.161561349251429 0
5.229488193113641 -1.196078910032626 0
-17.11381244096157 8.341353164807339 0
-16.2104492954451 9.435587173203796 0
-17.15823608725006 10.27017056696789 0
-17.13602426410582 9.305761865887614 0
0.5990039160806331 0.05629436839628583 0
0.5983324739378737 0.05105988311766121 0
15.690961888966 -2.903950596046091 0
16.50394024685797 -3.784487336901202 0
17.38054704131521 -2.895662370402223 0
16.5357544651406 -2.899806483224157 0
0.8020721628993277 -0.03097228657806893 0
0.8073334882738035 -0.03592312384486716 0
0.8069619527880989 -0.03071078075732901 0
-17.17032845240519 -14.151645798052 0
-16.24258395503591 -15.18263990413111 0
-17.17427454968287 -15.13323840649062 0
18.15309264971693 14.15758255542581 0
17.22849903513444 15.19131052602336 0
18.16364140871516 15.1376541027683 0
0.8718295536182348 -0.02274316661993115 0
0.8669092078819639 -0.02340284016718266 0
0.3687375966129949 -0.07142249842760234 0
0.368445809929706 -0.0652388333341266 0
-0.2009884799784765 1.692069379047403 0
-0.04010657267094969 1.585226241819614 0
0.07696014487648237 1.761062817777127 0
-0.06201416755099709 1.726566098412265 0
0.6232439977073054 -0.0494049453636918 0
0.6293153950486878 -0.05443477678233216 0
0.6284298350812387 -0.04887176831476606 0
0.7971776207079361 -0.03152989492700496 0
2.109586450371107 -1.290932346376316 0
1.991713901258046 -1.117514542948586 0
1.823457710377987 -1.214162592913034 0
1.966522080374547 -1.252547469644675 0
1.736880313026667 3.828897526706743 0
1.481380446351466 4.160159182943692 0
1.1539328211312 3.908708079799929 0
1.445406567078934 3.868802803253336 0
0.6185797361321874 -0.05539694263882619 0
0.6180821431320802 -0.0497803209743891 0
0.418641434487066 0.06900058854093664 0
0.4183730597066729 0.06315373707335301 0
0.8648932560593832 -0.2237545184417781 0
0.8954985940923682 -0.2396650417963604 0
0.9167950543218653 -0.2036838511468379 0
0.8861897162888803 -0.1877733277922556 0
0.8908441551906243 -0.213719184794308 0
-2.255105437497266 2.657179663488579 0
-2.213046495767824 3.030427767652006 0
-2.590009245202204 3.07936426446509 0
-2.632068186931647 2.706116160301663 0
-2.422557341349735 2.868271963976834 0
9.524473247662689 1.159625592411899 0
9.1343561838661 0.551211090305293 0
9.053621973134002 1.052223326617137 0
1.210974520720375 4.520047670968466 0
1.848097977994763 4.434003171171386 0
1.529536249357569 4.477025421069926 0
0.4398262344328842 0.0668444874314631 0
0.4389515082707889 0.06162220886872471 0
0.8338685141146444 -0.2047865259805867 0
0.8549095420788344 -0.1763453498455118 0
0.8265515413180137 -0.1576913141316789 0
0.8055105133538236 -0.1861324902667539 0
0.830210027716329 -0.1812389200561328 0
-0.1769289361435518 4.537671733857132 0
0.2075459629418173 4.19567157833063 0
0.5474282482112127 4.553644443470594 0
0.1852496560338305 4.545658088663863 0
14.43671202871244 9.399710327261985 0
13.76204845352516 8.569637042710937 0
14.6734212437421 7.75840422241736 0
15.34808481892938 8.588477506968406 0
14.55506663622727 8.579057274839673 0
-4.903721723804718 -3.479350755407896 0
-4.883880355209849 -3.996105824915865 0
-4.34334212723138 -3.992359077291862 0
-4.36318349582625 -3.475604007783891 0
-4.623531925518049 -3.735854916349879 0
-16.28575177648834 -9.228710719831041 0
-17.20695182346059 -9.158509499694187 0
0.347518984037178 0.07097314282960319 0
0.3478429115986775 0.06524816188177147 0
17.06893151923017 9.009534122701734 0
18.06907889157306 9.01266123683741 0
0.977057688577909 -0.7594346020231755 0
0.8777467638748768 -0.696876976293707 0
0.8132101977133075 -0.8014124738829114 0
0.8951339431456082 -0.7804235379530435 0
1.366028630219911 -5.548317714844746 0
1.764420835387909 -5.811448221829569 0
2.030021818227127 -5.421591436953946 0
1.631629613059129 -5.158460929969123 0
1.698025224223519 -5.484954575899346 0
0.5827293093636441 0.2892581600384093 0
0.5575831486484724 0.2631025252121104 0
0.584980327001645 0.2353629928420161 0
0.5838548181826444 0.2623105764402127 0
0.6229642916460292 0.04932903799622849 0
0.6334987035789289 0.04838313032277025 0
0.6289188797845324 0.05440523817305816 0
0.628231577449161 0.04885699901012906 0
-16.24659624474356 -13.22335198211193 0
-17.17724097865308 -13.16002350557588 0
-3.785532598328701 5.291568924959224 0
-4.431496368952582 4.757899076143025 0
-4.108514483640642 5.024734000551124 0
-0.5938042999985 1.892315389879694 0
-0.3836020522689967 1.783604164619204 0
-0.4788987066094776 2.106596247730678 0
-0.4312503794392372 1.945100206174941 0
0.7342891346599911 0.0492849027152438 0
0.7285826158205582 0.04902528175263988 0
-16.2250428301637 11.33972825644646 0
-17.15776173540101 11.2409513389941 0
0.6183935872673012 0.05472667092162351 0
0.617989068699637 0.04944518511578777 0
0.8741913140235009 0.03491179885387704 0
0.863386836681292 0.03599355743168726 0
0.8687890753523965 0.03545267814278216 0
10.95216767152944 14.72822494046605 0
10.90050034107904 15.5878054917273 0
0.2374995622412343 0.06903732464282988 0
0.2378598472679559 0.06405614020358497 0
0.3238635407942798 0.08622658499187752 0
0.3188410027140351 0.09376286181099275 0
0.3118356023621006 0.08885415542646295 0
0.3168581404423452 0.08131787860734772 0
0.3178495715781902 0.08754037020917023 0
0.2334882952991034 -0.0646952899677633 0
0.2389286676159847 -0.06991617193309732 0
0.2385743999553312 -0.06449556384871866 0
4.524118315930487 -13.03112293254643 0
5.147668908568914 -12.97561198185177 0
-0.03451710859705666 -8.685010856141471 0
-0.9806369995459576 -8.626390388984881 0
-0.520034338716437 -9.124568118474862 0
-0.507577054071507 -8.655700622563176 0
0.09672266115820627 -0.057227307868451 0
0.1028142395343733 -0.05247040007940975 0
0.09284084235400561 -0.05138211293951197 0
0.09782577764896416 -0.05193658721239244 0
0.6432865452091769 0.04685758411055173 0
0.6481791761316178 0.04639268362688662 0
17.18377431207162 13.2432034773255 0
18.1299232498854 13.16543123604739 0
0.1233922346616633 0.06678141904644012 0
0.1119724741522074 0.06563335911737343 0
0.1176823544069353 0.06620738908190679 0
0.9178253840940567 -0.2959684468893702 0
0.8752211398233389 -0.2798037002542181 0
0.9066619890932124 -0.2678167443428653 0
0.6541926842357408 -0.2818634519959012 0
0.6353747726356687 -0.228412231499335 0
0.6157005360450964 -0.261120426516615 0
0.6447837284357049 -0.2551378417476181 0
3.397669504181787 -10.65098000386257 0
3.965623536079329 -11.19516694304242 0
3.973529835903998 -10.0196648895121 0
3.969576685991663 -10.60741591627726 0
0.4269000137358551 -0.09641436044335838 0
0.4340056899387174 -0.08885072661845858 0
0.42640951438535 -0.08032891234693815 0
0.4193038381824877 -0.08789254617183795 0
0.4266547640606025 -0.08837163639514826 0
1.575580720339489 -2.764513208950296 0
1.397712690508673 -2.935884930379248 0
1.800263987307851 -3.00585124855932 0
1.598988338908262 -2.970868089469284 0
0.5030191626052275 0.1513302315816289 0
0.506254546774608 0.1778074456754384 0
0.4918055937359934 0.1674694714647435 0
0.5046368546899177 0.1645688386285337 0
-0.3804803049137472 0.05396707834018427 0
-0.3494830291634632 0.001449705020632447 0
-0.2913748348604578 0.03746620921196572 0
-0.3223721106107418 0.08998358253151754 0
-0.3359275698871025 0.045716643776075 0
1.250111618832759 -2.729663520038697 0
1.404019625789876 -2.579157802606229 0
1.243650886288341 -2.3931627794743 0
1.24688125256055 -2.561413149756498 0
0.6079261853314102 -0.09101189909268977 0
0.6163849375651611 -0.1001838845066821 0
0.6247961685651436 -0.09088949157859523 0
0.6163374163313926 -0.08171750616460288 0
0.6163611769482769 -0.0909506953356425 0
4.234211920650992 9.940832879117437 0
3.709039838896733 9.310521649460018 0
4.264150087918427 8.77719875406116 0
4.24918100428471 9.359015816589299 0
-5.724619683432518 -11.37787128289492 0
-5.219372368823707 -12.07807545896079 0
-4.493946398485274 -11.54477155730945 0
-4.999193713094085 -10.84456738124358 0
-5.109283040958896 -11.46132142010219 0
0.3971711870146004 0.06887971520994585 0
0.3976494572206013 0.06348960063706371 0
0.328840763210996 0.09968441806697641 0
0.3129026043952081 0.1030274208461705 0
0.320871683803102 0.1013559194565735 0
-0.9420725903303768 5.404000474575941 0
-0.719411891791626 5.86019782246616 0
-1.141376589441952 6.088429832565009 0
-1.041724589886164 5.746215153570476 0
0.2882552716535864 0.06468529714613043 0
-0.0452983608001459 5.979488818015587 0
0.6608108370326659 5.977422058807337 0
0.3131743483070621 6.342695954126783 0
0.30775623811626 5.978455438411461 0
0.2224109911966014 -0.06430072963983784 0
0.2279494924232509 -0.06450194539416323 0
1.433728810319939 0.5728618595459997 0
1.52771251522933 0.6499920201882622 0
1.447068969576034 0.7353705308166885 0
1.353085264666643 0.6582403701744259 0
1.440398889947986 0.654116195181344 0
4.073103977704696 4.518349373780937 0
3.829615433328535 4.987316819024079 0
3.338193319736655 4.731925848390739 0
3.581681864112815 4.262958403147598 0
3.705648648720675 4.625137611085838 0
2.184725261902194 -6.105024513048493 0
2.639850473618408 -6.379455901906889 0
2.952422933861588 -5.856555011075478 0
2.497297722145375 -5.582123622217082 0
2.568574097881892 -5.980789762061987 0
0.3683325795372029 0.1064865544314014 0
0.376815795623066 0.09653686198811592 0
0.3863699324526388 0.1061485748603525 0
0.3778867163667757 0.1160982673036381 0
0.3773512559949209 0.106317564645877 0
3.572002979326197 -3.054537988893007 0
3.350834239447574 -2.709562056014195 0
3.037689148295521 -2.900161089769597 0
3.258857888174145 -3.245137022648409 0
3.304846063810859 -2.977349539331302 0
3.57033033957691 13.45513362397108 0
2.960301718457865 12.82311407793142 0
3.590427462836816 12.16574700318431 0
3.580378901206863 12.8104403135777 0
13.48376556805465 -15.28574848681115 0
12.56699058255922 -14.39759182179234 0
12.56272854496152 -15.34133743888687 0
-0.1646836811582258 0.7357746210506263 0
-0.06340967208695841 0.6896855077236705 0
-0.002202818444786994 0.8038646872707502 0
-0.1034768275160544 0.8499538005977061 0
-0.08344324980150639 0.7698196541606883 0
0.7746462679126955 -1.900321517584415 0
0.9246583488781288 -2.055765125985381 0
0.9099367353459586 -1.756587554425109 0
0.9172975421120438 -1.906176340205245 0
-7.354591371474207 -8.758828842963741 0
-6.695210897739946 -9.412338891115283 0
-7.318205312008705 -9.389034802110281 0
-0.6792116318426547 -0.8910666010529896 0
-0.6507145835845001 -0.7266971518592424 0
-0.8038893142533663 -0.7069415880213257 0
-0.7415504730480105 -0.7990040945371577 0
-1.947866378659927 -5.224541631570373 0
-2.464717824289446 -5.369751265804026 0
-1.809556398126834 -5.74958155578408 0
-2.13713711120814 -5.559666410794053 0
0.5678400076160963 0.1310636714582781 0
0.5791218331632975 0.1187652287941207 0
0.5918721350310039 0.1310621300880411 0
0.5805903094838027 0.1433605727521985 0
0.5798560713235501 0.1310629007731596 0
1.406264809191753 -1.44162385041058 0
1.428123417315478 -1.186407041549385 0
1.417194113253616 -1.314015445979982 0
1.909312355377756 -0.3974315759390475 0
1.952083815922989 -0.2705982745940964 0
1.79414960603306 -0.2015161777292468 0
1.851730980705408 -0.2994738768341472 0
0.7300667596117085 -0.05551921345164866 0
0.724095804487366 -0.05088662979698626 0
0.7292607652822467 -0.05001709197405322 0
0.6794997228578832 0.09139825960135689 0
0.6701606519170942 0.08477792760306813 0
0.6757082844946182 0.07490566192584783 0
0.6850473554354071 0.08152599392413659 0
0.6776040036762505 0.08315196076360237 0
7.876601473109051 -1.781183963719391 0
7.484261993720157 -1.448491850137539 0
7.122249972886944 -1.908256769256679 0
7.51458945227584 -2.240948882838531 0
7.499425722997998 -1.844720366488035 0
0.2381137544521374 2.225606759401964 0
0.4177097252078217 2.414879680571317 0
0.2194142775848152 2.605561419662966 0
0.2287640160184763 2.415584089532465 0
2.374151189508723 12.27423078148783 0
1.784929162691633 11.74060074486271 0
2.293001842144213 11.14118082208347 0
2.882223868961304 11.67481085870859 0
2.333576515826468 11.70770580178565 0
0.0458133708778915 -2.159666771424347 0
0.2253400570832633 -2.087780194369563 0
0.1594049616241802 -1.868529802689064 0
0.1026091662510358 -2.014098287056705 0
0.6392827302574124 0.0528039366773284 0
0.6383927112862648 0.04762134283891409 0
0.2633010308196414 0.06555599589019973 0
0.2688334574193637 0.07121862716652405 0
0.2685169971750281 0.06549947205086241 0
1.028166805312902 -1.627484267805298 0
0.7767854292054344 -1.630401300897248 0
0.9024761172591682 -1.628942784351273 0
1.369860590277875 -0.811509855151832 0
1.441295794400796 -0.7030220298063459 0
1.273559502707893 -0.7408031361041176 0
1.357427648554344 -0.7219125829552318 0
0.62463847591822 -0.319760773734741 0
0.6604998196517995 -0.3466372228060257 0
0.6573462519437702 -0.3142503374009635 0
-9.374470311477626 -2.672965531268122 0
-8.416311242946538 -2.552060819669636 0
-8.981702018038412 -2.14268758028514 0
-8.895390777212082 -2.612513175468879 0
0.5745107033588798 1.339337248305702 0
0.7915670521423271 1.334304102651266 0
0.6897775105579428 1.448530574738512 0
0.6830388777506035 1.336820675478484 0
0.5350145486502149 -0.3676758321344279 0
0.5637809000126456 -0.330250119902782 0
0.5307598005390937 -0.3041804903265149 0
0.5019934491766631 -0.3416062025581609 0
0.5328871745946544 -0.3359281612304714 0
0.1402769743195524 -0.0935011722152711 0
0.1492306229797831 -0.08650619042952913 0
0.1423855479190518 -0.07646545783218833 0
0.1334318992588212 -0.08346043961793032 0
0.1413312611193022 -0.08498331502372972 0
-0.1840667864610997 0.4047140720742637 0
-0.2624362180943123 0.4132201694955016 0
-0.2772084771875307 0.327794195296009 0
-0.1988390455543182 0.3192880978747711 0
-0.2306376318243152 0.3662541336851363 0
0.1012517264464446 -0.1402935850934994 0
0.1186961436548004 -0.128340884689588 0
0.1083613491861281 -0.110428240808984 0
0.09091693197777234 -0.1223809412128954 0
0.1048065378162863 -0.1253609129512417 0
-0.3819802245969511 1.329735388532957 0
-0.2226076283791596 1.253244868177124 0
-0.138938187667802 1.424310012724586 0
-0.2983107838855935 1.500800533080419 0
-0.2604592061323766 1.377022700628772 0
0.4627198174505448 -0.05984144678804937 0
0.4533192026548296 -0.06037689825211609 0
0.457995411575655 -0.06483465410850532 0
0.4580195899205372 -0.06011067133580299 0
0.0867741093564465 -0.05577536807454381 0
0.08793214753495343 -0.05032684675786016 0
0.02168245864364737 0.650734825724703 0
-0.1160832294948152 0.5915920649280478 0
-0.03099109876420938 0.5526413829290803 0
-0.0472003854255839 0.6211634453263754 0
0.258002174463968 0.07120208398368125 0
0.2581039925925208 0.06540138289580077 0
0.219193918780805 0.06814714759793578 0
0.2187180876332561 0.06322783700124557 0
0.1703885180413552 0.1080961072008603 0
0.1600061733812537 0.1167981848160735 0
0.1511169725924611 0.1050222323013916 0
0.1614993172525626 0.09632015468617841 0
0.1607527453169082 0.106559169751126 0
-1.276096951496958 2.445846672910452 0
-0.9816126591841483 2.33393378029562 0
-1.161342678165687 2.731745474681433 0
-1.071477668674918 2.532839627488526 0
0.9534811687465049 0.0306701069487515 0
0.9440939989357393 0.02553609647378417 0
0.9481642382197342 0.01863377692537745 0
0.9508227034831196 0.02465194193706447 0
1.530745280971141 -0.6070625451867933 0
1.551847246569078 -0.8101835276058627 0
1.641296733139423 -0.71422404298631 0
1.54129626377011 -0.708623036396328 0
1.086340699675607 8.178075042928873 0
1.147947653283448 7.716376134152936 0
-0.9028617269436354 12.28205035863818 0
-1.447440986575532 11.67919137275618 0
-0.8980534288961175 11.11872842209235 0
-0.9004575779198765 11.70038939036526 0
0.7730193425210029 0.05744646267736173 0
0.7771300293348046 0.04969210084990006 0
0.7797079760545527 0.05621998982836074 0
0.03347900130538126 -0.03521622111463164 0
0.03791584180747775 -0.03707412786297747 0
1.187494426826245 0.1441825739954163 0
1.293392938472729 0.1255420029823624 0
1.247837867240806 0.1851520384279067 0
1.240443682649487 0.1348622884888893 0
0.3985858489764811 -0.06890240402392049 0
0.3983567882015416 -0.06350094504405104 0
-1.64128103610904 -11.13910913807512 0
-1.598987391745338 -10.0597976823433 0
-2.147408074673143 -10.54622429157924 0
-1.620134213927189 -10.59945341020921 0
0.987040049411209 -5.227634099180264 0
0.6758351348649909 -5.578889251839635 0
1.020931882542451 -5.56360348334219 0
10.05753249641541 -1.441715624456454 0
10.60231983401554 -0.9318242961447407 0
10.14084584138942 -0.3913767467612714 0
10.09918916890242 -0.9165461856088627 0
0.8477919707107726 -0.0318434151488735 0
0.8470545306475219 -0.02640044057846455 0
13.07111704842748 7.675922724110265 0
13.2474653049417 6.05259883215316 0
13.92658654859254 6.879888784056647 0
13.15929117668459 6.864260778131712 0
2.770993021370125 10.55798751813085 0
2.248990481263406 10.59812105945296 0
0.43326376648003 -0.06212371524338356 0
0.4384902362976545 -0.06682271723944097 0
0.4433030945194942 -0.06109569316236471 0
0.4382835092031741 -0.06161132377271365 0
7.963348513049723 11.51515968656201 0
7.314991972731539 10.71116025906653 0
8.123244085001611 10.05216251165633 0
8.771600625319795 10.85616193915181 0
8.043296299025668 10.78366109910917 0
0.3055738518929469 0.1127229339181083 0
0.296338425822731 0.1052122086088745 0
0.3036671783249922 0.09551669553693681 0
0.3046205151089695 0.1041198147275225 0
0.3478645293108192 -0.07165815505176812 0
0.3480156842354982 -0.06559066799285393 0
0.5796321049217302 0.06952742014912863 0
0.5742830075926642 0.06395681629391009 0
0.5841994155904218 0.06402941239114331 0
0.579241211591543 0.06399311434252671 0
0.7970756091913239 -0.4437221472442418 0
0.745788364423797 -0.4078553014352197 0
0.7040431725400981 -0.4646605122041128 0
0.755330417307625 -0.5005273580131349 0
0.750559390865711 -0.4541913297241773 0
0.4485057820917084 -0.1893269912240973 0
0.4667346618006984 -0.2061638361762319 0
0.4813044028308751 -0.1892156218039825 0
0.463075523121885 -0.1723787768518479 0
0.4649050924612917 -0.1892713065140399 0
0.1727023386538399 0.06128684204920144 0
0.1776086720125592 0.06749192761844293 0
0.177968558411577 0.06171698429536628 0
0.5192252548016527 0.07383226597632138 0
0.5240520577727619 0.06818965991287494 0
0.518886116337692 0.06822852202642601 0
0.3254743090491127 -0.08382626906005684 0
0.3312649164117227 -0.07859534067284009 0
0.3263384477617594 -0.07770113858314298 0
-13.53566485403602 6.973666996881674 0
-14.50648962818408 6.096159116783337 0
-12.82005822286232 6.064348819718317 0
-13.6632739255232 6.080253968250827 0
-13.22970736572002 2.786746968155497 0
-12.56656663934048 2.049134625059843 0
-11.81828526660687 2.791457357691842 0
-12.52399631616345 2.789102162923669 0
0.1689894430354257 1.041284795469349 0
0.3718660070817483 1.096134894540787 0
0.2578467321692646 1.172633297803024 0
0.270427725058587 1.068709845005068 0
0.407611916766948 0.9393530351203982 0
0.4907795111688205 0.8815781897211812 0
0.5578415051420457 0.9576398214505808 0
0.4746739107401732 1.015414666849798 0
0.4827267109544968 0.9484964282854895 0
0.1433749927460042 0.05750322633755845 0
0.1476737210097079 0.06277856706639343 0
0.148065653324742 0.0580359408583509 0
0.2630985708338577 -0.06442711901420632 0
0.258586384617764 -0.06911925338773192 0
0.2583960976694188 -0.06435996759782611 0
0.08777738197682364 0.0572619849154823 0
0.08330738729067733 0.05073601564653657 0
0.088433783845142 0.05107015517832941 0
-1.903771740532528 -8.46387025580162 0
-1.506939535100388 -9.022051735022382 0
-1.442204370039243 -8.545130322393248 0
-2.806671609571035 -1.537554563265375 0
-3.248161754855469 -1.926787798669112 0
-3.027416682213252 -1.732171180967244 0
-0.8621363985855902 4.324222780183781 0
-1.281679266042878 4.50309212414955 0
-1.46663462665036 4.089847873100283 0
-1.164385512617975 4.207035326642032 0
-1.229294405393936 1.320727330402276 0
-1.23766778920579 1.102213360380542 0
-1.0209805872802 1.083081665703268 0
-1.012607203468346 1.301595635725002 0
-1.125137496337068 1.201904498052772 0
0.9417216293947275 0.01452660469991397 0
0.9377490031143721 0.01987204735330254 0
0.9366783718039725 0.01491104055973271 0
0.4689108253924218 0.1413038253452466 0
0.490440700369013 0.1410571162536958 0
0.480224550892127 0.152295743790036 0
0.4796757628807174 0.1411804707994712 0
1.269837210699197 12.3002856726493 0
1.248489582849679 11.74203659972031 0
-15.42187421229407 -4.444384044897992 0
-14.58236697523584 -3.667953241143135 0
-15.35606766714219 -2.786049428308281 0
-16.19557490420042 -3.562480232063139 0
-15.38897093971813 -3.615216736603137 0
-6.179024293556037 1.027562940294936 0
-6.62509355810394 0.7205609673353448 0
-6.291933977634326 0.249796178959605 0
-6.235479135595183 0.6386795596272707 0
0.4645582282322365 0.07235981114050544 0
0.4578274120718962 0.07803179183802107 0
0.4585160484731033 0.07192681668478498 0
-0.8641550763299267 6.59169876443357 0
-1.333340816215147 6.886403321285867 0
-1.237358702828549 6.487416576925439 0
0.346810832154038 -0.1387977230122914 0
0.3348550440086867 -0.1263984189282245 0
0.3226778319558471 -0.1384550686355015 0
0.3347443320549425 -0.1386263958238965 0
-2.258199546114975 -15.04145794112258 0
-1.533196511662005 -14.24410927751811 0
-2.369177748079082 -13.50489265026355 0
-2.313688647097028 -14.27317529569307 0
0.1126559610009072 -0.05402508723780465 0
0.1077336558368854 -0.05325708460161568 0
0.8824926689780493 0.02237006071135389 0
0.8786324417509175 0.02860610831464205 0
0.8773641645694936 0.02300940778690036 0
0.9975874181844329 0.01094409656274556 0
0.9914782539539591 0.007941398808405269 0
0.9963165742642095 0.006448565125349468 0
-0.6013398820547623 4.768268524072732 0
-0.5195326673645709 4.430947257020457 0
7.916748030590832 -17.36567190906899 0
6.98154978522942 -16.52953821375853 0
6.993221988522343 -17.39285011993829 0
0.5153257799340164 0.6036293174932523 0
0.4512709111696166 0.5733447928183626 0
0.4950095301325861 0.5576371246100467 0
-0.2759617180164087 0.2433707641150237 0
-0.2723625808699787 0.1747191312365665 0
-0.2057850224153697 0.1809005532985737 0
-0.2093841595617997 0.2495521861770309 0
-0.2408733702158892 0.2121356587067987 0
-4.700145249647194 -2.010568418259251 0
-5.243994782090431 -1.8245434672737 0
-5.403602477639668 -2.279217278625233 0
-4.859752945196431 -2.465242229610785 0
-5.051873863643431 -2.144892848442242 0
0.8921431230395676 0.02058556232930377 0
0.8970874751434765 0.01995592623655773 0
-7.836743788576177 -2.829986815699746 0
-7.543471068597528 -2.271472796451824 0
-7.979891155772033 -2.41176680806073 0
0.01895254890766367 -0.7621105698408508 0
0.1039217078728462 -0.703245115715335 0
0.04877294317537804 -0.6141776256690932 0
-0.03619621578980452 -0.6730430797946089 0
0.03386274604152086 -0.688144097754972 0
0.1670920599375423 0.06591146895618348 0
0.1677277460294865 0.06053148119920936 0
-1.974774785909137 -6.982927430303569 0
-1.488573441801688 -6.783870452134869 0
-1.683767450921232 -6.262193644955209 0
-1.829271118415184 -6.62256053762939 0
11.89768304630699 4.693089378444002 0
11.38264119689342 3.994668722250613 0
12.04093750518748 3.427810879613233 0
11.96931027574724 4.060450129028617 0
0.3840252238818214 -0.6837337827917481 0
0.3009683906363434 -0.6224211446118251 0
0.2403383327204243 -0.6974878122858388 0
0.3121817783011229 -0.6906107975387934 0
-15.31121872565434 5.251416193277054 0
-16.18323757222133 4.485857926536036 0
-15.40639295266153 4.45010058836033 0
0.5088545766006467 17.40830574680493 0
-1.336025331732291 17.37798680096887 0
-0.3996623868889648 16.52745953876858 0
-0.413585377565822 17.3931462738869 0
0.3368202278018617 -0.08604595614405217 0
0.3430845307396844 -0.07929545876418963 0
0.3371747235757037 -0.07894539971851486 0
-0.721406858974719 2.233082407843749 0
-0.5330929787428599 2.291345381732825 0
-0.3453567564809504 10.60280251256077 0
0.1708922714709616 10.62435165790467 0
1.093038829642415 -0.1024991719775135 0
1.127958039747195 -0.1295009656395619 0
1.152275197219903 -0.09205142853096381 0
1.122657013431159 -0.09727530025423867 0
-2.33608918108853 9.213462912582308 0
-3.121358524090002 9.596916508466544 0
-3.496971218058583 8.862345524366447 0
-2.916530199573557 9.037904218474377 0
0.1516109818214935 0.2177026093407934 0
0.1333338858056585 0.1961142423380063 0
0.1521137091140071 0.1783626330540091 0
0.1703908051298422 0.1999510000567962 0
0.1518623454677503 0.1980326211974013 0
0.935678349959491 -0.01987770455618149 0
0.9356430452265321 -0.01491386916117218 0
-1.082987532256844 2.08014665753449 0
-0.8227817320474148 1.979295285082619 0
-0.9021971956157816 2.156614532689119 0
-0.10114458852234 6.727437336810538 0
0.3003377772723935 6.759618092564262 0
1.549299230638345 8.658759122398335 0
1.109624099420745 8.633100757033459 0
0.8920187396225642 -0.02058615502036213 0
0.8977516865387636 -0.02429053989988885 0
0.8968459484965086 -0.01963601131579314 0
-0.345928086715985 -0.4588726122579878 0
-0.4818286907358701 -0.452849402337997 0
-0.4918121964572623 -0.591071920088152 0
-0.3559115924373772 -0.5970951300081428 0
-0.4188701415866237 -0.5249722661730699 0
1.809504871761507 2.302511692670077 0
1.690809099918052 2.533270661969856 0
1.47971933197037 2.403217597278414 0
1.598415103813825 2.172458627978636 0
1.644612101865939 2.352864644974246 0
0.4074381532844766 0.3352155364791862 0
0.3780112425369191 0.3682165756773733 0
0.3444760840430214 0.3396286757969273 0
0.3739029947905788 0.3066276365987403 0
0.375957118663749 0.3374221061380568 0
-2.291061041680361 16.3896541964743 0
-1.957058955341193 14.83808744323175 0
-1.30028572359153 15.71374897358742 0
-2.124059998510777 15.61387081985302 0
3.934989815881482 -2.214599888470883 0
3.638498358029565 -2.490064082930731 0
3.912811410191013 -2.790090556711143 0
3.923900613036247 -2.502345222591014 0
-7.52034282215118 -3.804935346461598 0
-7.678543305363678 -3.317461081080672 0
16.41725080110475 2.699331607831663 0
17.2283607305312 3.474792571991881 0
16.45183353981536 3.484861863900231 0
-1.765299933178444 -1.697859726723657 0
-1.708120323772894 -1.408992151843743 0
-2.011333335485673 -1.350918064656676 0
-2.068512944891224 -1.639785639536591 0
-1.888316634332059 -1.524388895690167 0
4.198760286759056 17.37978943678203 0
2.35807047892405 17.41261201887003 0
3.26574225573832 16.53142063849038 0
3.278415382841553 17.39620072782603 0
0.877419652125622 -0.02733698610594545 0
0.8816857697655032 -0.02200472248965884 0
0.8767577697568459 -0.02237484668255206 0
15.56339647524936 -4.654570873631141 0
16.35783596619179 -5.626661397147886 0
17.2983797378004 -4.756577860417947 0
16.43088810652488 -4.705574367024544 0
0.1945157093371477 0.07417490796447966 0
0.1832505756464176 0.07399753682276372 0
0.1888831424917826 0.0740862223936217 0
1.058673733518235 0.07103271514922682 0
1.040973303473999 0.0539203188577493 0
1.059518356963201 0.03611043270934221 0
1.059096045240718 0.05357157392928451 0
0.888617111224978 0.02675338039142803 0
0.8873179948782648 0.02147861011953217 0
-0.06922860276189644 -0.5777890934450167 0
0.003361407110900574 -0.5416118872795501 0
-0.03396899839048626 -0.4638363634143023 0
-0.1065590082632833 -0.5000135695797689 0
-0.05159880057619134 -0.5208127284296595 0
0.8108139771600358 -0.2371152647552492 0
0.8418387191047747 -0.2560832572164405 0
0.8378536166097095 -0.2304348915985136 0
0.8808652276829438 -0.09472076130925168 0
0.8950250130296552 -0.104326986308819 0
0.9068483878988538 -0.08773584618808064 0
0.8926886025521424 -0.07812962118851338 0
0.8938568077908988 -0.09122830374866617 0
8.838634903460981 -16.44572868258537 0
8.850477368513296 -17.33718092086954 0
0.4483112317122154 -0.06073793305818496 0
0.6715613721909726 -0.6118193196278745 0
0.7134245896695807 -0.5558029666440778 0
0.6635682151272702 -0.515376231615692 0
0.6675647936591214 -0.5635977756217833 0
-3.864846302696634 -3.482975965492046 0
-3.872964062943312 -3.022894417790616 0
-4.371301256072928 -3.015522460082462 0
-4.118073779384781 -3.249249212787254 0
0.07652870989656753 0.05646852670420789 0
0.07251410817764722 0.04862855925193045 0
0.07790791229474443 0.04969576219212454 0
-4.974229979120774 11.44335260523888 0
-5.706348948476542 11.92709452881169 0
-6.291928674399452 11.07628846115311 0
-5.633079326760113 11.25982053319599 0
0.508464714123528 -0.08272757202553352 0
0.5005855097555735 -0.07664958722819593 0
0.4951130251322842 -0.08439552767371498 0
0.5029922295002387 -0.09047351247105256 0
0.5017888696279061 -0.08356154984962424 0
0.1526942750328049 -0.05925318904298039 0
0.1468833847638766 -0.06374019667402814 0
0.1476704852018263 -0.05851675566216826 0
-3.570888432047438 -5.607979757588425 0
-3.655349527788404 -5.022840062769417 0
-4.254408066279497 -5.10661311773278 0
-3.912648249163468 -5.357296437660603 0
4.570180542725509 -9.323878862057153 0
3.984472584265854 -8.8205767346718 0
3.387821877444344 -9.51636276212675 0
3.979001210084927 -9.420120812091952 0
0.02097573854031814 2.830510171825936 0
-0.2353438679715608 3.01245917770872 0
-0.2061267155004033 2.792224804310395 0
0.1224766526190259 -0.05591563779587667 0
0.1264403700249699 -0.06157065225470602 0
0.1275178523379502 -0.05629381757036878 0
-9.961944871944484 -1.196389165095974 0
-9.955290201820967 -2.174050011297291 0
-9.457407519511406 -1.671665468778681 0
-9.958617536882725 -1.685219588196633 0
0.7334780023011522 0.1055856680925658 0
0.7206317040388981 0.09872258046238513 0
0.7259592237285426 0.08710069299619103 0
0.7297186130148474 0.09634318054437842 0
-4.541339371265424 13.40247159287024 0
-5.121892641855339 12.69316083141352 0
-4.433000413314787 12.09185765672426 0
-3.852447142724872 12.80116841818099 0
-4.487169892290106 12.74716462479725 0
1.128639709987517 -0.2010895398784349 0
1.161952585937247 -0.1680635343390401 0
1.094645163797464 -0.1625269711789567 0
1.128298874867356 -0.1652952527589984 0
-0.8374866610696963 1.064702952453815 0
-1.031680097767498 0.8917177803953704 0
-0.8481861715569939 0.8733390671459177 0
-0.9345833794185969 0.9782103664245927 0
0.5370406258574102 -0.0781018045468848 0
0.5287278164180078 -0.07151616789251992 0
0.5220390078119956 -0.0794243100059577 0
0.529539816834703 -0.07876305727642124 0
3.136251162063342 -14.39044110989114 0
3.688941094445594 -15.08927250448947 0
3.90170155148934 -13.68043158134711 0
3.795321322967467 -14.38485204291829 0
2.323013174877883 -8.598415743334684 0
2.836681403546327 -9.022115158222961 0
3.33656800458901 -8.457915754931896 0
2.822899775920567 -8.034216340043619 0
2.829790589733447 -8.52816574913329 0
-6.960480678676221 1.254930844292936 0
-7.45451325787864 0.952435712710856 0
-7.119126137306358 0.4180658357532648 0
-7.03980340799129 0.8364983400231003 0
1.870039783025734 -4.810692734171237 0
1.268072892199338 -4.913183730628805 0
1.569056337612536 -4.86193823240002 0
-0.1864512460035528 -2.259331515451733 0
-0.3051781439128068 -2.107781772207129 0
-7.42760494069782 2.444067464329963 0
-8.061255090591384 2.195188678513755 0
-7.817490124542248 1.554934358035832 0
-7.183839974648683 1.80381314385204 0
-7.622547532620033 1.999500911182898 0
1.433373407785547 16.54661600615193 0
0.4644327447322091 15.63811255643501 0
1.397582658706105 14.74018645223824 0
2.366523321759443 15.64868990195516 0
1.415478033245826 15.64340122919509 0
0.5470705648568331 -0.1835403919765349 0
0.5136811577683699 -0.1872498211726671 0
0.5330885316524618 -0.2020837717161843 0
0.5303758613126015 -0.185395106574601 0
-5.81336973689643 13.23376138055365 0
-6.397826043517634 12.46769507795182 0
-5.759859342686486 12.58042795468267 0
-10.34671606772007 4.100393837492721 0
-9.690727772105268 3.362594717513106 0
-9.657770979438665 4.054586233350044 0
-0.6559919392327751 1.024291509504483 0
-0.6884937464190759 0.8604138862913924 0
-0.5328301040398417 0.8290598144432608 0
-0.5003282968535409 0.9929374376563516 0
-0.5944110216363083 0.926675661973872 0
-5.683639983680665 5.44848088009302 0
-5.764717231710703 6.291726232778679 0
-6.411887155231045 5.390665865248254 0
-6.088302193470874 5.841196049013465 0
0.1316971081245581 0.1015352176831135 0
0.1430206677729109 0.09355697675573184 0
0.1414070403585096 0.1032787249922525 0
14.26910441911473 1.805022125813982 0
13.54736310296735 2.429108680737013 0
12.92505317922888 1.638400169703425 0
13.64679449537627 1.014313614780394 0
13.59707879917181 1.721711147758703 0
0.8876858285954283 -0.02638863486079134 0
0.8868523535634901 -0.02129623735421382 0
7.145317291406222 16.36117547459317 0
6.135093801331394 17.2375168531748 0
7.098237070189784 17.28886660288044 0
-12.30207125257968 -1.709303315424201 0
0.4945358387476255 -0.1463474119968383 0
0.4816071617798942 -0.1600252390900346 0
0.4963448373084429 -0.1726958927429472 0
0.4954403380280342 -0.1595216523698927 0
0.2340705539767449 -0.3787052865882362 0
0.1960548415871847 -0.331733103128792 0
0.1500221009602133 -0.3650873587252206 0
0.1880378133497736 -0.4120595421846648 0
0.1920463274684791 -0.3718963226567285 0
0.3293280964255979 -5.900519377529216 0
0.3386888726692557 -6.26836427748054 0
1.057502758713454 -0.1920415306152421 0
1.06595453386262 -0.1241269474037887 0
1.061728646288037 -0.1580842390095154 0
2.301068808096512 -17.25249583651036 0
1.293268176933571 -16.42015523898721 0
1.346813341752263 -17.33129665489258 0
-3.09850956112521 -4.942986425441154 0
-2.996200106706858 -5.482025403147257 0
-2.567027278707798 -4.830712288097923 0
-2.781613692707328 -5.15636884562259 0
0.4273250205078994 -0.1758940357247791 0
0.4134921250622417 -0.19766838091703 0
0.430998953576975 -0.1934976860705637 0
15.75334766801488 0.384896537130555 0
15.02831222621327 1.111095307257632 0
14.30055932399198 0.321772322662348 0
15.02559476579359 -0.4044264474647289 0
15.02695349600343 0.3533344298964515 0
0.6744338360995551 0.05543458284877907 0
0.6796846560986808 0.05496570326060124 0
1.089000631665654 -0.01411396794594894 0
1.071153486931841 0.003462359667298765 0
1.054692982877703 -0.01238674467315777 0
1.072540127611515 -0.02996307228640547 0
1.071846807271678 -0.01325035630955336 0
0.2105145785058622 -0.09814449196693117 0
0.200473693491493 -0.1076373222252124 0
0.2213562841940833 -0.1088874188310224 0
0.2109149888427881 -0.1082623705281174 0
-0.8581179631971113 0.7055054402252376 0
-0.7733058548080937 0.782959663258315 0
0.5342322428190418 0.06679721333363961 0
0.5296075221047946 0.07307146635332512 0
0.5291421502959017 0.06749343662325728 0
-3.091666617026588 -9.274633983754992 0
-4.241367096526083 -9.013385501111525 0
-3.666516856776336 -9.144009742433258 0
0.3001944527369384 0.1255785635522665 0
0.2892123124540577 0.138781661443946 0
0.2768436248795012 0.1288421910605176 0
0.2878257651623819 0.1156390931688382 0
0.2885190388082198 0.1272103773063921 0
-1.4907076417501 1.605265738371652 0
-1.507401710402638 1.348549943309502 0
-1.212600336741398 1.577443125464426 0
-1.360001023572018 1.462996534386964 0
0.2414745480110187 0.07538554051496457 0
0.2360257423777527 0.07432037696587886 0
0.1192472358319459 -0.5670980429694767 0
0.07383569976746839 -0.4945323045799337 0
0.06130432147142322 -0.5543549651245134 0
0.7180074027181069 -0.05677494920245407 0
0.7182705932720296 -0.05085933086468032 0
-2.086348278626444 -4.741252639208323 0
-1.486003421980441 -5.091386262689973 0
-1.624485321946959 -4.608097270327924 0
-1.786175850303443 -4.916319450949149 0
0.5398093639414272 -12.42557514504603 0
1.124034640434966 -11.87656149380678 0
0.55748475235337 -11.28432737567864 0
0.5486470581473986 -11.85495126036233 0
-8.014595228864254 0.6137535293802833 0
-8.37757209552786 1.216252174705259 0
-7.91604267670325 1.084343943708058 0
-1.013580849903801 7.441408433649665 0
-1.527332629219285 7.781594551297605 0
-1.430336722717215 7.333998936291737 0
-14.00940605020127 0.4372422797743045 0
-13.26423983084866 1.25684100100305 0
-14.02069635441886 2.001291112449994 0
-14.01505120231007 1.219266696112149 0
-0.224308852126292 0.9044972628914647 0
-0.03603694170169622 0.9827360955436701 0
-0.1568689663119338 1.037279557837429 0
-0.1301728969139941 0.9436166792175673 0
0.3449124428106559 0.4075599810964994 0
0.4171554151765773 0.4024297341530174 0
0.384056615450314 0.4417731395721435 0
0.3810339289936165 0.4049948576247584 0
-5.241265689850424 14.0884797353248 0
-6.003025181607496 13.96104116292807 0
-0.947008158106655 0.2119792052796154 0
-1.085571662011273 0.1439608500018214 0
-0.8870085132343173 0.08347673589425381 0
-0.9862900876227952 0.1137187929480376 0
0.09131079648134158 0.09076893996615371 0
0.08258334595764247 0.08372064576232258 0
0.08967302394705698 0.0724028313099593 0
0.09840047447075612 0.07945112551379044 0
0.09049191021419929 0.08158588563805652 0
-10.86442003100753 12.03442208997435 0
-10.06255271604587 11.3102672338794 0
-10.03415891479308 12.14098177866602 0
-3.237126229121403 12.8324598264588 0
0.9559252063928918 -0.01277197110808804 0
-5.01661716887789 4.750056027270448 0
-5.003631688867664 4.121154748009287 0
-4.418510888942356 4.128997796881865 0
-4.717564028910122 4.439526912076156 0
0.5244002637930582 0.4182173171074763 0
0.4887945737587175 0.3872105474464542 0
0.5182558836584472 0.3484801893624976 0
0.5538615736927879 0.3794869590235197 0
0.5213280737257526 0.383348753234987 0
0.4182028383684497 0.2017586599905325 0
0.4435702757733019 0.224662395317387 0
0.4207068605069607 0.2503130477132274 0
0.4194548494377052 0.22603585385188 0
-2.606485395657729 1.988737231119847 0
-2.293386667315872 2.333411057716917 0
-2.62511394831291 2.323789931097626 0
-2.4499360314868 2.161074144418382 0
-4.120888752176277 6.693101944208152 0
-3.904445530902219 7.391024615685107 0
-4.576287449119333 7.603206220720114 0
-4.79273067039339 6.90528354924316 0
-4.348588100647805 7.148154082464133 0
0.5832233553934429 -0.2388884491049611 0
0.5584363300313973 -0.2733450711196634 0
0.5909135106830508 -0.2955770485313173 0
0.5870684330382469 -0.2672327488181392 0
0.1164440171317028 -0.06025802537481975 0
0.1175651311480021 -0.05497877488091003 0
0.32767107970953 1.791521687448002 0
0.1930715528677414 1.908388161440912 0
0.211559671718271 1.644196343784217 0
0.2023156122930062 1.776292252612565 0
0.6737670114357097 -0.05659542616522111 0
0.6800617318598656 -0.06215164993311605 0
0.6794346838080532 -0.05611354841043195 0
0.06277605773895317 0.04529160012571538 0
0.06575329457233425 0.05319904028548219 0
0.06764140588491002 0.0469756873298348 0
0.06361681861048299 -0.04518919503641076 0
0.06716482742094762 -0.05168945615085982 0
0.06834717230921669 -0.04622089526252362 0
0.8059850137679663 -0.04808874778559116 0
0.7996521180166463 -0.05572283100468866 0
0.807058262945501 -0.05542776512599464 0
0.4807254171473929 0.2278342462806723 0
0.4628390414673829 0.2456378826018329 0
0.4614566514533119 0.2068587589962264 0
0.4621478464603474 0.2262483207990297 0
3.641379084042137 -1.917156220758874 0
4.196950748286508 -1.953500489889676 0
3.903340016447163 -1.656056822177666 0
3.919164916164322 -1.935328355324275 0
0.6236462651456705 0.06115533199439119 0
0.6357346885458878 0.05999976323530827 0
0.6304620739070259 0.0667498570566413 0
0.6296904768457792 0.06057754761484972 0
0.4001043315866359 -0.219938411397185 0
0.3887818266003074 -0.2503873186850126 0
0.4101472735369433 -0.241238409827064 0
0.6398049333182961 -0.1860692586721011 0
0.658099753104376 -0.1654172629054405 0
0.6205000783333553 -0.1679026003255982 0
0.6392999157188656 -0.1666599316155193 0
0.8095798668499696 -0.5382247229644345 0
0.7615022282597752 -0.5470138448042561 0
-2.055658812886662 -9.472844741418129 0
-1.050268113959064 -9.609004675947553 0
-1.552963463422863 -9.540924708682841 0
0.505616770568477 -0.06976572389616045 0
0.4997330657120406 -0.07046516861096511 0
-0.1251833238410038 -0.7109528532308005 0
-0.09720596330145009 -0.6443709733379086 0
-0.001995686719529076 0.01779083010296057 0
0.005819246293112466 0.02006609416024411 0
0.002007636225479486 0.01557005473708102 0
-8.947117711823807 15.57287841780244 0
-8.048766701232019 14.62964826658435 0
-8.011890197284577 15.54291112636245 0
12.20646660587064 -1.54462063198631 0
11.59710725212394 -2.130919101749515 0
12.10407888713361 -2.715820463136597 0
12.15527274650212 -2.130220547561454 0
-1.716475446442964 -0.5777507308312442 0
-1.424301262937272 -0.5454318816652097 0
-1.589791758489744 -0.4278506381086097 0
-1.570388354690118 -0.561591306248227 0
-0.5717797709702398 0.4197287646880283 0
-0.511132874252835 0.4812176819853806 0
-0.008217305106483504 -9.666628097623732 0
-0.5292427095327737 -9.637816386785643 0
0.8478860340543621 -0.4838154682150065 0
0.8597781596158232 -0.5759585136357865 0
0.8980843268202158 -0.5215492588863586 0
0.8538320968350928 -0.5298869909253965 0
0.5942096879654328 -0.3250054468187615 0
0.6026106236882975 -0.06168787522420264 0
0.596043553636052 -0.06758927647931531 0
0.5970510465702862 -0.06179393352794484 0
0.6243255276561679 -0.06127261911757993 0
0.613370273503362 -0.06130443036095103 0
0.6191160650273425 -0.06718010683970477 0
0.618847900579765 -0.06128852473926548 0
0.5178857344022192 0.1057299602151281 0
0.5098604155061031 0.1167876110135424 0
0.51880969423463 0.1152984006482882 0
0.748414384867365 0.07697327710733415 0
0.7322323462016749 0.07707780609603379 0
0.7392144441043704 0.06909224400601585 0
0.7403233655345198 0.07702554160168397 0
-1.149781773942152 0.3269200150225431 0
-1.31777690978854 0.276331134099869 0
-1.201674285899907 0.2101459920508452 0
-3.453848435976712 -6.190603052695286 0
-3.225024271341785 -5.836314227921271 0
-7.751273189228867 10.95352784097441 0
-9.179256523895365 10.76111991316631 0
-8.432225252002985 10.15625383007491 0
-8.465264856562115 10.85732387707036 0
4.80354712507339 1.303449317757802 0
4.527223016855972 1.617844176901789 0
4.210121945808765 1.32288706762296 0
4.506834535441076 1.313168192690381 0
0.004908766607902196 -14.33042756693365 0
-0.7010964818559711 -15.03868502826383 0
-0.7641438725270515 -14.28726842222588 0
-10.83750137443317 -13.72312510139142 0
-11.73094049597723 -12.70230327234053 0
-11.72404468674574 -13.6301676429505 0
-6.456726953914275 1.469773348278854 0
-6.102754178663304 1.372595982397335 0
0.831920917495619 0.05895256131285043 0
0.8326765021084556 0.04390648245711506 0
0.8395485676408599 0.05065810324911216 0
0.8322987098020372 0.05142952188498275 0
0.411465115737992 -0.08111166942173183 0
0.4045259966488611 -0.0898871585829398 0
0.4119149174156744 -0.08888985237738888 0
1.672367421827909 -0.1400188886012545 0
1.848541641977416 -0.09117675662078464 0
1.760454531902663 -0.1155978226110196 0
0.02392209429018358 -0.0311092630828203 0
0.02868458667375145 -0.03320107734954889 0
0.768448565946623 0.06639160668537719 0
0.7746711167551834 0.08283551403014479 0
0.7633938555035155 0.07648430638449165 0
0.7715598413509032 0.074613560357761 0
2.074374218952586 4.061558602145945 0
2.460384354353284 4.296021992473568 0
2.154241166174024 4.365012581822477 0
-3.173363173704247 -4.399565920931144 0
-3.730203140367441 -4.479419558259408 0
-3.414356350746325 -4.71120299185028 0
1.013654052707251 -0.3548217812603857 0
0.97737468410932 -0.4115534689893863 0
1.02396380103803 -0.4437009548674942 0
1.060243169635961 -0.3869692671384936 0
1.018808926872641 -0.39926136806394 0
-6.005158938539344 -14.17416952171158 0
-5.259243488868215 -14.94797117192612 0
-5.297146802008421 -13.48650273790943 0
-5.278195145438318 -14.21723695491777 0
-0.2007725866812626 0.1257575708439381 0
-0.1461742652724217 0.1329235835982019 0
-0.1511867010065288 0.1880665660528376 0
-0.1759796438438957 0.1569120684483878 0
1.131145590684791 -7.381421752327871 0
1.50621030140981 -6.981899702042027 0
1.11887057956197 -7.001883845132499 0
-17.1907858921719 3.792918961669579 0
-17.05703061028996 4.718798169607381 0
-2.494712338158095 -8.828478794207403 0
-2.254903030578738 -7.838539881929872 0
-2.374807684368416 -8.333509338068637 0
-0.6330198848463613 -0.5792229791633309 0
-0.5095068951954009 -0.7385460927840637 0
-0.5712633900208811 -0.6588845359736972 0
6.189332612466924 -11.06492700325711 0
6.219520447021861 -11.64270047552812 0
-0.2393178054540898 0.05282416453190376 0
-0.258194598457651 0.02214655248117613 0
2.994282093656839 3.218865820338749 0
2.673197766403259 3.132620766286753 0
-0.3377843244124288 -1.25413742166402 0
-0.344178255892271 -1.065284716723201 0
-0.5258242153283454 -1.076732474307319 0
-0.5194302838485032 -1.265585179248138 0
-0.4318042698703871 -1.165434947985669 0
-8.986712101379821 0.7858898453957448 0
-9.503186197377172 0.3356416593662541 0
-9.058265530896083 -0.1878999466178411 0
-8.54179143489873 0.2623482394116497 0
-9.022488816137951 0.2989949493889519 0
6.780044217517438 -10.49454594437771 0
6.227978095197601 -10.49822619059397 0
1.932441478257826 -7.313091704790391 0
2.297022575179196 -6.865300416144509 0
1.87079139833118 -6.534108413396146 0
1.901616438294503 -6.923600059093268 0
18.16368075647379 -5.792558047028443 0
18.25531450282881 -3.853612262600767 0
18.2094976296513 -4.823085154814605 0
0.02692987105166838 0.04075787700373915 0
0.02353782297187197 0.03332445851012658 0
0.02914604586619784 0.03486603505297565 0
-3.952485495657408 -6.97347057397112 0
-4.657389946993087 -7.032105863697883 0
-4.260937404876051 -7.41447591452077 0
0.1904286582442206 0.1776144981950054 0
0.1914960986953041 0.2197087079091447 0
0.1909623784697624 0.1986616030520751 0
0.5902805654657336 0.0695243488768981 0
0.595162077103732 0.06323633996320606 0
0.589680746347077 0.06363287617717467 0
0.264207148134317 0.09038389866135838 0
0.2514147674004873 0.08969975296092549 0
0.2578122302453488 0.08353334397221097 0
0.2578109577674021 0.09004182581114192 0
0.7663507627949823 -0.1324860264837884 0
0.7568972323391396 -0.1055061913985498 0
0.7479469380602368 -0.1227498125720752 0
0.7616239975670609 -0.1189961089411691 0
0.3143686666800551 -0.2292804513554638 0
0.3364132678588833 -0.2059388797416636 0
0.311200782176927 -0.1819298642577846 0
0.2891561809980989 -0.2052714358715848 0
0.3127847244284911 -0.2056051578066242 0
0.4429665431853387 -0.1143861275960372 0
0.454707612879189 -0.1257217528113767 0
0.4429362968980587 -0.1259699814920062 0
-4.607696403274868 14.77425702741834 0
-4.251414205898956 16.36392212401156 0
-4.429555304586913 15.56908957571495 0
-3.26205010332258 17.24166916847262 0
-5.185843842869399 17.34164425521049 0
-4.223946973095989 17.29165671184155 0
0.5002524698422608 0.1281715520613527 0
0.5016358162237441 0.1397508918214908 0
0.8629298756957089 0.05603614873103997 0
0.8539774125381003 0.05022702702781434 0
0.8585312555476881 0.04252481409154213 0
0.8607305656216986 0.04928048141129105 0
-1.161862900610041 8.384431987652066 0
-1.728972150546906 8.768196905786191 0
-1.628152389883096 8.274895728541896 0
0.1538411727464201 0.4101088894133685 0
0.1745267805504552 0.4638429663595007 0
0.1133416811440005 0.4767675044838782 0
0.09265607333996537 0.423033427537746 0
0.1335914269452103 0.4434381969486234 0
0.6113759332880744 -0.4755184938186802 0
0.6518508907009024 -0.4248027744071009 0
0.6577095529140864 -0.4700895030113965 0
2.256213747457287 -11.86515559227247 0
1.687972377805515 -12.45061658734786 0
1.690124193946127 -11.87085854303963 0
-0.009364592774099123 -0.1893016624315356 0
0.02649567514401344 -0.1805539559631595 0
0.0187388344122192 -0.1435083015639718 0
-0.01712143350589337 -0.1522560080323478 0
0.004687120819060036 -0.1664049819977537 0
0.3721914187085784 -0.1402929211522103 0
0.358949432296766 -0.1267308070960077 0
0.3600528185658504 -0.152359837068494 0
0.3595011254313081 -0.1395453220822508 0
14.84810002754958 -3.780941097994805 0
13.86732404801659 -4.675394872766326 0
14.71536026163298 -4.664982873198734 0
12.74335449057615 2.909631100260711 0
11.55891559242581 2.725795132809504 0
12.26133257781448 2.207615353456982 0
12.15113504150098 2.817713116535108 0
0.374024979609875 -0.1695910276546968 0
0.3922724945105256 -0.1832713212918293 0
0.4052414709092496 -0.1649705979219711 0
0.3869939560085991 -0.1512903042848386 0
0.3896332252595623 -0.167280812788334 0
1.423337022860358 -0.2708381461408953 0
1.345267918154182 -0.3055829832695621 0
1.388651238924791 -0.3987895923314634 0
1.405994130892574 -0.3348138692361794 0
0.09513761047297614 -0.3940797648687602 0
0.1165313950758336 -0.3065542404587016 0
0.06164690458859644 -0.3355466466022411 0
0.1058345027744049 -0.3503170026637309 0
0.05715126245331809 0.04412658024922321 0
1.443652226260561 0.0453330918609868 0
1.391696574546746 0.01291075169821485 0
1.438128666209525 -0.04988612995964894 0
1.49008431792334 -0.017463789796877 0
1.440890446235043 -0.002276519049331072 0
-3.995232304729632 -1.390134377921637 0
-4.099050563839221 -1.766381615944247 0
-3.689677606452371 -1.866472319165186 0
-3.842454955591002 -1.628303348543412 0
0.05800071464792914 -0.04446495261399298 0
-9.498242310822478 -0.6831828075007076 0
-8.95895474957644 -1.183544123605753 0
-9.008610140236263 -0.6857220351117971 0
14.8082020848998 6.033055330460343 0
13.95708353881911 5.138378157872965 0
14.79774014106781 5.151755313499014 0
0.134859283002399 -0.4564559792231239 0
0.03411402723804555 -0.43215609022557 0
0.08448665512022226 -0.4443060347243469 0
0.3703390841850709 -0.1164517018956493 0
0.3826670547836746 -0.1251978490723513 0
0.3910451190280043 -0.1120530178719873 0
0.3806921016065377 -0.1142523598838183 0
1.204848505059355 -0.2134135144704596 0
1.243011948687733 -0.1739816644845769 0
1.200116029565626 -0.1286316843531574 0
1.20248226731249 -0.1710225994118085 0
-0.9097536481994524 1.752486639303005 0
-0.7517789740989762 1.82240101459135 0
1.180812993044504 1.637246546346898 0
1.045516315911356 1.536350617865493 0
1.140033121459784 1.373372464111674 0
1.160423057252144 1.505309505229286 0
13.69306158983109 -8.105075973605084 0
14.43763383803487 -8.024733337811462 0
0.6700565075397478 0.06179983387234435 0
0.6665223699487073 0.06974643733967933 0
0.6728823960171829 0.06835274789909607 0
0.4131404447800199 0.07554748421805285 0
0.4191891644586685 0.08138071333926207 0
0.4189152994728673 0.07519065094009936 0
12.36708071837439 0.9143215342407738 0
12.31420664809443 1.560968443848878 0
-4.560662071018968 -12.86130724689855 0
-5.95585709981316 -12.70327094997166 0
-5.258259585416065 -12.78228909843511 0
0.4476758784127312 0.3570563175686471 0
0.4270143682174825 0.2989006529506127 0
0.4373451233151068 0.32797848525963 0
-0.2967054810607422 1.10158782798952 0
-0.08277111363035114 1.188936598025032 0
-0.1897382973455467 1.145262213007276 0
0.706856690183827 -0.07280026568276513 0
0.7062636775966894 -0.08165120612830642 0
0.2156924238407766 0.07414114626250902 0
0.2047776077776969 0.07432183133774489 0
0.2102350158092368 0.07423148880012695 0
-0.3679049272314563 -0.8948097742251344 0
-0.1907313187724433 -1.037426687308666 0
-0.2144579901116286 -0.8669517448105994 0
-0.2793181230019498 -0.9661182307669002 0
0.5334180230703223 0.08639655059880993 0
0.5425154179289944 0.09374833484177425 0
0.5261937383175239 0.09645127430939479 0
0.5343545781232591 0.09509980457558453 0
10.87339096356389 3.235296446709472 0
10.1023601544285 3.815583583872429 0
10.74250067566096 3.905126153061521 0
2.122554184887846 -3.112321294602514 0
1.971771117050781 -3.51111265575686 0
2.259243176089083 -3.420361682159629 0
9.383929207917458 13.14218855928929 0
8.636708266051027 12.37844309390051 0
9.49383921449232 11.56346721601082 0
10.24106015635875 12.32721268139959 0
9.438884211204886 12.35282788765005 0
-0.07133443636397677 -0.01032276031914651 0
-0.05668136636618434 -0.02344419176794027 0
-0.04221816658511828 -0.007110249023744093 0
-0.0568712365829107 0.006011182425049666 0
-0.05677630147454751 -0.008716504671445302 0
0.3928361682198406 0.09684492173407366 0
0.3945932365085014 0.113152104643436 0
0.393714702364171 0.1049985131887548 0
0.6640572997574363 0.05691309443466153 0
0.657856486097435 0.06284796486110911 0
0.6581687479159185 0.05685473733059053 0
0.9167330216159078 -4.611649443738883 0
0.6357001788277787 -4.926099812290342 0
0.9518865355135584 -4.919641771459573 0
8.819071075139259 -14.57929229619775 0
7.864284437344978 -15.53243536580838 0
8.82885298930012 -15.51251048939156 0
-15.32520231474268 -14.27620627311487 0
-15.32363675936569 -15.23761052793876 0
16.30198549091762 14.303372107536 0
16.30971800146078 15.25492871658591 0
-0.6181591709490724 1.211117936575785 0
-0.4454402504312818 1.15071939956044 0
-0.5000696977730118 1.270426662554371 0
0.980063809502721 0.009992153940209105 0
0.9863940096712481 0.01461071791769833 0
0.9857711673219792 0.008967770639062912 0
0.4377230495726863 0.08619229779444076 0
0.4255822312014018 0.08705181776232748 0
0.4316526403870441 0.08662205777838414 0
1.290845054531699 -0.906823132092389 0
1.380756314998094 -0.9881622605358605 0
1.459771850744269 -0.8928489835953037 0
1.375308452637984 -0.8998360578438465 0
6.746913154023908 -2.361059433131185 0
6.710048840285351 -1.540729827297803 0
6.728480997154628 -1.950894630214494 0
0.4974927802996224 -0.1882327214883248 0
0.5604957451811801 3.330431775213646 0
0.8464588782519165 3.066658918106114 0
0.8413586485618793 3.619612813194931 0
0.843908763406898 3.343135865650523 0
2.894314466395881 4.483581639408282 0
3.100594305002714 5.17239809673845 0
2.997454385699298 4.827989868073366 0
1.863100271548114 -0.9603730611563714 0
2.14219753660764 -1.003976484692108 0
2.013583906897707 -0.8468350028998938 0
2.002648904077877 -0.9821747729242396 0
0.9816029428266106 -0.009618686247046355 0
0.9778635129878095 -0.01649020072029224 0
0.9765539678304271 -0.01058565445816401 0
0.5690081492729697 0.1573222637329814 0
0.5948969979643606 0.1553721831876468 0
0.5833148377535275 0.1693338741684298 0
0.5819525736186651 0.1563472234603141 0
-0.8452531903834498 9.99897597103347 0
-1.297226833993969 9.41139744383714 0
-0.7570163403658183 8.94408466486102 0
-0.8011347653746341 9.471530317947245 0
3.400495149147034 -2.183325051234954 0
3.112831030565042 -2.402823024318419 0
3.375664694297304 -2.446443553624574 0
15.55503678004936 6.911570768821055 0
16.35977692454775 7.861242903102374 0
16.4170868318872 6.947417533539908 0
11.10491411425793 -1.513723013389618 0
11.70374340103723 -0.9469185698399784 0
11.20114912079485 -0.3650198525951012 0
11.15303161752638 -0.9393714329923595 0
0.9617051675348763 0.03916157877131395 0
0.9716065259045168 0.03030679633571463 0
0.9831100477872443 0.04080080815155721 0
0.9724076076610604 0.03998119346143558 0
0.9915268371246172 -0.008156761739011923 0
0.9865650255692531 -0.008888718257784863 0
-1.137657170910855 -0.7672880500645882 0
-1.282200648777204 -0.6538611161685652 0
-1.285725293883921 -0.9416593966207719 0
-1.283962971330562 -0.7977602563946685 0
0.9030654615332396 4.861904132586561 0
0.8553373073983483 4.211787981852499 0
0.879201384465794 4.536846057219529 0
0.2557198552803537 3.598197068084793 0
-0.01393640499291832 3.314388860983572 0
0.2908394849079081 3.046623568112425 0
0.2732796700941309 3.322410318098609 0
0.5696196993327411 -0.0852065068041099 0
0.5759030451766942 -0.0783335867139163 0
0.5693399904603805 -0.07167121696839565 0
0.5630566446164276 -0.07854413705858926 0
0.569479844896561 -0.07843886188625278 0
-0.0008758167359281407 -0.01143228618416155 0
-0.001815192189196427 -0.01819409296153567 0
0.005356602579760089 -0.01985213544832725 0
0.002097883490645811 -0.01577168616636857 0
0.542763134829028 3.922692715247501 0
0.848347977980114 3.915700397523715 0
0.04655479531275813 0.5133006382619392 0
0.1624563110243063 0.5631836036442757 0
0.09566942519306398 0.5997167374223367 0
0.1045055531685322 0.5382421209531074 0
8.283805623286785 -0.5123603775139112 0
7.867261673016907 -0.9795756715107281 0
8.27861629810721 -1.374384579547595 0
8.281210960696995 -0.9433724785307531 0
-8.970328383807423 -1.663115851945447 0
-0.02401357283921561 0.04897095922574152 0
-0.02928033542651504 0.07435753137296378 0
-0.05691187841418022 0.06584640521043637 0
-0.05164511582688081 0.04045983306321412 0
-0.04046272562669792 0.05740868221808895 0
0.5683046813962001 -0.1966591641440316 0
0.5532632369020754 -0.2236841692026705 0
0.5757640183948214 -0.2177738066244963 0
-3.14406881336391 10.2640717235662 0
-1.81665800754125 9.312430178209723 0
15.32876677034518 -15.16933547689169 0
14.40466013719301 -14.26949171059659 0
14.40787220120683 -16.18559225310625 0
14.40626616919992 -15.22754198185142 0
2.756877335726047 -7.165410319079857 0
3.099705234165259 -6.679565804842237 0
2.698363904672227 -6.772433110493373 0
0.7981822652414894 -1.090598518362184 0
0.7495888585873358 -0.9101178247971122 0
0.6832804192459504 -1.022965879062583 0
0.7738855619144125 -1.000358171579648 0
10.97751464845873 2.621872868754299 0
0.4814082424232833 -0.08522903996995763 0
0.4886925498913886 -0.09191844782348119 0
0.4882606337777838 -0.08481228382183631 0
0.5376697070179093 0.2384328889549404 0
0.5300133919312608 0.2859692228445596 0
0.533841549474585 0.26220105589975 0
0.4579116828640177 -0.07733148518264549 0
0.4579535472198364 -0.0710830696455754 0
0.04792200275680382 1.112935975980014 0
0.08503049857692564 0.9110849150330054 0
0.06647625066686472 1.01201044550651 0
0.2142383046112064 0.2391819593725386 0
0.1951825071967417 0.2642429032101975 0
0.1724403012808394 0.2447696517468036 0
0.1933393029460229 0.2419758055596711 0
0.7351410225251722 -0.06798563744443473 0
0.738247247128947 -0.07612680238118127 0
0.180794529819739 0.09650192661321172 0
0.1816327996899034 0.1190359689111741 0
0.1812136647548212 0.1077689477621929 0
0.7354595071483263 -7.774573823996908 0
1.528470875714209 -7.739821443861704 0
1.131965191431268 -7.757197633929307 0
0.3528699257972772 -0.07633982270651982 0
0.3480899272261423 -0.08397712641894133 0
0.3479772282684808 -0.07781764073535473 0
0.9463826256218332 -0.05525043961121876 0
0.9342359487948669 -0.04820186695320256 0
0.9271465678370328 -0.05999719325750546 0
0.939293244663999 -0.06704576591552167 0
0.9367645967294329 -0.05762381643436211 0
1.639138747460852 0.7174789487567527 0
1.621889833420519 0.6259100374972938 0
0.01431790743232025 -0.02664910673158411 0
0.01590343122779456 -0.03306386104673406 0
0.01909201348169168 -0.02893349409680384 0
0.9627873646873558 -0.3245043730391663 0
0.9912419206697993 -0.2734926858032548 0
1.002447986688525 -0.3141572335318203 0
2.828179890061012 -11.25685013185191 0
2.83230971412457 -10.11084590966809 0
2.830244802092791 -10.68384802076 0
1.971052117744628 3.445297558629 0
1.784987183390738 2.952007378534374 0
1.878019650567683 3.198652468581687 0
3.101948634023451 3.990212862926185 0
3.348898273209364 3.5286072526867 0
3.828631503298728 3.801352792908113 0
3.465290068661089 3.895782827917149 0
5.203792860137104 -8.712853314630202 0
5.160969950069878 -9.327088430365842 0
0.8828337949523931 -0.3487380743248226 0
0.9277957755456923 -0.3772740004746188 0
0.9228105798198745 -0.3366212236819944 0
0.5845881191294225 0.07588505620226742 0
0.5905547774971952 0.07567631418830942 0
2.840842585860156 -0.9958665559102209 0
2.980672776690127 -1.259041553897721 0
3.251361644375423 -1.140183139015432 0
3.046102115117789 -1.068024847462826 0
0.3124915999862883 -0.06573556789494539 0
0.317565953807365 -0.06567405849641816 0
7.516654345146316 2.491963758936381 0
7.42322523256513 3.453970545997119 0
7.013974936998199 3.023297381258493 0
7.469939788855723 2.97296715246675 0
0.6692455679284957 0.05617383864172031 0
-3.791867061814291 1.182023480375344 0
-3.709468163959068 0.8332524497634322 0
-3.349922033925674 0.9022774712263726 0
-3.570894547869983 1.042150475800858 0
16.20850816907977 8.79900581483507 0
-1.450482064057189 -2.894373291224926 0
-1.361192326803185 -3.342965664492652 0
-0.9496191987922228 -3.255269223726295 0
-1.038908936046227 -2.80667685045857 0
-1.200050631424706 -3.074821257475611 0
0.5635675741899591 -10.18427641241655 0
1.127171846396251 -9.605075858026328 0
0.5553869670998083 -9.087427543233513 0
0.5594772706448837 -9.63585197782503 0
10.1181971724353 0.6929979138640141 0
10.0486873875888 1.248026818806937 0
3.653301811286818 -6.856933456875954 0
3.865625867140553 -6.388504060034775 0
3.312029290018994 -6.211136408001058 0
3.482665550652906 -6.534034932438506 0
2.17695706245572 -5.035349948302301 0
2.426164826346469 -4.684498564949322 0
2.119247546916482 -4.459841350818259 0
2.148102304686101 -4.74759564956028 0
1.817606116859544 -6.172778317612858 0
0.5779843964084385 0.08194135508818054 0
0.5788082506650843 0.07573438761865459 0
2.813507994162251 -12.43955949628066 0
2.241109785549692 -13.03627299642031 0
2.761922105505372 -13.65191773206386 0
3.334320314117931 -13.05520423192421 0
2.787715049833811 -13.04573861417226 0
0.7265028719484069 -0.0637268674616065 0
0.7122712422745208 -0.06483166764417155 0
0.7193870571114638 -0.06427926755288901 0
-3.007343244938701 3.132676685609846 0
-3.405811789784307 3.133340054065016 0
-3.396343946448366 2.709721681175023 0
-2.99787540160276 2.709058312719853 0
-3.201843595693533 2.921199183392435 0
0.5761531532470947 -0.09335404341423896 0
0.5917506007348275 -0.09222872272604928 0
0.5836812010615511 -0.08484670791628705 0
0.5839518769909611 -0.09279138307014412 0
0.6960019467791003 -0.382357792516879 0
0.7349447016929332 -0.3721649952187082 0
0.4447410953179435 0.0931022979317899 0
0.4507320490054708 0.1021932867571176 0
0.4410939527853635 0.1094293057772135 0
0.4429175240516535 0.1012658018545017 0
0.5115179848802227 -0.09716616607124817 0
0.4966095319557749 -0.098359888048779 0
0.5040637584179988 -0.09776302706001358 0
4.787472994144843 -1.843936374114794 0
4.492211871215676 -1.898718432002235 0
0.2463061563858968 0.08199755560298477 0
0.2521773657137567 0.07706731508888934 0
0.2468259568623877 0.07622642780192695 0
0.06018953510899381 0.1869881517220028 0
0.03197108270646049 0.1973164529809395 0
0.02178342986514958 0.1656383331018719 0
0.04098648248707169 0.1763132424119374 0
0.7641526622405148 -0.066560782284058 0
0.7714212932324943 -0.06004478409566043 0
0.7648256085625236 -0.05215015531372896 0
0.7644891354015191 -0.05935546879889349 0
1.230811260376611 -0.08519949161592377 0
1.182970428030889 -0.0486192357937302 0
1.191543228798257 -0.0886254600734438 0
16.2252712861345 -10.2375696001782 0
16.12907822526174 -9.277463453392379 0
2.022713168348607 3.753428080387473 0
-4.920399966051813 -4.557791416348401 0
-5.517739758136171 -4.528379833777613 0
-5.20081005667301 -4.262242829346739 0
15.3491539129364 -17.10172823759974 0
14.42154235929959 -17.13920103177536 0
-0.5360050725157479 7.062590284805141 0
-0.4292945923365188 6.256545816438967 0
-0.4826498324261334 6.659568050622054 0
4.791565500035386 1.986024831717324 0
5.15201614512219 1.628082701865101 0
5.455072508798533 1.973218929418062 0
5.094621863711729 2.331161059270284 0
5.123319004416959 1.979621880567693 0
-0.3997111147351413 0.8063552441026975 0
-0.4800707914717569 0.7466529850846713 0
0.3191421935195826 -0.2771352120471884 0
0.3005415577929756 -0.3093619692949043 0
0.334586453843227 -0.3303039210481538 0
0.3268643236814048 -0.3037195665476711 0
-2.650351418990019 -4.336516066643467 0
-2.368349848808232 -4.538884352925895 0
0.3323462836042703 -0.103619886853572 0
0.3238889059232944 -0.1147731004907038 0
0.3433124216896626 -0.1152452052910927 0
0.3336006638064785 -0.1150091528908982 0
0.005897523528437074 -0.02691673292370322 0
0.009780074749448692 -0.02333359123092891 0
0.6531760157245186 0.151546690548554 0
0.6663797217179072 0.1384999626852937 0
0.6800130278767773 0.1547366090187744 0
0.6668093218833886 0.1677833368820346 0
0.6665945218006479 0.1531416497836642 0
0.8830281844685387 0.07387900147712487 0
0.8722560513518207 0.06522153932654022 0
0.8797674234250714 0.05512273227740748 0
0.8905395565417893 0.06378019442799213 0
0.8813978039468049 0.06450086687726618 0
-2.197248066534124 -3.372141941577429 0
-1.806077283625895 -3.344932866463711 0
-1.813100097617999 -2.956494040353543 0
-2.005174082076061 -3.164317990965485 0
3.758155379583007 10.43125409247728 0
4.74818015435272 10.4394741800037 0
4.253167766967863 10.43536413624049 0
-14.71644403446283 -0.4037981581438609 0
-13.9616302303762 -0.3415146851523114 0
0.2730425136738419 -0.06439789095627836 0
0.2680704925460292 -0.06441574571281039 0
-0.3515935274830013 0.9438058660854322 0
-0.3985168889571415 1.047262632822936 0
1.106882878561752 0.1454158478005759 0
1.151834695018491 0.1834630188320053 0
1.147188652693999 0.1447992108979961 0
-8.405826168871826 -10.79481384846832 0
15.71730776259754 1.9217552194589 0
14.99320609085614 1.863388672636441 0
-4.920738728203854 -2.938404865381754 0
-5.586994438670297 -2.938783597226976 0
-5.245358081237508 -3.209067176317435 0
-0.6245254645457921 0.04044248074002918 0
-0.5149509567615742 0.07502999530583063 0
-0.5445057743095506 0.1933132709863537 0
-0.6540802820937686 0.1587257564205522 0
-0.5845156194276715 0.1168778758631914 0
0.1714898276922246 0.07369802035812101 0
0.1771317313260829 0.08020362956244181 0
0.1773702016693211 0.07384777859044236 0
-1.151531072104001 -0.5073897388321521 0
-1.287916167520636 -0.5264108102486809 0
0.3888422482179312 -0.09130645948993293 0
0.3966427970747026 -0.09918219598957992 0
0.3967254477920897 -0.08201142208329285 0
0.3966841224333962 -0.09059680903643637 0
-0.7996538927859935 1.251529379525117 0
-0.7278229160093843 1.1379104445148 0
0.2882530575207073 -0.5083845972106302 0
0.2368943887258576 -0.5726818883334541 0
0.352327059431193 -0.5581238534890012 0
0.2946107240785254 -0.5654028709112277 0
-0.2376210725866428 -0.459259788645192 0
-0.2922685036981579 -0.4064444043637381 0
-0.04281471359483465 -0.2473728673708264 0
-0.1029810727281326 -0.2627522329855949 0
-0.08672194562428923 -0.3222692903682837 0
-0.02655558649099129 -0.3068899247535151 0
-0.06476832960956194 -0.284821078869555 0
-9.391941118678471 -6.959596361897628 0
-9.982550546278089 -6.392502856711713 0
-9.409483280772585 -6.321957999215026 0
-0.3409564180772952 1.642202348849812 0
7.421505953860327 0.2302136515568161 0
7.346065662196928 1.056371616280678 0
7.383785808028628 0.643292633918747 0
-1.970576996512865 0.5098512097692917 0
-1.829113051309403 0.275911863507866 0
-1.599805014969985 0.4157205328912502 0
-1.741268960173447 0.649659879152676 0
-1.785191005741425 0.4627858713302709 0
0.3548676672528869 -0.1842190520176775 0
0.3604303016409163 -0.2272611794959703 0
0.3788847010349198 -0.2055413517719843 0
0.3576489844469015 -0.2057401157568239 0
0.7406042544193223 0.05516131258131019 0
0.7469750937675238 0.06262057115784062 0
0.7399093492618463 0.062126778293663 0
0.7827259459963611 0.04387670937546077 0
0.7931999461569972 0.04308353662156118 0
0.7879629460766792 0.04348012299851097 0
0.3495343454720477 0.4880731108794552 0
0.3959633500130248 0.5273852068417931 0
0.3900099827316694 0.4845791732069683 0
-1.024994988185494 -4.895927659959158 0
-0.652991687832299 -4.695142459571869 0
-0.8654763236683752 -4.296626957791119 0
-1.23747962402157 -4.497412158178408 0
-0.9452356559269346 -4.596277308875139 0
0.9929911143472534 -0.5023832593562571 0
0.939333322393225 -0.4654935900719822 0
0.9455377205837345 -0.5119662591213079 0
0.014313954825487 0.0264881658517439 0
0.006356214634956207 0.02696975075577987 0
0.01000942030270826 0.02336010014696724 0
2.913662669307946 0.3798282852658891 0
3.028903196638262 0.5929328133365968 0
2.716128873739362 0.4707374888762149 0
2.872516035188812 0.5318351511064058 0
0.9377952412187165 0.02570368394097522 0
-10.9360052549879 4.853740138893418 0
-11.09398676998085 3.469472864825613 0
-11.01499601248437 4.161606501859515 0
0.8897544138295974 -0.4312141215572146 0
0.8389439889665591 -0.3911208005864499 0
0.8434150115104606 -0.4374681344007282 0
1.310377478817165 -1.091683871037428 0
1.195144875886478 -0.9984740860651838 0
1.211841327124179 -1.098561707587404 0
0.760281450372059 0.06129249809370835 0
0.7648522269464388 0.05234735408569289 0
0.766650396446531 0.05936948038553504 0
0.1014554338836039 0.155532391244386 0
0.08245870984848494 0.1700437123401239 0
0.08874977500105649 0.1330367085450595 0
0.08560424242477072 0.1515402104425917 0
0.6245330935684281 0.07451343766348054 0
0.6383684792419952 0.07304563449983822 0
0.6324394989033977 0.08080921510667746 0
0.6314507864052118 0.07377953608165938 0
0.6311697752587964 -0.06672636084295056 0
0.6247290288287244 -0.07485688589880929 0
0.6324567754879789 -0.08152979771493499 0
0.6388975219180508 -0.07339927265907625 0
0.6318132753733876 -0.07412807927894277 0
-0.7858517891232539 -0.5458164851384113 0
-0.9168598302430289 -0.5378474648075718 0
-0.9348973553731413 -0.6989725676904861 0
-0.8603745722481977 -0.6223945264144486 0
0.6321414123444027 0.1265435168365289 0
0.6122192310169643 0.1283468616950796 0
0.6212502616408757 0.1174322210211918 0
0.6221803216806835 0.1274451892658043 0
-1.433854777214276 -15.83700845055709 0
-2.238836069687153 -15.81809335406243 0
-1.637671372467145 -1.112493482489766 0
-1.860505622931038 -0.7992827025538967 0
-1.922910795085146 -1.05081929075226 0
-1.749088497699091 -0.9558880925218312 0
0.7841118853543119 -0.04552130864876906 0
0.7719994552107491 -0.04658644499518229 0
0.7783993521479577 -0.05225431117740133 0
0.7780556702825305 -0.04605387682197568 0
-11.65830486214109 -10.68814767454337 0
-10.83416233174209 -9.734145577076216 0
-11.8404492192253 -8.657449244428101 0
-12.6645917496243 -9.611451341895251 0
-11.7493770406832 -9.672798459485733 0
0.3142777729630607 -5.206630469859789 0
-0.03222926547633238 -5.52826059554937 0
0.3218029346943293 -5.553574923694502 0
0.7162430613851465 0.08043887787223816 0
0.7225161838582788 0.0704159909720809 0
0.7242377037934107 0.07875834198413596 0
-1.364398512892729 -1.169681329091512 0
-1.136064612596225 -1.243941406906663 0
-1.210894953240073 -1.092800401763717 0
0.1360918885085711 1.259178365532309 0
0.005398772121416151 1.335178987577327 0
0.02666038743910999 1.22405748177867 0
17.25861969039536 0.4840283542668294 0
18.11446557368968 0.7179848512078776 0
-15.30081807371643 14.29566681687617 0
-15.3085025239352 12.39941700586408 0
-15.30466029882582 13.34754191137012 0
-5.67244982771131 4.746164734329902 0
-5.350128576279277 5.099268453681734 0
0.5821898271419498 0.09790879723616376 0
0.5909092428087859 0.1085042826512161 0
0.5806558301526236 0.1083370130151422 0
0.1493395259746531 -0.2442697543165137 0
0.1742350195273726 -0.1990073290910225 0
0.1617872727510128 -0.2216385417037681 0
-9.8479428321562 15.54848710002818 0
-0.6935633572245394 0.4029354215672405 0
-0.6811464715288729 0.2799262852712018 0
-0.5593628852745732 0.2967196283919896 0
-0.6264631212495563 0.3498275249796151 0
0.6533318011729597 0.1254446126153294 0
0.6436115023934001 0.1375933067069494 0
0.6418617111239623 0.1143948227449089 0
0.6427366067586812 0.1259940647259291 0
14.1533111867543 -1.261281225757187 0
14.87783861293575 -2.073018484233389 0
14.95171668936467 -1.238722465849059 0
-0.09795993229190839 0.1847779478447343 0
-0.1016799798284 0.1400269425746606 0
-0.05772699429885729 0.1381782961676205 0
-0.05400694676236564 0.1829293014376941 0
-0.07784346329538286 0.1614781220061774 0
11.30273693865763 -4.51119118570255 0
11.78780954496171 -5.078827533303627 0
12.51199476980629 -4.453899861431765 0
12.02692216350221 -3.886263513830688 0
11.90736585423196 -4.482545523567158 0
-16.23912786333177 -0.5011477148794524 0
-17.10074098285168 -0.7312803505971665 0
2.47603051485718 6.553185713372978 0
2.181250561813018 7.118689192345306 0
2.042350388640949 6.679107150516163 0
1.045071283714657 -0.6763276834144449 0
1.118842919696829 -0.5985160781065492 0
1.057032574443786 -0.5365486389199993 0
1.051051929079222 -0.6064381611672222 0
-10.01069811740826 6.649196174589346 0
-8.784940839081868 6.471271108901155 0
-9.397819478245063 6.560233641745251 0
12.90253293867197 -9.002461312735743 0
12.82789821119259 -10.66059386124353 0
12.86521557493228 -9.831527586989637 0
0.9906664988159837 5.563952571265365 0
1.045801148708269 5.953051390932851 0
-11.44133967918127 5.572141791157994 0
-12.1306989510218 5.818245305438156 0
0.4313840679682873 0.1175351675103604 0
0.4492197650254399 0.1205151611311656 0
0.4395098802083638 0.1286210228643125 0
0.4403019164968637 0.119025164320763 0
-0.8716533096397836 10.55885219656291 0
12.96432606780452 0.2928257333776768 0
11.75402571403578 0.2551939162578655 0
12.35127106346591 -0.3663018846052315 0
12.35917589092015 0.2740098248177711 0
0.3800794447416473 0.08069425135730401 0
0.3859748759015593 0.08877803310766365 0
0.3784476201823567 0.08861555667270996 0
-5.413848924280213 1.979349035483276 0
-7.056983327804627 11.74436668660387 0
-7.074432927370707 12.40002704075954 0
-15.30211417625914 15.24360251397378 0
0.5465707579199204 -0.1296519330979999 0
0.5612503735943613 -0.1598245002701603 0
0.5539105657571408 -0.1447382166840801 0
0.6150838574088351 -0.6888684766489079 0
0.6976463090014708 -0.7355466352170696 0
0.6846038405962217 -0.6736829774224721 0
-3.327515044199836 -6.843372268463906 0
-3.70316696581706 -6.582036813333203 0
-9.997628880245255 -0.2019678599223187 0
-9.979786876094868 -0.6991785125091461 0
0.165370134670374 -0.08692622218600382 0
0.1564498371200752 -0.09538878083143573 0
0.1573003788250785 -0.08671620630776648 0
7.733468830969418 -3.100570361031031 0
7.188891551271271 -2.756569102080815 0
7.624029141622628 -2.67075962193478 0
-2.237585702940969 -0.9682866260846812 0
-2.326008243341496 -1.268385399989097 0
-2.124459519213321 -1.159602345370679 0
0.4726647490017183 -0.05948706071572191 0
0.4772463844588486 -0.06478601600168041 0
0.4776259280872485 -0.05953007691273322 0
-5.319067838368224 -7.06187565933037 0
-4.998206533645911 -6.728573233116018 0
0.3574602429093686 -0.1682894445430858 0
1.034618330393379 0.09665728211186009 0
1.089989710754711 0.09072439750980005 0
1.065934307629855 0.1163489644724333 0
1.062304020574045 0.09369083981083007 0
0.9149644988500472 0.03026765850631579 0
0.9087761771910834 0.03692948647975202 0
0.908485394290895 0.03049449408078269 0
8.464171692541049 13.96285706399125 0
10.14069226417352 13.95151476029776 0
9.302431978357284 13.95718591214451 0
0.1042303871182685 1.496095216672356 0
-0.01735390027476677 1.460202614698471 0
9.523203838947405 10.12310675964235 0
10.24544242811993 10.83041203650136 0
9.508521526719862 10.84328698782659 0
0.8038692004077561 0.04268194737929008 0
0.7991713854435716 0.04839541154186815 0
0.7985345732823766 0.04288274200042563 0
6.995311405317031 2.16902857108153 0
6.562154862820101 2.600615234198955 0
6.162399647665204 2.161250746867017 0
6.595556190162132 1.729664083749593 0
6.578855526491116 2.165139658974274 0
0.182313536445686 0.1446926251352566 0
0.1695869770922332 0.1322515057086112 0
0.1819731680677947 0.1318642970232154 0
0.4037934975877611 -0.07576065888867559 0
0.4099604004100996 -0.07475057484652713 0
0.6776366411272562 -0.1219529034217262 0
0.6852201210073539 -0.130874228452745 0
0.6944184800529358 -0.1225862492571182 0
0.6860275605900961 -0.1222695763394222 0
0.04930565238589855 -1.133410880806736 0
-0.01747382126971433 -0.9635216006124185 0
-0.0707128331932724 -1.085418784057701 0
13.40671314710572 3.150418639502532 0
3.236109553698728 -7.510920066518107 0
3.739372252460739 -7.813603558908479 0
4.156564510048829 -7.159616949266326 0
3.696337031873779 -7.335268507892216 0
0.7007586231879968 0.08105825459725086 0
0.6912618209560661 0.07338181324006247 0
0.6929029893117019 0.08129212426069374 0
0.901959938798174 0.04489006631454845 0
0.9189769252949892 0.04579718589087525 0
0.9104684320465817 0.04534362610271185 0
0.7571804568616942 -0.1964950834931505 0
0.7397365014177839 -0.1754154986110853 0
0.7327273711116357 -0.2164430899034734 0
0.7362319362647096 -0.1959292942572794 0
0.590418276744703 -0.07608738040992385 0
0.5995711119318058 -0.08269854639421526 0
0.5978073327839291 -0.07514391143676528 0
9.355265847310971 -8.213800323683685 0
8.190358345060936 -8.187737575219501 0
8.66511876393681 -8.782228007028507 0
8.772812096185953 -8.200768949451593 0
1.139611066583424 -1.463327028092276 0
1.09147095280512 -1.350379185469129 0
1.72381979390736 0.4039245725907693 0
1.668603289858087 0.2931068117003098 0
1.635432476057982 0.3725599943140234 0
-12.61701187066109 11.79348989085986 0
-11.7551713888387 11.02096207672336 0
-11.74071595083431 11.91395599041711 0
0.5501027600913087 -13.63636354562871 0
1.14521538281032 -13.04445456215853 0
0.5449560620163678 -13.03096934533736 0
-2.123227211996411 3.400998845967247 0
-1.833137939841598 2.938447528063073 0
-1.743318656070185 3.309018606378314 0
-1.978182575919004 3.169723187015161 0
0.6641386631544064 0.1127683284123447 0
0.6771865836993538 0.125823678482309 0
0.6652591924361567 0.1256341455488192 0
0.6524379662109987 0.07054178850654111 0
0.661103850062271 0.07744026098511134 0
0.659480168079853 0.07014411292311022 0
2.919059676721016 -2.097896152093609 0
2.642189912381915 -2.258137481033966 0
2.835961266225941 -2.563064353258775 0
2.877510471473479 -2.330480252676193 0
1.067736089138493 -0.07035166200243322 0
1.040651793358698 -0.09197943742870843 0
1.066845311500557 -0.09723930470311096 0
-9.131969250154082 -13.92389720433672 0
-7.522514975189433 -14.06486853304412 0
-8.327242112671756 -13.99438286869042 0
1.095419047395406 -0.3473392780878514 0
1.096918961738611 -0.3872141524629628 0
0.6744913606244025 -0.06978268597606158 0
0.6685371053065536 -0.06228423494040346 0
0.6662249772862772 -0.07682588726672908 0
0.6673810412964154 -0.06955506110356627 0
1.304249644385053 -0.2307003458289384 0
1.287030856483655 -0.1204569605037385 0
1.295640250434354 -0.1755786531663384 0
1.549507376056484 0.828230017391373 0
1.454250418093479 0.9301256711711496 0
1.351812011613029 0.8372661845964651 0
1.450659693834756 0.832748100993919 0
6.908438114197297 -14.77460565573042 0
6.94499394971336 -15.65207193474448 0
0.8844089631567817 -0.1246994418843871 0
0.9008077450143452 -0.1187597850191387 0
0.3422993723945902 -8.184202751408357 0
0.3434357663745863 -7.79053920771806 0
0.00210144369906299 -0.3643899463211424 0
-0.06598158192946882 -0.3960702195098748 0
-0.01593377734571164 -0.4141131548677224 0
10.64174671788039 0.1913017035442142 0
11.19788621595808 0.2232478099010398 0
8.686580756209397 0.005160341479019392 0
9.617296295944335 0.1103194635585286 0
9.151938526076865 0.05773990251877398 0
0.0155152073026497 0.03511811559420013 0
0.01889790151911926 0.02996062137053688 0
0.7788384696229183 0.3755305171168258 0
0.7397740697011699 0.3563830504222329 0
0.8006084411032536 0.3282395466992944 0
0.7701912554022118 0.3423112985607637 0
10.80756655673711 -3.929008097239809 0
10.09816212664271 -4.541873044894833 0
10.59333250856323 -5.124056133357573 0
10.70044953265017 -4.526532115298691 0
0.2428087918038908 0.09563860588413922 0
0.2445574740948938 0.08881808074356201 0
0.5753679444685216 1.570874272596747 0
0.8118385891140747 1.571646764314424 0
0.6936032667912981 1.571260518455586 0
0.4985585764309554 0.1064009190003846 0
0.5010791043201954 0.08790856844600384 0
0.5088768012174735 0.09690340795348754 0
0.4998188403755754 0.09715474372319423 0
-15.40180392842765 -1.220931181293986 0
-15.37893579778492 -2.003490304801133 0
0.4822824952384154 -0.1003483243799818 0
0.473841124381856 -0.09330605769946426 0
0.4669583417914684 -0.1025302525202643 0
0.4753997126480278 -0.1095725192007818 0
0.474620418514942 -0.101439288450123 0
0.2760231416960812 -0.08049999914407693 0
0.2772253166676403 -0.06900306165766745 0
0.2766242291818608 -0.07475153040087219 0
17.07034136629495 -6.801884352319562 0
18.06905106589968 -6.852857395682902 0
0.4587962734203785 0.09332026132318777 0
0.4671517647736152 0.1016964564284512 0
0.4590875403587074 0.1105694818623811 0
0.458941906889543 0.1019448715927844 0
0.7310653043971371 -1.205138272203684 0
0.8268389837744596 -1.185371303324969 0
-5.945192874787059 -15.62495162301081 0
-5.227253641343674 -15.64778496414807 0
14.3759858597133 11.0339742344467 0
13.63302485724375 10.26377004950737 0
14.40634894421287 10.21684228085435 0
5.060727430334921 -0.02970767738827612 0
5.298429973190333 -0.2912477660443186 0
5.318512555896068 -0.04417914061196596 0
-0.0952629251562197 -0.8352287660119835 0
-0.2443783887964126 -0.7426758320294164 0
-0.1698206569763162 -0.7889522990207 0
1.14008724628012 0.441507951598008 0
1.06587800166936 0.3949685339408055 0
1.110641185648459 0.3246391486576998 0
1.184850430259219 0.3711785663149024 0
1.12536421596429 0.3830735501278539 0
1.425545601065583 0.4179130541264581 0
1.348423431368068 0.5024308831262672 0
1.429637205692761 0.4953874568362289 0
1.2890279344115 -14.23803985250845 0
1.81385370046235 -14.69594577929406 0
2.223178556605346 -14.08801689801659 0
1.698352790554496 -13.63011097123099 0
1.756103245508423 -14.16302837526252 0
0.1614498381879468 0.6882177444947031 0
0.08746287163853021 0.7392358327970694 0
0.09156614841579711 0.669476285109703 0
0.5824844901337281 -0.1729432724376569 0
0.5647775274952807 -0.1782418322070959 0
-11.37365747008261 -5.195541623582887 0
-12.21291439875444 -4.577508748653826 0
-12.77291258038437 -5.556298597421664 0
-12.07328502523348 -5.375920110502276 0
0.1936960703915725 -0.0626634847696288 0
0.1996147931732429 -0.06266354302315988 0
0.8062682845679849 0.07264679055883967 0
0.8147668077654449 0.06132732163433854 0
0.8257827983617332 0.07049511310811621 0
0.8172842751642733 0.08181458203261732 0
0.8160255414648591 0.07157095183347792 0
0.242941485358498 -0.2038942172928651 0
0.2270173386441234 -0.1796623383839004 0
0.2019494258634921 -0.1940718597120614 0
0.2224454556109951 -0.1989830385024632 0
0.6895014382469546 -0.1669866346233104 0
0.7196489723886867 -0.1598286329426246 0
0.7045752053178207 -0.1634076337829675 0
3.143313755295736 -1.939875752224933 0
3.392346419668936 -1.928515986491904 0
-2.449766295050928 3.921788477564468 0
-2.545386233037584 3.502601439583629 0
-2.027607274009755 3.820185883948086 0
-2.286496753523669 3.661393661765858 0
0.4136203947956332 0.08858336988145976 0
0.4200134615383665 0.09425447430452519 0
0.4196013129985175 0.08781759382189364 0
1.048359758924255 0.2505813321321255 0
0.99708730596727 0.23023008247528 0
1.011829939996831 0.1877522137017451 0
1.030094849460543 0.2191667729169352 0
8.867789081738053 9.330044081191183 0
9.648002868429668 8.647168517949748 0
9.585603353688535 9.385137638796049 0
2.261229097628296 1.456400598835185 0
2.466607420633841 1.638911241770467 0
2.288668686998941 1.868413762727167 0
2.274948892313618 1.662407180781176 0
0.9090776735821012 0.08876157788422048 0
0.9247208742054727 0.09884065984304868 0
0.9114611357876192 0.1016203554773748 0
0.5171848051327782 0.08762472204775422 0
0.5175352697674988 0.09667734113144116 0
-6.196291538909215 3.32555173411567 0
-6.269996149800676 3.992067984174352 0
-6.941760016566068 3.905080741668281 0
-6.868055405674609 3.238564491609599 0
-6.569025777737643 3.615316237891975 0
0.4332348910059751 -0.5941210044832183 0
0.3860212673668515 -0.4883905684852309 0
0.4096280791864133 -0.5412557864842246 0
7.629762791159658 14.70504972986419 0
6.866452883493624 13.84866302343125 0
7.700861784875014 13.10647035755832 0
7.665312288017336 13.90576004371125 0
7.208404199393318 -7.046541186590043 0
7.695037649476383 -7.60297400582696 0
7.89049242513302 -6.440177854758168 0
7.792765037304702 -7.021575930292563 0
0.5644983200957413 0.06459798234774498 0
0.5693906638442026 0.06427739932082753 0
5.875504686344106 -4.839218025593027 0
5.925595747034915 -4.0580138435551 0
5.515732579964213 -4.486745734812934 0
5.90055021668951 -4.448615934574063 0
0.5571254581096825 0.1700375657862334 0
0.5545700337757521 0.1436706410303926 0
0.5558477459427174 0.156854103408313 0
-2.704196944062976 -3.792570920687029 0
-3.227208698777203 -3.855620774974707 0
-2.938780058883611 -4.096068420809088 0
12.75563428087854 9.441089690626736 0
12.76067834684624 11.21216947142699 0
11.88328777048103 10.38948911254635 0
12.75815631386239 10.32662958102686 0
0.9537141244219078 -0.07603847987908793 0
0.9313041150210757 -0.08161933615619069 0
0.9457249947789844 -0.09061205011975698 0
0.9425091197214917 -0.07882890801763932 0
0.9315078979899969 0.0804256439711836 0
0.9143511132953988 0.07749567087260975 0
0.9233950871815513 0.07104357828978675 0
1.364486124940879 0.1726005796662912 0
1.435742536069109 0.2192848259152883 0
1.383058297531127 0.2873261223333819 0
1.311801886402896 0.2406418760843849 0
1.373772211236003 0.2299633509998366 0
0.1200550277068268 -0.06796380993061374 0
0.1266912511125827 -0.07465971639991459 0
0.1265658105687763 -0.0681151843273103 0
1.669783507059609 0.9174502029283078 0
1.759414878463977 0.8066991342936873 0
1.65446112726023 0.8174645758425301 0
-0.05705465073848441 -0.1206013130874483 0
-0.05489464299147238 -0.1547313982972365 0
-0.03708804212218889 -0.1364286605598981 0
0.2636370389955602 0.0776681128670029 0
0.2753074592527177 0.0771630528490992 0
0.2701110408289142 0.08361253854957805 0
0.269472249124139 0.07741558285805104 0
2.72754621081888 0.004226359186443703 0
2.826712427551313 0.18456313179997 0
2.637260838666841 0.2904971609816172 0
2.538094621934408 0.1101603883680909 0
2.682403524742861 0.1473617600840304 0
-15.38544589483751 -8.312995587096788 0
-14.49644931671012 -7.407167305614804 0
-15.41493502199544 -6.33012291153951 0
-15.40019045841647 -7.321559249318149 0
0.7548564647301947 0.06890504933103406 0
0.752400079409388 0.05500801992051492 0
0.7536282720697914 0.06195653462577448 0
0.3160316445162679 0.3068343301630685 0
0.2917169270311536 0.2804045425925884 0
0.321245221743821 0.2557673750053024 0
0.3455599392289352 0.2821971625757825 0
0.3186384331300445 0.2813008525841855 0
-8.194894915139333 -5.347099192046153 0
-7.57933473244821 -6.378986459094442 0
-7.37602555971099 -5.613078394560461 0
-7.887114823793773 -5.863042825570298 0
0.9666794379634593 -0.0838169659665006 0
0.9742153333504071 -0.06765490515129728 0
0.9612500198088556 -0.05987641906388462 0
0.9639647288861574 -0.07184669251519261 0
-1.33689467924528 14.21948689545539 0
-1.9816271183306 14.17490929111258 0
0.8557033580009584 -4.057266343125253 0
0.6025300617894087 -4.330366482908312 0
0.886218189808433 -4.334457893432068 0
-9.605329476858802 -7.760372332118052 0
-8.999311689168366 -8.034170585916346 0
-8.785923330988034 -7.233394615695921 0
-9.195626403923418 -7.496883473906987 0
1.924436522875068 2.675198341585915 0
1.551359760433722 2.810079698918314 0
1.737898141654395 2.742639020252115 0
0.1970982492632452 -15.79579741007594 0
-0.6183782639755153 -15.81640293031651 0
0.5833720224116965 0.345692340240692 0
0.6147832951768984 0.3731525390260727 0
0.5843224344348432 0.3763197490247962 0
0.4663332783861303 -0.08539404542635984 0
0.4497508605130589 -0.08694504890648791 0
0.4581724560351715 -0.09500760915020226 0
0.4580420694495946 -0.08616954716642389 0
7.205585219268471 -3.732549838880145 0
7.705986822960652 -4.145675955082913 0
8.233870434661599 -3.513696477233799 0
7.719727826965034 -3.623123158056972 0
0.31103934648466 -0.1498466083297664 0
0.3122912534234089 -0.1262612871439426 0
0.3006527679522218 -0.1376528268382075 0
0.3116652999540345 -0.1380539477368545 0
0.6628908708376147 -0.05641879260879536 0
0.6573029387684128 -0.05619142695196162 0
1.179380698343166 -3.098557557058109 0
1.004388354531683 -3.32954302471072 0
1.250243739439471 -3.550888181737313 0
1.214812218891318 -3.324722869397712 0
0.2224943401515201 0.07900901426687634 0
0.2236567984142875 0.09507800994712307 0
0.2230755692829038 0.0870435121069997 0
9.087926999832622 -12.81998446068207 0
8.95349903748594 -13.69963837843991 0
6.796387002526111 -3.223432913501963 0
6.332613057025748 -3.637033714890459 0
6.76909913814711 -3.684791776885302 0
-10.44100248341765 -2.741608578368298 0
-9.86018259307431 -3.24052409833913 0
-9.907736397447639 -2.70728705481821 0
5.459601669023053 1.223729335397344 0
5.834277186079474 0.8490258248270645 0
6.224312934257668 1.296382602408925 0
5.849637417201248 1.671086112979205 0
5.841957301640361 1.260055968903135 0
0.6468811973495603 0.07911009279518155 0
0.6439252481034337 0.06447733021119779 0
0.645403222726497 0.07179371150318967 0
12.49736406803965 5.406018352813888 0
11.8579265402729 5.36057274656036 0
0.6340249698754992 -0.8442519861312705 0
0.7236175837944033 -0.8228322300070909 0
13.61809089642024 -0.3997155587403691 0
13.63244269589825 0.3072990280200124 0
3.838286240418612 -3.386237244932662 0
4.179094671283428 -3.121789812750798 0
3.875548825304812 -3.088163900821902 0
1.56940071089923 -1.576868641123103 0
1.715788278254033 -1.550568077479215 0
0.7956396064410097 0.08160701007758389 0
0.7978043809263626 0.06198123006548169 0
0.7967219936836861 0.0717941200715328 0
0.6079904485958298 -0.06149615279257684 0
0.5138190105791536 -0.07400047537841138 0
0.5115257697070779 -0.06832323753165143 0
0.1882770739138819 -0.06804883107114962 0
0.1828814658733812 -0.06202353187265569 0
0.1882884380218113 -0.06234845276178649 0
5.30889153553839 11.037185758507 0
5.691293976006209 11.74088642700413 0
5.098545182186744 11.62227925436206 0
0.415746595655095 0.6263343850884895 0
0.3604390344985032 0.5803747991119199 0
0.4058549728340599 0.5768597959651414 0
0.5575316167247846 0.09226364605347459 0
0.5510496531260407 0.1011889231989726 0
0.5500235173268895 0.09300599044762442 0
0.03298987439854216 -0.2780466250346138 0
0.01754565904880258 -0.321218285677878 0
0.3050756828012999 0.4415190129552362 0
0.2692249315815056 0.4012208784373198 0
0.3090616915908616 0.367261846578583 0
0.3070686871960808 0.4043904297669096 0
1.003811897566028 1.295628170590664 0
1.072493536328407 1.156662886196597 0
1.106263328894096 1.265017675154136 0
-11.85749927166999 1.370947636782363 0
-12.56086955125933 1.313894318892707 0
-0.03767894869217525 0.02033114480912026 0
-0.05425817620489575 0.02323550774413189 0
0.704524049747856 -0.05835457910588666 0
0.7056903699658414 -0.0655774223943259 0
0.6029620510686259 0.1404218698743583 0
0.6067565051460682 0.1523621766751931 0
-2.730475584377496 -11.05323696643072 0
-2.652613091755156 -9.918999930965716 0
-2.691544338066326 -10.48611844869822 0
18.26717002614214 -2.917497922890087 0
-0.1027684173165987 -0.2005903529886944 0
-0.1709507478292817 -0.1992262045686006 0
-0.1369659102787071 -0.2309892187770978 0
0.1695868550174676 -0.7714272464703495 0
0.09674165279416905 -0.8904034044412859 0
0.1888111572812053 -0.865905115472513 0
0.4994055231366081 0.1172862355308687 0
0.8432045943889801 0.5462706526452272 0
0.9137444980927947 0.5790067409140263 0
0.861552754964689 0.6013618447536917 0
1.546213909142055 -3.748232969281989 0
1.08030822413437 -3.821217370750918 0
1.313261066638213 -3.784725170016453 0
-0.243446563090131 0.5157759122863015 0
-0.3001106408602044 0.4701403436822152 0
0.4000201631923081 0.2784369517493597 0
0.3727900512106216 0.2803170571625711 0
0.3465322521229729 0.0975150045208252 0
0.3400478121799293 0.0910396375033099 0
0.3454119138700255 0.08440226702912682 0
0.3518963538130691 0.09087763404664211 0
0.3459720829964992 0.09095863577497601 0
0.3088845568990847 0.150163843935368 0
0.2780296355260644 0.1563607276317541 0
0.2934570962125745 0.153262285783561 0
-17.22741683179581 2.880545317463 0
0.550204050235007 -0.07863605255376632 0
0.5566303474257173 -0.07859009480617779 0
0.08199010769735818 0.06579405223273113 0
0.07207850985131298 0.07400476885458417 0
0.06661711205052233 0.06467924332606093 0
0.07430360987394026 0.06523664777939603 0
0.1139685119786267 -0.06636498916770403 0
0.9847189590673961 -0.03096289004949995 0
0.9883743973780574 -0.05678227531542275 0
0.9986051334112318 -0.04347396153672792 0
0.9865466782227268 -0.04387258268246135 0
16.44966407104367 1.191204556923648 0
16.43345743607421 1.945268082377656 0
-1.187237677166323 -2.094167463256436 0
-0.9307587052465996 -1.77357198507023 0
-1.199927465317943 -1.792283080716677 0
-1.058998191206461 -1.933869724163333 0
-13.58160766033891 -8.509121271301819 0
-14.46466232822284 -9.412863001073045 0
-13.54764641750823 -10.51519307166648 0
-13.56462703892357 -9.512157171484148 0
-15.36496820987368 -10.3285781338073 0
-15.37520705235559 -9.320786860452044 0
0.5748700819400341 -0.06502521677333865 0
0.5689340496546135 -0.0655459302710284 0
0.1478840079238989 -0.1324413972176622 0
0.1782376444006048 -0.1364455318846233 0
0.1630608261622518 -0.1344434645511427 0
0.1354214202365711 0.158206086700874 0
0.1165995514751058 0.1750536548778059 0
0.1184384270600875 0.15686923897263 0
-1.154849669169333 1.816558157571383 0
-0.9675043157715181 1.513371607196047 0
-1.061176992470426 1.664964882383716 0
0.7693462573702676 -0.09433900688916362 0
0.7601599730181037 -0.08321006725814693 0
0.7585286026786217 -0.09435812932834838 0
0.9519622795817022 0.01276083069549566 0
0.9468420904991717 0.01364472476389161 0
0.3380994905159306 -1.641934744229394 0
0.4998627692950544 -1.554949014826773 0
0.4002140705159108 -1.366257306718537 0
0.238450791736787 -1.453243036121159 0
0.3691567805159207 -1.504096025473966 0
13.22722380342938 5.272198255343427 0
0.7499934451456709 -0.0469173164696498 0
4.462815949450365 3.556191932114526 0
4.25029516903509 4.005015348946497 0
4.041152283714002 3.352529376076142 0
4.145723726374546 3.67877236251132 0
0.2355008937752663 -0.3078737825151646 0
0.1674324617047578 -0.2919716617579078 0
0.201466677740012 -0.2999227221365362 0
-14.53959016412437 -5.471912452986948 0
-15.41840461714476 -5.387253478218751 0
-13.74480699824356 -4.562824901875441 0
-13.56769574626517 -6.465386148533172 0
-13.65625137225437 -5.514105525204306 0
8.838807356845106 5.511282854831441 0
9.398424620152962 5.342200305966351 0
-0.431794228451978 -0.1416320147048295 0
-0.4328725554468289 -0.216791569688966 0
-0.3434564390278259 -0.2136290942619 0
-0.3423781120329751 -0.1384695392777635 0
-0.387625333739902 -0.1776305544833647 0
-3.277359646203153 -11.62444918083546 0
-2.722004072758279 -12.19855861737834 0
-2.175120010932623 -11.62734640297361 0
-2.726239828567888 -11.62589779190453 0
-2.140806002671422 0.7596230525343483 0
-2.379518647062931 0.5911398135791168 0
-2.209289640904374 0.3413679708140602 0
-2.175047821787898 0.5504955116742043 0
-9.152151847071121 2.641081690883433 0
-10.48301062974924 2.767354351544949 0
-9.944434704715094 2.045841324915275 0
-9.817581238410181 2.704218021214191 0
0.9044234975381695 -0.06349851156465679 0
0.9170691970110285 -0.07291921487950032 0
0.9145008683641739 -0.05057648994266192 0
0.9157850326876011 -0.06174785241108112 0
-15.32545704529238 10.50680076487498 0
-14.40891673906388 11.5664895142926 0
-15.31697978461379 11.45310888536953 0
0.4971622499099562 0.07407932095819302 0
0.4978701031343022 0.06854664006711644 0
4.289080357452938 -4.846065389270674 0
4.731406399585294 -4.507288194601293 0
4.420709184180076 -4.109650815309974 0
4.354894770816506 -4.477858102290323 0
0.1729195382095162 -0.06058241463143613 0
0.1774717678892173 -0.06667447721763325 0
0.177900106349906 -0.06130825909496143 0
-3.957713147801844 -17.279073294562 0
-17.07516460687829 -3.317211415253824 0
-6.680086249886735 2.018655647837958 0
-6.820283464281479 1.636793246065447 0
0.7388446270563882 0.1713590357186077 0
0.7262033218735066 0.1859028098554615 0
0.7231301398017416 0.1586652339190667 0
0.7246667308376241 0.1722840218872641 0
0.3211656216773721 0.8274542203222146 0
0.1746961886602428 0.8464560605593244 0
0.2525582543870451 0.7647412270623557 0
0.2479309051688074 0.8369551404407695 0
11.86170800082736 13.83534626402599 0
12.74993170742623 12.89430612227216 0
12.73099505927683 13.75350155762697 0
0.4222542991078155 -0.4260394668322711 0
0.3678664140300737 -0.3944824307800158 0
0.3316333822891097 -0.4568335324329754 0
0.3769438406984626 -0.4414364996326233 0
0.6737934335702178 -0.1828274705937196 0
0.6588074402196299 -0.2054103504397647 0
0.678999799385506 -0.2012473396343958 0
1.130936625402578 -0.7455840839430274 0
1.053997156990244 -0.7525093429831016 0
13.60165739384157 11.95443390236286 0
15.24489543487459 11.75389565155784 0
14.42327641435809 11.85416477696035 0
11.9089526604309 12.15204169133629 0
12.75530502713623 12.05323779684957 0
0.8958343099079744 0.05387212423418508 0
0.8875296468974242 0.04771611060060878 0
0.8936552757876237 0.03873405268097215 0
0.8947447928477992 0.04630308845757861 0
3.413831174441766 0.5777649612358743 0
3.221367185540014 0.5853488872862355 0
0.6167415307911541 0.06706141675136068 0
0.6176574420162966 0.0820910193073581 0
0.6171994864037254 0.07457621802935939 0
8.138273544399555 -12.20528749045959 0
9.636311722119345 -11.94923408437308 0
8.887292633259449 -12.07726078741633 0
-11.2251063200314 0.7490598588698467 0
-10.57491617473667 1.467451066498662 0
-11.20730912637526 2.089338844411178 0
-11.21620772320333 1.419199351640513 0
0.6683289411366622 -0.05650710938700823 0
8.050569090258154 6.826580254191288 0
7.743176201058125 7.520146556088515 0
6.956597167659933 7.20390784808853 0
7.263990056859962 6.510341546191302 0
7.503583128959043 7.015244051139909 0
18.09530711015345 3.258881973152079 0
-2.607522973462345 -0.1034801765445892 0
-2.729952493434242 -0.3920916753877581 0
-2.408478593012256 -0.5278581408229468 0
-2.508000783237301 -0.315669158683768 0
1.433462527762348 17.41045888283747 0
1.083223221334266 1.808140526472642 0
1.337489362917786 1.74494745495163 0
1.210356292126026 1.776543990712137 0
0.6084583993724577 -0.1113070351975152 0
0.6176210610230201 -0.1192543276491422 0
0.6255475992157236 -0.1081311769583091 0
0.6170029992940906 -0.1097191060779122 0
-2.299037717527435 17.30982798472075 0
1.910898505033552 0.8893721427083542 0
2.003675158325952 0.7257808352600696 0
1.881545018394964 0.7662399847768786 0
0.219482295676994 0.3137182748919896 0
0.1860936964790494 0.3027983360142535 0
0.2073324014368678 0.2889805890510935 0
5.861199780390248 0.4766272203546775 0
0.5989172834627057 -0.1516999702599715 0
0.6014922842335415 -0.1704229363816276 0
-1.355199326439156 2.158117039399723 0
-1.427061463351645 1.894528539436617 0
-1.255024497804244 1.987337598485553 0
-9.99508204368988 -12.94896040615215 0
-10.75860913650054 -11.79103031083939 0
-9.929663224501201 -12.06042920284587 0
-7.123521333097046 -4.83111007617584 0
-6.569552487644121 -5.899212935139582 0
-6.317048261030178 -5.117244616754961 0
-6.846536910370584 -5.365161505657711 0
0.7569517756406857 0.08455253416079174 0
0.7559041201854403 0.07672879174591291 0
0.4218912324060377 0.7574035798697019 0
0.483159478682283 0.6830121033516956 0
0.4188189140305664 0.6918689824790957 0
0.2316329091110855 3.896934323207712 0
-0.6489361847115688 7.963864064258845 0
-0.7029762625386935 8.453974364559933 0
-13.98220448261615 2.786873459384144 0
0.104576249014169 0.07105486468149885 0
0.1061079069079851 0.07904535345632904 0
0.2962020729241119 -0.07056105594612716 0
0.2998682366282542 -0.07874875030187689 0
0.2937690843135495 -0.07685209721341053 0
0.4681740361464012 1.213294891383376 0
0.4714239734432871 1.114354779116587 0
-0.3392213275502904 0.1550807612190683 0
-0.3569878816069458 0.2377227303088411 0
-0.4413689827861396 0.21437853996399 0
-0.4236024287294842 0.1317365708742173 0
-0.390295155168215 0.1847296505915292 0
-1.494221986170373 2.853152851134114 0
-1.367873863717294 3.176997234196105 0
-1.264608270941491 2.954371354438769 0
-0.06086130898987942 0.1021953083099127 0
-0.0968658688533648 0.09642882793661717 0
-0.0929164382776656 0.06007992483714087 0
-0.0768888736337725 0.08113761657352678 0
0.6294535567356078 0.1071100588214576 0
0.6108770730018098 0.1088420321872667 0
0.6190803680965419 0.09851986998753254 0
0.6201653148687087 0.1079760455043622 0
0.4656545018542201 0.08577466594538349 0
0.471269528782792 0.07797735663978833 0
0.4729738833232771 0.09166568670173159 0
0.4721217060530345 0.08482152167075996 0
5.260264129225117 5.055507725513416 0
4.883359143365603 5.63986081133047 0
4.305676363294862 5.296226223768123 0
4.682581349154376 4.71187313795107 0
4.782970246259989 5.175866974640769 0
-1.880071453712627 -2.545389314879695 0
-2.159471490831838 -2.448462193191269 0
0.06499168092605723 -0.0665573778741522 0
0.06607825417350241 -0.05912341701250601 0
-10.66639030647366 -5.783046599408005 0
-10.47824582982523 -7.118078919086557 0
-10.57231806814944 -6.45056275924728 0
-0.4361905919703563 14.82440199125385 0
-0.4179264894296605 15.67593076501122 0
-10.87842722898088 -4.522659328844844 0
-10.33189909211852 -3.889147640911533 0
-10.95751644615722 -3.323128364158526 0
-11.50404458301958 -3.956640052091837 0
-10.91797183756905 -3.922893846501685 0
0.7566518970358016 0.139545169592836 0
0.746261464525126 0.1542236248877858 0
0.7326703546670119 0.144859484231402 0
0.7430607871776875 0.1301810289364522 0
0.7446611258514068 0.142202326912119 0
12.85399426829932 -0.9640039467515635 0
13.50365272752681 -1.112642586254376 0
0.2594730130057318 -0.1483206542358848 0
0.2739615349665153 -0.1351734693966143 0
0.2601558316028759 -0.1203918810458058 0
0.2456673096420923 -0.1335390658850763 0
0.2598144223043038 -0.1343562676408453 0
6.978387666130534 1.362330638784264 0
6.601350300194101 1.329356620596594 0
-3.222375696479939 0.5373422366798568 0
-2.8843707525295 0.6694203024545655 0
-3.011917089975236 1.034355537001081 0
-3.117146393227587 0.7858488868404691 0
4.466438259094733 4.358444243448783 0
10.65019601088203 -8.484437605811753 0
10.14415750789971 -7.661876274109691 0
10.0027309290965 -8.349118964747719 0
-4.381915981857534 11.48177378163289 0
-2.897078398165331 -2.73217961322746 0
-3.306975202215578 -2.282387786646547 0
-3.36956752243611 -2.664989859519909 0
-3.102026800190454 -2.507283699937005 0
16.26780218169943 -16.09871467167022 0
16.26105104649175 -15.12125086247257 0
14.74081166432095 6.89572977643885 0
0.3470483905082857 0.1916839432488157 0
0.3611613297538596 0.1707816062928664 0
0.3656246231882596 0.1883826963484593 0
0.4232347972931598 -0.06212424021521711 0
0.4284073635064228 -0.06738424315627457 0
0.4282493598745166 -0.06212569418719534 0
0.9145512988803515 1.427861077090159 0
0.8808276508280031 1.202071196151771 0
0.8976894748541773 1.314966136620965 0
0.6175675590292276 0.06089404383649209 0
0.3599928414984823 0.09694994406958837 0
0.358842959058656 0.1163298740304455 0
0.3505032210199356 0.1067932636686324 0
0.3594179002785692 0.1066399090500169 0
2.644232966373969 -5.195882133565436 0
2.337127392300548 -5.308736785259692 0
4.637720413511639 -0.7100365702358755 0
4.995187877537747 -0.5470717711933385 0
4.82566839531526 -0.2440808323744737 0
4.468200931289152 -0.4070456314170108 0
4.731694404413449 -0.4770587013051747 0
0.8626239574647974 -0.04187681871625552 0
0.8576403329674092 -0.05208345663661766 0
0.8692432671489172 -0.05754982852504437 0
0.8659336123068573 -0.04971332362064994 0
-12.63063622161779 -11.59942063604451 0
-14.44243512784928 -11.4122191742961 0
-13.53653567473354 -11.50581990517031 0
0.998009626200578 0.07807168713686082 0
0.9789407597720987 0.0784332150292829 0
0.98741387251353 0.06879793579875497 0
0.6361596426513161 -0.05988851850770278 0
0.630242585153742 -0.06058056881264135 0
0.998428116778262 0.5962121944642098 0
0.9617972503549902 0.5471901594069677 0
8.064920123186626 -9.391290239695278 0
8.631281981729895 -9.385857730408265 0
0.1578331882546949 0.3380497127261657 0
0.1154879467624087 0.3019357899431905 0
0.1437484549867631 0.2666844132312784 0
0.150790821620729 0.3023670629787221 0
0.6738077577811128 -0.1495764269350313 0
0.6738005956756653 -0.1662019487643754 0
3.956737078559079 -12.40589558312353 0
3.929219315024209 -13.04316358223532 0
-2.020345352947088 11.64104587509627 0
11.47117949215038 -3.316316613894531 0
10.91004630077429 -2.714690146958992 0
10.24643336536101 -3.327381630304269 0
10.8588064287557 -3.3218491220994 0
10.12952150691236 0.1508105835513713 0
0.7340737210309964 -0.1408872556271818 0
0.7541612500600934 -0.1564741212956425 0
0.7369051112243901 -0.1581513771191335 0
2.821494890778627 -0.3493725578640958 0
2.962289368128526 -0.1654088288302359 0
2.586751733468982 -0.1797373698474161 0
2.774520550798754 -0.172573099338826 0
7.268352419615669 -4.827896513160489 0
6.29130599512568 -5.203025862378676 0
6.832525758476645 -5.4964708409783 0
6.779829207370674 -5.015461187769582 0
0.7326038910684405 -0.06175242544804169 0
0.4832715595273314 -0.1357645669843219 0
0.4946588875793556 -0.1235988429112185 0
0.4945973631634906 -0.1349731274540284 0
-6.155956863432243 -7.07796689872802 0
-5.713456169994048 -7.488743459411237 0
12.27886883466827 -0.955461258295771 0
0.7067745182992539 0.07290927322852797 0
0.7102271662738895 0.08858785924096103 0
0.7085008422865717 0.0807485662347445 0
-15.34271684491343 -12.32061292233711 0
-15.35384252739355 -11.32459552807221 0
0.6756157746319948 -0.08564395019992044 0
0.6674977502960766 -0.095442618208434 0
0.6668613637911769 -0.08613425273758155 0
3.031031021982058 0.08905503073571591 0
2.972346845645002 0.2344416580008025 0
9.21309365121062 -3.505427521228949 0
8.727447382333089 -3.046190989607019 0
8.723482042936109 -3.509561999231374 0
0.3227701051338808 0.208160987560485 0
0.3269422128577155 0.1885969492597439 0
0.3168532121009207 0.07580785612542756 0
0.9468659801746117 5.212928351925964 0
0.72518209104436 0.4781335040402653 0
0.679670869345133 0.4448490131628451 0
0.71301921192002 0.394848763635775 0
0.7585304336192471 0.4281332545131952 0
0.71910065148219 0.4364911338380202 0
3.267043440552088 -16.42934218274435 0
3.271666108949402 -17.3362019762749 0
4.591507006873591 -5.286653954716796 0
3.820054368789497 -5.178569631657967 0
4.12248101821015 -5.619158197104089 0
4.205780687831544 -5.232611793187382 0
0.2451470435967068 -0.1656632426872863 0
0.266266503545652 -0.1820427860179927 0
0.2628697582756919 -0.1651817201269387 0
0.806558588592067 0.0929851076517786 0
0.8300631323811725 0.09527924795907493 0
0.8183108604866196 0.09413217780542676 0
-1.955707484846588 2.290027672836088 0
-1.917426255027982 2.61379627860775 0
-2.105406461171928 2.473603668162334 0
1.751230763022537 -1.043413682441146 0
1.706457790336992 -1.155361298448639 0
0.472363024551494 -0.3070479935307238 0
0.5005909221164065 -0.2766810775196687 0
0.4730265186965215 -0.2476277113216276 0
0.4726947716240077 -0.2773378524261757 0
13.51036368577372 -13.38755942161463 0
12.59708421558663 -12.46273813358431 0
12.58203739907293 -13.43016497768833 0
14.43682855837755 -12.35626243729315 0
14.42074434778528 -13.31287707394487 0
3.247508227736673 14.83196907324124 0
3.256625241737496 15.68169485586581 0
11.09978022331821 11.42061828887817 0
11.06436509930048 10.60995057452385 0
0.7453326848838919 0.04960091375229211 0
0.7398109097719416 0.04944290823376796 0
1.040498187740908 -0.4901247968937467 0
8.259522297195989 5.147753133082237 0
8.415436255722973 6.135741150335803 0
7.836151196073857 5.772211428586599 0
8.337479276459481 5.641747141709019 0
16.24374256092016 12.40611929059795 0
16.13762784861621 11.46616998345122 0
-8.252699924956588 13.82557740672173 0
-6.986218535823692 10.28544961552365 0
-7.021600931814159 11.01490815106376 0
-0.1446804002619707 0.2437637512705733 0
-0.1341352862544891 0.3134996629683136 0
-0.1717597229081445 0.2815259245726722 0
-4.219092030541583 1.575867531891224 0
-4.173831945720971 1.142588558090129 0
-3.837127146634904 1.615302454176439 0
-4.005479546177938 1.378945506133284 0
0.5723913578463391 0.09016406733519688 0
0.5640152824706935 0.08341524988503032 0
0.5649614872855618 0.09121385669433574 0
5.166927044045226 17.30865314497842 0
0.4509691836380547 0.08557738721582535 0
0.4583118427461373 0.08567602658060443 0
16.50598367920512 0.4344624456986922 0
0.5705869407938358 0.184308246805358 0
0.555852102020437 0.1840409890657812 0
0.6323891639273631 0.8567083982757644 0
0.6435422881924666 0.9466673572525117 0
0.9590443002887079 1.96373568242091 0
0.9428036061450792 1.680136305089758 0
0.9509239532168936 1.821935993755334 0
0.002493241710847487 0.09483387360284626 0
-0.02290594823447602 0.09933751034636959 0
-0.003881145481191532 0.06985389462944044 0
-0.01339354685783378 0.08459570248790502 0
1.193912249905737 -0.6688297840532749 0
1.210583878204734 -0.8175574359938702 0
1.202248064055235 -0.7431936100235725 0
4.632952515003204 3.128892559289051 0
4.786526031723898 3.419095368084793 0
-0.5466444571127029 -4.075764623381873 0
-0.8037014760735174 -3.671957527154357 0
-0.8345888998709463 -3.984292242472738 0
4.055855136797828 -0.6463603109826739 0
4.146256591479193 -0.3711775327847756 0
3.810908672102697 -0.2505263736614785 0
3.933381904450263 -0.4484433423220762 0
0.3734624723508015 0.07540164613978373 0
0.3681172575267794 0.07579883115568052 0
8.220212925976425 8.657640995900644 0
7.981694563517275 8.088893775994579 0
1.091897165899283 -0.2301520299624204 0
1.121019177301377 -0.2746438336707997 0
1.157761721389611 -0.2455813435868142 0
1.124829443644447 -0.2378666867746173 0
-1.40254904955105 0.4943695643894094 0
-1.515032875207475 0.1976821026017098 0
-1.458790962379263 0.3460258334955596 0
0.2297254830658444 -0.1454582599014689 0
0.2283714108549839 -0.1625602991426846 0
1.321576914604259 2.622332013576192 0
1.126521920832855 2.8735450060712 0
1.338940840633289 2.841812352494757 0
-3.074992096262404 -0.239504824330546 0
-2.870627435513894 -0.7004097172295067 0
-2.972809765888149 -0.4699572707800264 0
0.8480000733162547 -0.1341317795773598 0
0.8292366507609759 -0.1184307029291963 0
0.8278940960394947 -0.1380610085304376 0
0.4040268585440518 -0.118728152405445 0
0.4003348278093772 -0.1089551741975125 0
0.3543275043701581 -0.103851911953919 0
0.3628627946271772 -0.1072857316657994 0
0.3656127630513 -0.09664542429431658 0
0.3570774727942809 -0.09321160458243621 0
0.359970133710729 -0.1002486681241178 0
-5.612658273969709 7.063319845414229 0
-5.278723951052047 6.598504891010919 0
1.271320128151571 0.4349591777997479 0
1.281664485712751 0.5712643843087329 0
1.204561182496254 0.5037926789822137 0
1.276492306932161 0.5031117810542404 0
-10.77240876772727 -5.152852964126424 0
8.566320236455512 -5.728974866682337 0
9.858916587178445 -5.756659382612336 0
9.317266646374184 -5.098238935366156 0
9.212618411816978 -5.742817124647337 0
0.916591046924303 0.3571370455181933 0
0.9596009389521578 0.4106039348042433 0
0.9128008456976342 0.4026999772209308 0
-6.14778708065692 2.674762381419902 0
-5.537083902336627 3.368756403342487 0
-5.842435491496773 3.021759392381195 0
-1.695637378674568 1.970797132365835 0
-1.593172510212334 1.788031435368744 0
1.00144032827085 -0.02708915404547525 0
1.007218758673003 -0.03761481612464369 0
-15.33395957982805 -13.29840959772599 0
0.1334154631185292 0.05641670351598234 0
0.1283719857624644 0.06115789319071317 0
0.1284836602066975 0.05608743803837236 0
6.122395762409663 -7.109047120303514 0
6.573035103235981 -7.621183834614031 0
6.757764858567 -6.534404472279526 0
6.665399980901491 -7.077794153446779 0
1.006499441935859 -0.0007182748172688876 0
1.00312845066082 -0.002485779449053592 0
1.003249720967929 -0.0003591374086323116 0
0.687175628300923 0.1109660347795557 0
0.6739166145101323 0.1030517747725924 0
0.6833376755794032 0.1011821471904563 0
-12.64323119611774 9.943691091184771 0
-13.52656553641618 10.75283454825565 0
-14.42561832344478 9.696406032431673 0
-13.54228398314634 8.887262575360797 0
-13.53442475978126 9.820048561808225 0
-15.31061057359751 8.625192440760486 0
-15.31803380944494 9.565996602817734 0
0.2346469693293752 -0.4660778127336476 0
0.1814684389820006 -0.5104742497721065 0
0.1847531261658871 -0.4612668959783858 0
0.09756911901436419 0.1087149504646942 0
0.08590137168476863 0.1013716172872771 0
0.09443995774785288 0.09974194521542394 0
-10.70227153664549 6.125959651968894 0
-10.47258194231553 7.401084147626673 0
-10.58742673948051 6.763521899797784 0
1.554196229790694 1.041459857950106 0
1.451068808379993 1.141313429675905 0
1.351122996682779 1.029979242896949 0
1.452659613236736 1.035719550423527 0
-0.8361201399416262 0.3906079946255181 0
-0.8480514294702055 0.5355939593751773 0
-0.7708073933473725 0.4692646904712089 0
-2.569434797632735 0.8862405832061562 0
-2.694454601959696 0.3743195328275259 0
-2.631944699796215 0.6302800580168411 0
0.08872520296194031 0.0648324081127208 0
0.2975897257264862 0.231347410821706 0
0.3220076634388509 0.2319641812828937 0
5.111132648974253 0.8990959512900447 0
5.131574397048221 1.263589326577573 0
0.9300212973026976 0.2508573143080919 0
0.9025731252365685 0.2836003271638822 0
0.8607310194717286 0.2504099282699461 0
0.8953761583872131 0.250633621289019 0
1.202864377045606 -0.908015761029527 0
0.580087111775194 0.08992507616217214 0
1.939696955404269 -8.115436331676682 0
1.713740320707484 -9.052009853897069 0
1.826718638055877 -8.583723092786876 0
16.27286402591889 13.35474569906697 0
-3.909591324576779 -12.2070437986811 0
-3.885653022344214 -11.58461036907245 0
5.640860207283769 4.455007677346311 0
5.96410483225398 5.4407780345407 0
5.802482519768875 4.947892855943505 0
2.281169240226553 -9.616598305764299 0
2.834495558835448 -9.566480533945525 0
0.6375898529769823 -0.2072407450857181 0
-0.5003659340303563 0.2555490841779898 0
0.5250117437957802 0.08102530697851018 0
0.5315127725875585 0.07973400847606753 0
0.3750435849343847 -0.0778899582060591 0
0.3626880505756429 -0.07966950943066728 0
0.3689940388970328 -0.08613696920912403 0
0.3688658177550138 -0.07877973381836319 0
-0.9793464983171535 0.356268691416765 0
-0.8037817997311276 0.2463185084883685 0
-0.8915641490241405 0.3012935999525668 0
0.7713885309466122 0.1298040207674158 0
0.7757375043817931 0.1044303645833176 0
0.7857705440451925 0.1185217505995989 0
0.7735630176642025 0.1171171926753667 0
-0.3679639508767023 -5.096110064322419 0
-0.7930387642134823 -5.414151076450378 0
-0.4126340148449072 -5.471205835999874 0
1.502503644561987 0.1391700960011955 0
1.582284060003223 0.1958753079106722 0
1.509013298036166 0.2075800669129802 0
-7.545429301948532 0.009790493511979859 0
-8.04361036842363 0.1360693664618148 0
1.855253140384467 0.318895120794507 0
1.963609328242385 0.4542605928621963 0
1.843714561074872 0.4290925827264828 0
0.4068808216812629 0.0819920274589324 0
0.401301128758602 0.07578700633359843 0
0.4072207867693109 0.07566724527582565 0
-3.209943606810868 -12.90536495754953 0
-3.885302838914917 -12.88333610222404 0
3.065569047687911 6.742977176351465 0
2.845548879189838 6.388069750954482 0
0.8459737749755407 0.04327715210489814 0
0.84676299008948 0.05044256513846325 0
0.1254610905780117 -0.08277532787923769 0
-1.517453420151818 -2.483268565751079 0
-1.665276758884908 -2.719881303052311 0
-4.321328054464756 1.995343223852627 0
-4.515127990198303 1.736236547777495 0
-16.10492004154912 7.672258634378531 0
-17.00802959059198 7.390538621346728 0
-10.8191383958167 5.489849895431156 0
0.3021315651595841 -0.09499261599010259 0
0.3049056683295633 -0.08435983329154678 0
0.307696227085404 -0.09100017531769006 0
16.2834834787274 -17.07393623166424 0
0.8152697078353764 -0.2906393594591166 0
0.8486521285539408 -0.3143598024968942 0
0.8452454238293576 -0.2852215298566674 0
3.385474136765976 -11.83125403586009 0
2.820843942111631 -11.84820481406628 0
0.2551268812463617 2.826092493887696 0
-0.2068678067741322 0.6173280544541742 0
-0.1526619858108139 0.4900399227601752 0
-0.1797648962924731 0.5536839886071746 0
0.8437980587602498 -0.3527403015416721 0
0.6011293149793424 0.1189871219087625 0
0.6020456830239842 0.1297044958915604 0
0.1529955925285653 0.1424590323102315 0
0.1696878814060013 0.1626155786633666 0
0.1525546508212862 0.1604108326821203 0
2.49741955223806 0.5697324417215393 0
2.56734019545245 0.4301148013515782 0
1.301065538952866 -1.590194451267105 0
1.164616172132884 -1.608839359536201 0
10.61272984561406 8.079552510117367 0
12.06470287578086 8.547375372026064 0
11.33871636069745 8.313463941071715 0
6.16251813704929 8.979395324633614 0
7.475667929239982 9.379759426365791 0
6.679675435584421 9.827297937917468 0
6.819093033144636 9.179577375499703 0
0.4004190167235686 0.08934079320701781 0
0.4070197057596009 0.08896208154423878 0
0.8393653354879264 0.07871360248354155 0
0.8356431264917726 0.06883308189819598 0
1.328205629296096 13.38957746372269 0
1.362894144001101 14.06488195798046 0
0.4739003964275577 -0.07731702769685322 0
0.4738707604047068 -0.08531154269815874 0
0.1328690570975687 -1.301242338968644 0
0.2852349392528918 -1.232591283069264 0
0.1672702958193952 -1.183001081938 0
0.3273344579438178 -0.09416506242579423 0
0.334583255703066 -0.09483292149881206 0
-2.407413635479399 -1.62030242251654 0
-2.254214128960536 -1.792055563436577 0
-0.297372507531141 -4.44906157119935 0
0.02608118562354874 -4.235401236934572 0
-0.2231907639580132 -3.862104289117095 0
-0.2602816357445771 -4.155582930158222 0
7.349827110916616 4.310253406166832 0
6.99298461083746 3.878864882962247 0
7.386526171740873 3.882111976081975 0
-0.2774882136886612 3.265103064681139 0
0.26397715044563 0.5775875500184062 0
0.3074552648400359 0.5295222978103398 0
0.3122080924720666 0.5789811745651631 0
0.4343689081757556 -0.1056553238853917 0
0.4507089692379781 -0.1051457862396055 0
0.442111334228395 -0.09641498252896001 0
0.4425389387068669 -0.1054005550624986 0
3.53957262959421 5.419993969832159 0
3.195916580416025 5.50172103897954 0
8.001593622989745 -5.223173719409175 0
7.853790222975198 -4.684424837246044 0
0.3050152691876713 0.08858811500640001 0
3.66843321979256 -5.841728735928867 0
3.308826863635155 -5.487147339003286 0
3.310428076827074 -5.849141873502173 0
10.41785316290827 -2.097494058599095 0
9.939049152965447 -1.957827040246813 0
-0.5924706286136585 7.513227174531993 0
3.799332059496081 0.6146166754638057 0
3.589134545103738 0.7742666510817857 0
3.606581616968923 0.59619081834984 0
1.756553591091171 0.2276900539404583 0
1.858901151959772 0.2201602318678243 0
0.3021239713367637 -0.06569638274608619 0
0.3064308648899288 -0.07143572538823482 0
0.3073077958638433 -0.06571872364979808 0
-15.4777859488973 -0.4524729365116565 0
-10.88914638400504 8.395641853175499 0
-10.19964117275649 8.136614352656572 0
-7.339488217964147 -1.641140470629107 0
-7.253346481432668 -0.9555134390533729 0
-7.664705064297246 -1.240569235489132 0
-0.6921692244978336 -1.071454421410304 0
-0.5128666226731665 -0.8963446539500042 0
-0.6025179235855 -0.9838995376801543 0
10.89763104157792 -7.017741620203944 0
11.50621634843907 -7.615831148410397 0
12.21145085410424 -6.910254114536823 0
11.60286554724308 -6.31216458633037 0
11.55454094784108 -6.963997867370384 0
10.15224594994524 7.226087865924518 0
10.35858322907709 6.569688451959521 0
0.6470134598940716 0.4030532313243713 0
0.6366143977445911 0.4829531600082524 0
0.6418139288193314 0.4430031956663119 0
-1.578510301356758 2.528501601678792 0
-1.705824120599178 2.733474564870932 0
-0.2724264393784319 0.7670466409087301 0
-0.2396471230762821 0.6921873476814521 0
0.08073371922895561 -0.1543614117119569 0
0.0931132597250464 -0.175678415733122 0
0.1136312669425353 -0.1616105891146645 0
0.09718249308574549 -0.1579860004133107 0
0.05765795402687497 -0.08099829592856961 0
0.06737664662063336 -0.07744990394994328 0
0.06132481747646611 -0.07377783690136089 0
5.968704897688599 -3.283848733423584 0
6.354408605278747 -2.827923244552333 0
5.521470532416798 -2.883158525076966 0
5.937939568847773 -2.85554088481465 0
-3.823718252086366 -2.625339758169797 0
-3.62126579268971 -2.843942138655263 0
-5.487973984722196 -9.025030534012846 0
-4.859205781619933 -9.658584120082224 0
-4.86467054062414 -9.019208017562185 0
0.7108426507719952 0.1087663910629348 0
0.7105349085229423 0.09867712515194793 0
0.3090776352891738 -4.569498518380453 0
-0.01234477057554419 -4.850029175949899 0
0.3116777041261173 -4.888064494120121 0
3.861922418363297 -8.317090146790139 0
0.2339143664994413 -0.1184205135199446 0
0.2285656097755854 -0.09899561051526162 0
0.2312399881375133 -0.1087080620176031 0
2.23776370893744 -1.48300002759072 0
2.394628749756356 -1.387789154844217 0
2.266451491190024 -1.195721473629812 0
2.252107600063732 -1.339360750610266 0
0.2781771891562124 0.1071722874925159 0
0.2866898498165615 0.09674540293255229 0
0.2872578074894717 0.1061922480506952 0
4.00139844677375 1.604904625440522 0
3.979161225174941 1.359416469328139 0
-0.008587239708854942 -0.077689556339406 0
0.007187237068711852 -0.08862556560301263 0
0.01760716399516295 -0.07548728599063276 0
0.001832687217596151 -0.06455127672702612 0
0.004509962143154001 -0.07658842116501938 0
0.7261719920511365 0.1206711418324051 0
0.7382693947394199 0.117883348514509 0
0.4337262668384225 0.149435197344882 0
0.4460908385764586 0.1426094698860922 0
0.4366180735233932 0.1390281101045972 0
1.81869522951088 12.84833348654001 0
2.389498473984372 12.83572378223572 0
3.408919283656791 14.14355134860616 0
0.8525950474339044 0.0374695562493053 0
0.8579909420575982 0.03673155684049628 0
-6.107570290310933 17.34657994353315 0
0.7685238640690648 0.7622450502670515 0
0.9476782887373878 0.8540047912065099 0
0.8581010764032263 0.8081249207367807 0
0.5518593950767128 -0.7247739532701999 0
0.5007138847218351 -0.6335785546365342 0
0.557898871065335 -0.6612235156427211 0
2.718220314209349 -0.7297114059153349 0
2.492096361819342 -0.8101842928438143 0
2.666469473839749 -0.9030254243770176 0
-2.969060891067834 1.911429845660543 0
-2.886309210840546 1.555291085105746 0
-2.52373371543044 1.632598470565051 0
-2.746397303249137 1.772014158112797 0
5.160261838164445 -7.110206113314661 0
4.676289260791936 -6.64565930090951 0
4.658413174106637 -7.134911531290493 0
0.7973849584030643 -0.08126885340786023 0
0.7886189163695183 -0.09245240008914504 0
0.7987869432273361 -0.1011727267671087 0
0.7980859508152002 -0.09122079008748449 0
-4.296658418151399 -4.522947230661812 0
-3.776886849447421 -3.948831404889458 0
-4.03677263379941 -4.235889317775634 0
0.9521346645553952 2.635666422626431 0
0.7839348379474579 2.453854704081068 0
0.961014477660225 2.28345261122948 0
1.129214304268162 2.465264329774843 0
0.95657457110781 2.459559516927956 0
0.3195336121237837 -3.996269201462431 0
0.5986377449138265 -3.8179391960049 0
0.0903919198282675 -3.657693501402645 0
0.344514832371047 -3.737816348703773 0
2.227490463968462 -0.7783550171707072 0
2.100854550405245 -0.7309776617527459 0
2.187905648834966 -0.6709116352621476 0
2.960768869024643 2.007975220142897 0
3.125067518168777 1.706608438383401 0
3.290705967726173 2.19173385885083 0
3.207886742947475 1.949171148617115 0
0.7605827815099335 -3.120384635596144 0
0.8232426110472382 -3.581890223630565 0
0.7919126962785858 -3.351137429613355 0
0.5100028872979017 -0.4135804312274332 0
0.4585400630521224 -0.3766798926301936 0
0.4661285932028586 -0.4198099490298521 0
0.5545795230437096 0.0658214392245825 0
0.5444071996841354 0.06601165029438869 0
0.5494933613639225 0.06591654475948559 0
-1.548523864642067 -0.1186070761951564 0
-1.683986287737022 0.06963469880916029 0
-1.531778369924771 0.03953751320327667 0
4.103936139064077 -3.76116814428497 0
4.812674365338481 -3.76757697161022 0
4.495901320222482 -3.419094300585216 0
4.45830525220128 -3.764372557947595 0
-12.65285408989396 -7.567340114220185 0
-13.57465170330204 -7.487253709917495 0
-11.03368217998485 -7.947007684145596 0
-11.8432681349394 -7.757173899182891 0
6.244795821103665 -0.3899725836431955 0
6.682891439056297 -0.7391288787749057 0
7.043455269601429 -0.2636476868572452 0
6.644125545352547 -0.3268101352502203 0
-1.25404719800843 -5.609609679181194 0
-1.468907324464831 -5.935901662068201 0
0.3560764864603754 1.311036973247972 0
0.2343216427996819 1.397582040977257 0
0.2460841874844732 1.28510766939014 0
0.8548221356328647 0.08853109783079988 0
0.8424426340070186 0.0919051728949374 0
0.6522725151394976 0.2002242953200047 0
0.6751058276713719 0.1885756623894692 0
0.6595409185114431 0.1840038161010197 0
0.6139171225667635 -0.1356183022502779 0
0.5974723447657362 -0.1209468535081355 0
0.5981948141142209 -0.1363234118840535 0
0.02406988224832968 0.05582528596332424 0
0.03491515615243453 0.06559568338649074 0
0.02258650241391997 0.0761571467261644 0
0.01174122850981513 0.06638674930299789 0
0.02332819233112483 0.06599121634474431 0
0.2579072023546584 0.07736771397794612 0
0.5435866143586677 -0.08520514637416206 0
0.5436580617337494 -0.07153271072648906 0
0.5436223380462085 -0.07836892855032557 0
0.3790525818505176 0.07490608174045121 0
-0.00310534168920675 -0.006711068985991205 0
7.16168650916493 5.27120509873809 0
6.589525369951035 6.009335216342794 0
7.212838283012445 5.890773322464696 0
5.994910151294251 6.639995609027306 0
5.369489613597196 6.071438427225212 0
5.979507491774116 6.040386821784003 0
2.719321067537699 1.146599741176712 0
3.033270565863707 1.257567086431136 0
2.924914872214745 1.058421061668877 0
-9.769945022545588 -3.815215159946024 0
0.5605261632716646 -10.73430189404759 0
1.00337243703353 0.1297019492232667 0
1.036796401267581 0.1506145476418849 0
1.00760118851518 0.1587270814625059 0
11.05023259347143 13.05863608385771 0
11.00120013250044 13.89343051216188 0
0.6001056741344319 -0.1005420754245238 0
0.5998383930331189 -0.09162031090936952 0
0.9730609396010295 0.01546522990598415 0
0.9807452402243664 0.02328810626950223 0
0.9723337327527732 0.02288601312084939 0
-0.09145363154735026 0.24047513306247 0
-0.0425770105092516 0.2257614279050235 0
-0.02446678459768631 0.2793678614425251 0
-0.07334340563578495 0.2940815665999716 0
-0.05796020807251828 0.2599214972524976 0
0.265831162810945 -0.2271228671464573 0
0.2660488331782985 -0.204582826582225 0
0.810631861710752 -0.1118404670393039 0
0.7980333073866193 -0.112931040380277 0
0.6331858754445007 -0.0988035816316718 0
0.6328213254662398 -0.09016668967330339 0
9.71124264083908 -3.936284410044491 0
9.729763508285817 -3.416404575766609 0
-0.07733384039532715 0.467526144811877 0
0.0002120536816403659 0.4281854001447359 0
-0.01538952254128451 0.4904133915369081 0
-5.216709353097496 7.950333846667556 0
-6.33345433193548 7.34124135521357 0
-5.775081842516488 7.645787600940563 0
1.259321919054592 -0.03404580803172446 0
1.273176387769124 -0.0772513842677315 0
0.9471694413019041 0.3201430589396012 0
0.976945272772324 0.2731794952929455 0
1.03334941069395 0.3062446498170605 0
1.003573579223529 0.3532082134637161 0
0.9902594259979266 0.3131938543783308 0
1.049935060324916 -0.04622271055945014 0
1.070138108375004 -0.05015736714441935 0
0.6006570008312534 0.0983591929297204 0
0.6008931579052978 0.1086731574192414 0
0.1905966737253496 -0.09714236736868559 0
0.1786897420126874 -0.1084772034967441 0
0.1885667617788308 -0.1189721583532709 0
0.1895817177520902 -0.1080572628609782 0
0.9404185479718489 -0.02570515185093077 0
0.9472099263627389 -0.02585181095248491 0
0.8394729845240985 -3.819578283377909 0
0.4583755921930024 0.130533130065825 0
0.4587315662758548 0.1205513059641031 0
1.023860155881514 -0.2267617886213505 0
1.057878660890399 -0.2284569092918854 0
0.8719947308589675 0.3205943137424743 0
0.828936800340862 0.2894907225028538 0
0.8363015859811106 0.3244169302208844 0
-0.03316493339535877 0.005148492749024607 0
-0.0202438948510413 0.01154861833230676 0
-0.02896142177160827 0.01593988157071351 0
0.1628515020550037 -0.059725237809275 0
0.1577723247950553 -0.05949526868346081 0
0.707566082300529 0.05267643021403166 0
0.7033346093678043 0.05926594638605198 0
0.7016877512312933 0.05343411798784433 0
-4.388628463732683 0.1629359294609361 0
-4.613755695901347 0.6408895809615591 0
-4.73072145011054 0.3136432457717853 0
-1.129929432500621 -6.874398644090356 0
-3.991661536148765 0.3545382464549707 0
-3.792296007864285 0.02090533425276328 0
-4.090462235798484 0.09192063185684969 0
-1.60791012965193 3.676532513858553 0
-1.487891996684612 3.426764874027328 0
0.8125504663899243 -0.04193987112516578 0
0.8234301597465092 -0.04033326431728409 0
0.8179903130682169 -0.04113656772122494 0
1.168847258421377 0.02085454042297972 0
1.163153719979956 0.05178241526577462 0
-0.1213201662769395 0.2142708495576538 0
0.6233657854696371 -2.345469142116064 0
0.7765218312572283 -2.208094208916756 0
0.647013897197713 -2.041086205362941 0
0.4938578514101217 -2.178461138562249 0
0.635189841333675 -2.193277673739502 0
2.623657781299385 -15.68705619927449 0
3.47799226749884 -15.75930734361691 0
0.6561753551763511 -0.3857199986065633 0
-1.437410627707377 1.087029772541404 0
-1.20528369466172 0.8913184061384134 0
-1.321347161184548 0.9891740893399086 0
1.533627838900313 1.2982033383235 0
1.418079529457059 1.265218876604297 0
0.4779050311812514 0.178268448298272 0
0.4790647910366892 0.165282096044154 0
-0.7767156102960233 0.1251179796377189 0
-0.7289310409124481 0.2025221324544604 0
-11.15064794817805 2.779405854618395 0
0.836860888398985 -0.065696976409686 0
0.841078478481428 -0.0550474299493937 0
0.8349298275008903 -0.05841150876335277 0
0.8455336859994778 0.1491230180948913 0
0.8197598311964811 0.1453225312297149 0
0.8338712788867322 0.1341810815650476 0
-3.877485534436245 3.59677577917578 0
-3.855315290874378 3.118915542271397 0
-3.641648662110276 3.365057916620398 0
-1.678846317605434 1.025243003660173 0
-1.885606518840159 0.8966654887491863 0
-1.710057638889441 0.8374514414064242 0
-8.278618587371179 -7.588043066645385 0
-7.956390895660874 -7.090467194803207 0
-8.371157113324454 -7.161930905249564 0
0.52826745160871 -0.2458456583128172 0
0.5306779916305859 -0.2239647150145008 0
0.106195433663805 0.06496138617416661 0
0.9569448416665471 1.065822956512105 0
0.8584792796312777 1.097492692633717 0
0.22382163675674 0.4294895456868141 0
0.1905814705579021 0.3784679491635071 0
0.2359847653826678 0.3501992819140127 0
0.2299032010697039 0.3898444138004135 0
3.82401517014385 -0.01412397236218123 0
4.199364724769764 0.08515913557002161 0
4.127645400493782 0.3743085746148242 0
3.975830285318816 0.1800923011263215 0
7.325765811667254 -5.934376707485006 0
7.946043024061384 -5.831675787083672 0
0.1927065221699409 -0.1334537478433649 0
0.09814644480025383 -0.09833629953128931 0
0.1084013088526635 -0.09964071531664036 0
0.162952331002736 0.07852337062243048 0
0.1650221954701391 0.07221741978930699 0
-0.05541349577407483 -0.201211807244372 0
0.003234189405141044 -0.2354627225579899 0
-0.02608965318446689 -0.218337264901181 0
4.015633559560537 5.728903374576205 0
3.922624496444536 5.358110096800141 0
0.1250447680079237 0.08888668065769242 0
0.1216556022868916 0.09927253101761555 0
0.5295136260739017 -0.2750130743196661 0
2.566571414196833 -1.587424567808543 0
2.760066861445295 -1.415801200008811 0
2.577347805600825 -1.401795177426514 0
-3.046027098938235 -1.042614594850768 0
-2.725266217433132 -1.185637540737932 0
-2.549866554008792 -0.8434326631166715 0
-2.797946826473513 -0.9430236289837196 0
0.756735323496489 0.0483374730229718 0
0.7621831829329024 0.04675011898701851 0
-0.25551336393043 0.1096219525490157 0
-0.1845770282049224 0.06895978282682616 0
-0.2200451960676762 0.08929086768792092 0
0.5664748928440085 -0.1015774980884061 0
0.5585277516646606 -0.1141789897484269 0
0.5697832676354161 -0.1124209296077812 0
-6.049450046893505 -2.096263057820197 0
-5.818222242781902 -2.517523327523587 0
1.157933433824486 1.036125818411616 0
1.042384739162627 0.9452858887271245 0
1.057439137745517 1.05097438746186 0
-7.818105327589249 -4.528834248749734 0
-8.376839078550443 -4.746447901082556 0
0.2206149864952321 -0.09149790597597046 0
0.2358432806577359 -0.09110232136055647 0
0.228229133576484 -0.09130011366826346 0
0.5597300552095592 0.7237312191898108 0
0.5375279175717878 0.6636802683415316 0
0.6812226564444908 -0.07562397796647843 0
0.6806421941521782 -0.06888781394979725 0
1.136329769604286 0.5048547881070671 0
3.53104549101092 -1.026359660049069 0
3.772011984001819 -0.8928859841006718 0
3.567841937609184 -0.8391148931442024 0
-1.196742225859291 0.6996191390215944 0
-1.023138628965069 0.7000185132785514 0
-1.114211161813394 0.7956684597084824 0
0.8688234059485085 -0.1474381860854553 0
0.863585630524528 -0.1113930353762916 0
0.8662045182365182 -0.1294156107308734 0
0.282378928441338 -0.06450702674336668 0
0.2777106892477536 -0.06445556420244145 0
4.272790633445497 2.975762869483752 0
4.834449318935572 2.680866566787708 0
4.553619976190534 2.82831471813573 0
0.2685163879841318 0.114089434018327 0
0.2713210458851955 0.09746730132379672 0
0.2699187169346636 0.1057783676710619 0
15.327368604529 -11.31917684643721 0
16.24191434041733 -11.21592096848456 0
5.07789121046832 -4.883030603145605 0
5.169247769081188 -4.111003326268622 0
5.123569489774754 -4.497016964707114 0
-3.654056901135569 5.876876229952009 0
-3.217710791422808 5.150819096104167 0
-3.086235094229676 5.736126401096953 0
-3.435883846279189 5.513847663028088 0
0.9335645489694586 -0.4213837952733005 0
2.493479492498211 -1.965714445664421 0
2.380424096925843 -2.369293179685469 0
2.436951794712027 -2.167503812674945 0
-0.1415605915959343 -0.417481398558856 0
-0.172090040424963 -0.4796366791124805 0
2.223591963643258 -0.2696384550594483 0
2.301259369610205 -0.1702903522747062 0
2.181948730111404 -0.07558703038593076 0
2.104281324144457 -0.1749351331706728 0
2.202770346877331 -0.1726127427226895 0
0.1565008829549095 0.1296286085631525 0
1.023091553128046 0.002652949135823091 0
1.028198489198966 0.01189360090982423 0
1.018122858497667 0.01764443147422268 0
1.013015922426748 0.008403779700221535 0
1.020607205812857 0.01014869030502288 0
0.9390539117563987 -0.1752006731151436 0
0.9688659625445099 -0.1493794020546868 0
0.9494277215333755 -0.1257155326316775 0
0.9442408166448872 -0.1504581028734106 0
1.758701486056514 -0.8276944032717903 0
1.646831977530937 -0.9107350245565644 0
1.754966124539526 -0.9355540428564679 0
1.530926143686608 1.816616342181031 0
1.564670623750217 1.994537485079833 0
-7.098637520788364 5.300293335203257 0
-7.014481616418513 4.593958657924073 0
-6.327731250861194 4.68433118796907 0
-6.713184385824779 4.992312261586163 0
-11.69462267905916 -11.69522547344195 0
0.4488431697471992 -8.635815147320935 0
-1.739840928144071 4.693028864323017 0
-2.202087643575903 4.851024277654836 0
-2.348578486440017 4.391496656521635 0
-1.886331771008185 4.233501243189815 0
-2.044209707292044 4.542262760422325 0
4.756368099599383 0.263664191923984 0
4.933750374286818 0.5813800716070143 0
0.4702516696495637 -0.1417212267041211 0
0.4666635963857244 -0.1570500017779845 0
0.3974695920836951 -0.1361952322049797 0
0.3848305053961368 -0.138244076678595 0
7.432443616367257 -9.976471144429325 0
7.385412222405249 -10.61638757818566 0
-11.69671977328882 9.125939873115643 0
-12.6378245624769 8.00135148081227 0
-11.76348547324097 8.198496666993885 0
-2.990921162984022 2.326732083515815 0
-2.811494674957835 2.51642412190874 0
0.033181810454024 0.04862404542792419 0
0.01781794284597406 0.0479591175391392 0
0.02549987664999903 0.0482915814835317 0
2.319438664025368 0.6879508820397948 0
2.483782367634703 0.7348645788128241 0
-2.409714303703994 0.1617211408614144 0
-2.892263271718047 0.1091182154215224 0
-2.650988787711021 0.1354196781414684 0
0.1461491070948173 0.07526267294744579 0
0.1536057635114945 0.08597036642346539 0
0.1355640113562338 0.08284928327971225 0
0.1445848874338641 0.08440982485158882 0
-0.3120099834307166 0.8554262534970811 0
-6.825758827658976 -4.107211173887704 0
-6.21709207843316 -4.400806879696102 0
-6.360261485860459 -3.912618377741924 0
0.2629966021692882 0.4829681998861208 0
0.3062654738206679 0.485520655382788 0
1.85971965658292 -3.876840379543344 0
1.758992513096418 -3.629672812519424 0
-1.434847464198478 -1.466179998445489 0
-1.536259418332811 -1.289336740467627 0
0.08011096447043661 0.2635896943448365 0
0.08053941645613941 0.3384489558234144 0
0.04516243416416733 0.3001028602250604 0
0.08032519046328801 0.3010193250841255 0
-2.815982868648624 4.503114410320062 0
-2.632874581849776 4.212451443942266 0
-6.745718167469667 2.588500424625598 0
-6.413936665271828 2.346709014628931 0
-7.727254909213674 9.557739608578588 0
-8.40870693794399 8.687523603974789 0
-8.420466094973488 9.421888717024851 0
3.318397074317395 2.816666347211991 0
3.602767801401201 2.464284776063225 0
3.304551521021784 2.504200103031411 0
3.875038085586269 2.137553862507386 0
3.904651603601415 2.749641272967552 0
3.889844844593842 2.443597567737469 0
0.5166847113563701 -0.08815140665307983 0
0.5152518609677619 -0.08107594101574561 0
0.2318199247826428 -0.1319393867107067 0
0.2361349472231963 0.1066049045101088 0
0.2248845326733649 0.1062918334721153 0
-3.323869656118942 1.902340705863997 0
-3.34572992803513 2.317642943719269 0
-3.157395409551482 2.114536394689906 0
11.00748020751611 -2.114206580174305 0
-10.53995774404196 0.3075943550823691 0
-10.04551506117387 0.8452038743709419 0
-10.02157197070956 0.3216180072243116 0
-5.614714726650791 4.053901530535184 0
-5.971222988755994 4.369116359252127 0
-7.265642810292394 -7.495436684904448 0
-7.902717815134698 -8.1628640013781 0
-7.310117090883301 -8.127132763934092 0
4.422738633266651 6.107842447137134 0
3.989049119336313 6.127250399937626 0
-1.013072095238163 0.530107032428491 0
-0.9355950292176372 0.6178062363268643 0
0.9520183286498782 0.04786611401214345 0
0.9563013501012702 0.07116633226566427 0
0.9541598393755741 0.05951622313890387 0
-2.280036027350737 1.029560259930245 0
-2.423156927083076 1.336780346798115 0
-2.712555697365075 1.193460670074026 0
-2.496295862357906 1.111510465002136 0
-6.782825046646066 -13.34995453215736 0
-6.669794947611798 -11.75179351050753 0
-6.726309997128933 -12.55087402133244 0
2.563646894988375 -0.4988930089654691 0
2.45703705978477 -0.3113053102245128 0
2.282104418864248 -0.4031685409717803 0
2.422875656926311 -0.4510307749686246 0
-10.98888838947239 -2.750358625864002 0
0.2879213795486634 -0.1240758658843424 0
0.2873071514593686 -0.1364131481174109 0
0.2700953806320459 -0.3390701495491949 0
0.2659470709361961 -0.2781656022608739 0
0.268021225784121 -0.3086178759050344 0
0.1737878999515521 -0.07951417968837902 0
0.1726933179055842 -0.09667998328493602 0
0.1811110831867624 -0.08926794078731121 0
0.1732406089285682 -0.08809708148665751 0
0.4529749944676474 0.3948201407997358 0
2.490587541045181 -2.729811016817903 0
2.764138344670351 -2.81498605329375 0
-0.1022495645339963 -0.1541099440415588 0
-0.07883153015403555 -0.1776608756429654 0
0.372832839946962 0.1542518796033243 0
0.3564033685601298 0.1407615209991573 0
0.3587823491569947 0.1557715636460118 0
0.4624131536728539 1.437079330170298 0
0.4652935949096275 1.325187110776837 0
-1.183507370863162 0.500758356034269 0
-1.081426934590157 0.428513523725517 0
-0.01354278965597853 0.172653069599274 0
-0.01977163354345389 0.1353204982040774 0
0.001005898160847845 0.1504794156529746 0
-2.024836543519474 1.166602696145083 0
-2.082821273095448 0.9631128743397158 0
0.2155926536599394 2.066997460421438 0
0.3884007471202223 -0.3498947409112181 0
0.4289096384269533 -0.3421216836027565 0
0.403997259697049 -0.3204377267740054 0
-14.44012427470545 7.859578091430201 0
-13.53897441859118 7.930464786121235 0
-15.23443374265707 6.906644285048245 0
-15.27252215812729 7.765918362904365 0
0.06980461138712493 -0.1949366846444114 0
0.09308205211283675 -0.1992850508411546 0
-2.573662714956625 -9.373739362586559 0
5.561687587697767 -3.704828862088224 0
5.205114183955061 -3.361402507429823 0
5.187180976518125 -3.736202916849223 0
-4.394311447684474 3.577085680896092 0
-4.1479982116893 3.862886788028822 0
-2.566339926456266 -1.402969981627236 0
1.252307774326234 0.9370771787619426 0
1.254528215253633 1.033052530654283 0
1.014904508386873 -0.00246522414506048 0
1.01113761744232 0.002449483500404566 0
1.010701975161366 -0.001591749481164684 0
-12.90287404652678 -3.68621977955651 0
-12.20345931477318 -3.821429915824174 0
-13.74262051088131 -3.677086510349823 0
0.7839012144951594 -0.2672423467630683 0
0.785212089720406 -0.2953784928521782 0
0.8412165197050484 0.1879460628604175 0
0.8235952378403253 0.2192776999340806 0
0.7864265821095484 0.1973056642509889 0
0.8040478639742716 0.1659740271773258 0
0.8138215509072984 0.1926258635557032 0
0.8830167184918528 -0.03275798312679382 0
0.8770112305889813 -0.03304546231772511 0
3.673013253869921 3.126407779559942 0
3.972901943657709 3.051085324521847 0
7.042419274976895 -8.189627623789185 0
7.537739970561449 -8.774391193181726 0
7.616388810018915 -8.188682599504343 0
-0.1433377263499754 -0.1431920385114006 0
-0.08998642663268268 -0.1105932351480359 0
-0.1310745884486618 -0.09967532961787767 0
-0.116662076491329 -0.1268926368297183 0
0.7798366971996145 -0.1677154114837544 0
0.7730937299972984 -0.1501007189837714 0
-0.883579104278756 1.382450493360582 0
-7.682789145897786 4.504059139303877 0
-7.610067546045341 3.815181223048085 0
-7.312274581231927 4.204569940486079 0
0.4416452162233813 -0.07938079299598648 0
0.4418782752258881 -0.08789788776247325 0
-10.80865996600979 10.20321085865423 0
-11.72594558106376 10.0734509749195 0
2.308564989286258 -0.904594839618823 0
2.287508240238141 -1.050158156624318 0
0.7960138987657113 0.1044694210433242 0
0.785094916614654 0.09309132346912946 0
0.7958267526033606 0.09303821556045402 0
3.027536585312498 -5.023200464266552 0
3.423795477050998 -5.10088504796226 0
-3.546027500736918 -3.669298370233376 0
-2.949113150407891 1.294823311053414 0
-13.51296430486248 11.67998970257623 0
0.5445411405679765 -0.1026497496409944 0
0.5325841468232362 -0.1181226929905674 0
0.5455559492439483 -0.1161508413694971 0
0.6115099240191464 2.256639147412882 0
0.6008222815776398 2.434367192326192 0
2.863816530182145 1.549812992229764 0
3.079169042016242 1.482087762407269 0
1.824782861657156 -0.5210988700828375 0
1.94338318852116 -0.6137885887480181 0
1.926347771949458 -0.5056100823435328 0
3.227393188911834 9.969693340457727 0
3.114463129708951 8.842029309390792 0
3.170928159310392 9.40586132492426 0
5.02156472023723 8.201600370025137 0
5.59204142864326 8.590497847329377 0
0.7013366439069988 0.1224114058076025 0
0.6913475993054294 0.1372690495103559 0
0.6892616138031764 0.1241175421449558 0
1.245184684507474 0.3006478619514144 0
1.181220665345383 0.2451580242949362 0
1.24651127587414 0.2428999501896605 0
-4.26036307138336 3.027395641423755 0
-4.163678308695655 2.592456168340269 0
-3.758630528186672 2.683976069187912 0
-4.009496799785015 2.855685855305834 0
-7.150679056045847 -0.4024655250807981 0
-6.724375891403673 0.005809817160486841 0
-7.134902596676103 0.00780015533623335 0
1.055012204460125 0.7445436171430087 0
1.026720160619194 0.6703779058036092 0
0.08687587563595829 -0.1035722016617538 0
0.08205379099613083 -0.090720696136905 0
0.09010011789819233 -0.09452849783409716 0
7.027502031873709 12.24318695021981 0
7.832105148962368 12.31081502206016 0
5.808736078231868 2.067234838142539 0
0.582640120859846 -0.06957425920755311 0
0.5831606609606986 -0.07721048356192009 0
-0.04031647126666665 0.118757903256995 0
0.0968541875869159 0.1921159974211392 0
0.1150940366962872 0.1941151198795728 0
-1.952167565456359 -0.431180132068304 0
-1.725298594644669 -0.2621419003655249 0
-1.872880369778628 -0.06575674997262428 0
-1.912523967617494 -0.2484684410204641 0
0.4238988868575576 0.1086418420000382 0
0.4226060909217877 0.1176702834593816 0
13.57391214766273 -11.52269965929329 0
14.45064037609587 -11.42093825286525 0
11.85107027911648 -11.60063233553455 0
12.7124912133896 -11.56166599741392 0
1.464201440660344 -1.725439241979628 0
1.516961641136971 -1.89442560990371 0
0.8052507935349473 0.05575508212453258 0
0.8100237465136488 0.0474399570745019 0
0.8123952771395468 0.05438363935442021 0
2.210496095777943 1.141428867758363 0
2.056192646805204 1.012614682629996 0
2.173012236032255 0.8568869950426359 0
2.191754165905099 0.9991579314004992 0
9.515189144993673 3.586078210057247 0
1.621851138513509 -0.5145774650803164 0
1.437836243685494 -0.5135976817996121 0
1.529843691099502 -0.5140875734399643 0
3.034280689764392 -3.809801249599076 0
2.809468445284998 -4.511816895650437 0
2.921874567524695 -4.160809072624756 0
0.6418878285886118 -0.1065085821464496 0
0.6504917481855559 -0.1156123936485663 0
0.6586772803069108 -0.1063891944808995 0
0.6502825544477613 -0.1064488883136746 0
1.342270458719133 0.06290186434989835 0
1.290237154637396 0.02194087903250708 0
1.340966864592071 0.01742581536536097 0
0.7071257703208698 0.1481219062647376 0
0.7166659851861401 0.1343161565770728 0
0.7198980624939408 0.1464906952480697 0
6.264524805376391 -6.096498605772821 0
6.795145308521822 -6.015437656628913 0
0.8956236932796042 0.08169927454768455 0
0.8760187455117228 0.08566547907752275 0
0.8858212193956636 0.08368237681260365 0
3.443791045636089 -3.643236898162315 0
3.773863592350083 -3.702202521223643 0
6.667548989805366 -14.0773793072663 0
0.1491903783540342 -0.1063379785017852 0
0.135615337442726 -0.1149631517254679 0
0.1379461558811392 -0.1042321619703695 0
0.4336893146706884 -0.07420085058391074 0
0.4274084389458864 -0.07385657775160637 0
0.8066592510208848 -0.04200593581522916 0
-2.01800713335101 0.1405204147260814 0
-1.850996710544016 0.1050775567676208 0
0.5182050299672155 0.0807284940120378 0
-3.490565208889371 6.525739293985961 0
-3.887472826655923 6.284989087080081 0
0.6410198476357976 0.08730570271945351 0
0.6555719925677699 0.08558322506108945 0
0.6482959201017837 0.08644446389027148 0
0.7856871216157311 -0.05901801316871785 0
0.7787090627002675 -0.06680848608697697 0
0.7785542074241125 -0.05953139863218915 0
-0.116440223486866 -3.335763473647894 0
-0.4300229072731467 -3.540174261362345 0
-0.1698154937224396 -3.598933881382495 0
-1.299645637705171 0.596994351705502 0
2.597507613163315 -14.82654027584388 0
2.679714859334344 -14.23922900395387 0
0.0874622931220152 -3.133745389306694 0
0.4848300825986539 -2.944511246771884 0
0.2861461878603345 -3.039128318039289 0
0.6173787292838369 -1.733387039302019 0
0.6383240992502444 -1.59267515786201 0
4.272072671541896 -0.8880843187859446 0
3.988229518745887 -1.134609991903943 0
4.022042327771858 -0.8904851514433082 0
3.688844357331997 -1.358127687766519 0
3.47010300085371 -1.249155413390975 0
6.314089689224312 -1.190799280913269 0
5.950365530265922 -0.8355790089384195 0
5.948879835891978 -1.210697875863546 0
0.6760960991654008 0.3678623468060898 0
0.7079350844332853 0.3621226986141614 0
1.025733936663414 0.03888401080983329 0
1.023669523846603 0.06995507804154311 0
1.024701730255009 0.0544195444256882 0
0.8236760417862996 -0.1062151677097714 0
0.2455328256492847 0.105346654595601 0
0.829481926405734 -0.04007434085983344 0
0.2686280951136039 -0.08971411456731937 0
0.2769175168028052 -0.09704570535097928 0
0.2764703292494432 -0.08877285224752812 0
12.96465555395353 -7.42710795649956 0
12.17412690279442 -8.324493295630219 0
12.93359424631275 -8.214784634617651 0
0.8672371406009012 -0.0805123630165942 0
0.8654113855627146 -0.09595269919644288 0
-3.552180228110901 2.50080950645359 0
0.554903887996867 0.3193827557618113 0
0.524134637794854 0.3172247061035286 0
0.2369445363070438 0.1459225758474464 0
0.2415898718988758 0.1350873269244419 0
0.1878187882775615 -0.08079337704485445 0
0.1892077310014555 -0.08896787220677002 0
-4.926000864553499 3.43600962081659 0
-5.270357795602146 3.744955575675887 0
-0.3645451997536907 -0.7370112130591939 0
-0.4387059112134286 -0.8166779335045991 0
0.806023654801848 2.131634491835497 0
0.9600293889744664 2.123594146825195 0
0.2654371637606244 0.174725218379788 0
0.2498206743939286 0.1641594536921614 0
0.2639251549599965 0.1602600906619577 0
4.620248044240119 7.493660013817344 0
4.442199066079273 8.135429383939252 0
4.908869103498243 6.539420063031876 0
5.282440527985383 7.055129753841113 0
4.764558573869182 7.01654003842461 0
-5.617695940733189 -5.244817570836473 0
-4.878149614179911 -5.14145730341937 0
-5.193084626380518 -5.505569916043713 0
-4.574517887270146 14.08836431014429 0
-6.09159244123107 -9.218684712564066 0
0.814482642316586 0.04099935325194377 0
0.809175921362171 0.04184065031561692 0
0.4676923712242772 -0.05966582146339508 0
0.05022850397594608 0.1019247158824611 0
0.06845339454399182 0.1139099769534147 0
0.05212241470498948 0.1188157264540995 0
0.7315146201626421 -0.1100096942065279 0
0.7176414031334016 -0.1281471372616345 0
0.7327941705968193 -0.1254484749168548 0
0.1309648141359732 -0.1458191301817823 0
0.1332900757893496 -0.1303911409536251 0
2.150101586319066 0.5568447222572286 0
2.116407242642117 0.4137812344553528 0
0.5993864906646378 -2.713075769200631 0
0.6799846360872857 -2.916730202398388 0
-6.384473053478107 9.665266313268067 0
-5.212892759918042 9.123201412049696 0
-5.798682906698074 9.394233862658883 0
4.052389652565848 0.6423042612813716 0
0.6646287944225931 0.09292089167904624 0
0.662866322242432 0.08518057633207879 0
0.8807532284759423 0.04042550135591842 0
0.8802603259505069 0.04777411681666295 0
0.945225669012566 0.1077343633717149 0
0.9520126927970903 0.08931934749984979 0
0.9383667835012814 0.09408000367144922 0
0.5601277369488507 0.0706933238615855 0
0.5620715097097722 0.07705428687330791 0
0.793353615301152 -0.06475248556468735 0
0.7919856243312253 -0.04998835860871917 0
0.7926696198161887 -0.05737042208670326 0
0.7828542730159035 -0.2149121622761501 0
0.781345485107759 -0.1913137868799522 0
1.224543725079922 -0.4442850541829081 0
1.184955996845352 -0.5092439584064467 0
1.173979620525697 -0.4587194780909472 0
-6.613086760095284 -16.40312934085479 0
-6.366679599312405 -17.23811403525652 0
-1.747120950330058 3.955016878524184 0
0.4439511378927975 0.07866738707847623 0
0.4443461166053705 0.08588484250513306 0
0.4184561990475409 0.1676019760934525 0
0.436135013802609 0.186349128377477 0
0.4183295187079953 0.1846803180419925 0
1.693162584180006 -13.04036377928942 0
0.3464654489536018 0.07768770492936501 0
-3.534384650459547 0.1716419528515111 0
-3.603253733866218 -0.2581230442693665 0
-3.34534237646148 -0.1073864256706187 0
-3.568819192162882 -0.04324054570892771 0
0.382660550308256 -0.08315819077073044 0
0.3808455077711251 -0.07667027726897395 0
2.389683188424089 1.284029346282884 0
2.08204200498215 1.313800120310663 0
2.235862596703119 1.298914733296773 0
-2.703315331787982 5.027381855479781 0
-3.016846830035716 4.826966753212114 0
14.03497675151933 -2.950008986182103 0
12.65982155848543 -3.285767363072754 0
13.34993953271423 -3.830643507945155 0
13.34739915500239 -3.117888174627429 0
14.86296932024266 -2.926979791114096 0
-0.8452839748793063 -0.3349228065590778 0
-0.7470976438398508 -0.4083779586276745 0
-0.6504134771349841 -0.2892702871723257 0
-0.7485998081744396 -0.215815135103729 0
-0.7478487260071452 -0.3120965468657018 0
-4.310315473065505 -2.542359824311493 0
-4.615527100634679 -2.740382344846623 0
0.0007393638189746726 -0.8628160852266347 0
9.514254643606634 -4.517261672705324 0
-1.139521093096962 -5.252768669570175 0
-0.7086018827831575 -1.500188700453086 0
-0.93852711985292 -1.517262045893729 0
-0.8196802940148785 -1.636880342761658 0
1.214746158587962 -2.914110538548403 0
0.2772249385797926 0.09069594121201638 0
0.2825026151183832 0.08160250145804339 0
0.2845962324674724 0.08917395219529783 0
0.4143986375140644 -0.1436336217201287 0
0.4208618290109819 -0.1597638287224539 0
2.832715507725233 7.353094793577337 0
3.298057720732629 7.172007925669934 0
4.319673665558142 -6.165933521209997 0
5.294968719259212 -6.184624907571989 0
4.938353124025418 -5.704899127872475 0
4.807321192408677 -6.175279214390994 0
3.301755212041298 11.0195482701504 0
3.446091337439058 11.59264763666736 0
0.1844222697594642 -0.1819892998867121 0
-4.235088274791618 -2.139092373284317 0
-3.74849105381248 -2.222072307142622 0
-4.029403263438992 -2.382216065727057 0
0.3935577244052872 0.08127390458060779 0
0.393196946312564 0.08905941315734073 0
6.532534595472237 11.29007651975835 0
6.359398003939959 11.99203668861197 0
0.3976556483842854 -0.07545691305360666 0
-2.776364738988143 3.317639062596738 0
-1.657612676298955 2.240771968168063 0
-1.825672431760577 2.130412402600962 0
-9.415033591152302 1.423594132787555 0
-9.994974882944483 1.445522599643109 0
-8.407513352362164 2.982313907300118 0
-7.549942178902761 3.094131531313964 0
-8.008790449203753 3.398747565174102 0
0.1303145710535684 0.07315504329991156 0
0.1293432784080164 0.06715646824531236 0
1.078563040641455 -2.223974809656925 0
1.235001895123394 -2.22834356338591 0
-0.1689896985741283 0.03004146882889259 0
-0.1558499320932703 -0.03728761362183577 0
-0.1624198153336993 -0.003623072396471586 0
-1.466854813897957 2.343309320539257 0
0.9326022104417448 -0.03162682377133482 0
0.9253380401136937 -0.04082551572684376 0
0.9334190796183057 -0.03991434536226869 0
-4.272474335987022 8.197247777841589 0
-3.65622514766995 8.069739692829206 0
-4.113220406375655 8.989853609378834 0
-3.884722777022803 8.52979665110402 0
-9.984735312293624 -13.82351115286407 0
12.91337566465301 8.558506207368501 0
0.8466439102001442 0.03731386543503191 0
2.16155691117566 0.7068658586499322 0
-4.792052488252385 2.886319581344253 0
-4.59318196796843 3.231702631120172 0
2.663930083520757 7.937551386209821 0
2.422590322666887 7.528120289277563 0
1.409575557943588 -0.09251572545554178 0
0.9746521024679189 0.09658623026346842 0
0.9654767262845946 0.08387628126456635 0
0.2806172520641081 0.3344675009447241 0
0.3125466680535647 0.3370480883708257 0
8.171728505489018 9.354901753778487 0
0.8290786765127602 -0.07755502842119066 0
0.8202536547072803 -0.07417457955451853 0
-0.04660083713014777 -0.08615095985053639 0
-0.07953261302434604 -0.07614288191112395 0
-0.06829363188141523 -0.09837209749928613 0
0.2962123082015065 0.07524118040259331 0
0.4763392098142317 0.07145595635999313 0
0.4820526654237466 0.07020375433303744 0
0.1210928904432129 0.3696906529760271 0
0.1558371805005575 0.3740793010697671 0
0.402645091757157 0.1311454957672624 0
0.3903908836990052 0.1254954196111539 0
0.3986191641328292 0.1221488002053492 0
0.4575008319844402 0.1419566476156694 0
0.09096047585630881 -0.06291935238553512 0
0.09697019477047096 -0.0634466189904058 0
0.9527497486981916 0.03926811048044748 0
-1.640827813778222 -11.66557727705338 0
1.304466818119266 2.434240963526629 0
0.9501633304976435 0.2079079014904263 0
0.9635543016349837 0.2405436983916859 0
0.2137017459630033 0.5173216205588074 0
0.2187616913598717 0.4734055831228108 0
0.8622006525436674 0.07569799402783423 0
0.8625652641196881 0.06586707137943709 0
4.813861772398948 -3.100396837187408 0
4.496478221841187 -3.111093324969103 0
0.46988059024861 -0.2268957737489297 0
7.839900953672984 -0.1262819081185678 0
8.263240854941191 -0.06056078331977421 0
7.461850269414086 -0.6201432465326291 0
7.441678111637207 -0.1949647974879065 0
-6.7226430493557 -1.849136635181759 0
-7.133057058976614 -2.060304715816792 0
4.896114123431923 6.089640437181173 0
0.1819537399725965 -0.07438253426043651 0
0.1880479310957217 -0.07442110405800204 0
0.2719012339264548 -0.1103978436423317 0
0.2817209460155581 -0.114174145210494 0
0.2867372288919084 -0.1008220069191416 0
0.2793192314091816 -0.1056099252807366 0
0.2780272940977775 -0.4145267479559928 0
0.2831401758092424 -0.4614556725833114 0
-0.3223668755385759 -1.417710626272081 0
-0.5118689755004425 -1.48419351158158 0
-0.2639659301321668 -1.642721103543146 0
-0.3879174528163047 -1.563457307562363 0
5.580943755097571 -0.5899329334509262 0
5.288065816317658 -0.5685023523221323 0
0.1756298339203847 -0.07309432845300615 0
0.4704487190232342 0.07190788375024929 0
0.5001524033855704 -1.044950825312523 0
0.6041732560860427 -1.126676873052103 0
0.5792595665454783 -0.9412398313230032 0
0.5917164113157605 -1.033958352187553 0
0.9961949486949665 0.01977949103985628 0
0.9905461792480847 0.02845687939166019 0
0.9884700944596664 0.02153379865467926 0
1.791873576600073 1.035655874539243 0
1.676286299331158 1.159665529561041 0
1.673034903195383 1.038557866244675 0
0.4691366168294442 -0.1174940053633176 0
0.477369264592126 -0.1245906688452276 0
0.4836323604107097 -0.1166691826826918 0
0.4763844886200769 -0.1170815940230047 0
0.9123512724813914 0.1618248486067669 0
0.8790788286829021 0.1556039559365274 0
0.8806901656987703 0.127355770438154 0
0.8965207190900808 0.1445903095224605 0
0.5393197212515886 0.06640443181401415 0
-2.68430022420858 -3.355638655884629 0
-2.790689311186955 -3.043909134556044 0
2.343667557947885 -7.688706592605369 0
2.789888555823307 -7.599813329561739 0
0.8543521547078501 -0.03806894786886167 0
0.8471728006542419 -0.04555133142207984 0
0.8474823856825073 -0.03869737328547668 0
3.541757345924688 0.9817515387152838 0
0.03791519684889279 -0.06671993147196206 0
0.04546719053361487 -0.06205458872472613 0
-8.805893585300343 1.85395646209707 0
-8.896302843340081 1.319923153746408 0
0.1476797184041284 0.2421935112860359 0
2.532861972782817 2.046085915620251 0
2.133917681959317 2.110510624491812 0
2.333389827371068 2.078298270056032 0
0.409212748029058 -0.1311808870627869 0
0.5569760685836587 0.1191168648936632 0
0.5540128608548497 0.1101528940463179 0
0.2001793714111358 0.07997371574663915 0
0.1996466585574224 0.07424836965111227 0
0.08624668510772793 0.8251603739150375 0
0.6438372524642553 -0.06371397625967225 0
0.6416025267352359 -0.05817324674974616 0
0.1708458847438041 0.08887315888514349 0
0.1622258241276493 0.08742176265430444 0
0.520663331298197 -1.267029599915585 0
0.4056842000351779 -1.133363576266312 0
0.4029491352755444 -1.249810441492424 0
1.803282778623889 1.300514870982333 0
1.668455308762101 1.299359104652917 0
1.704170543311401 -9.610837081895314 0
-0.3170981793972383 0.2827584628024251 0
-2.096197741944433 -0.6527121037909565 0
-2.323032147976613 -0.748072383453814 0
1.937167718371725 1.158898414460885 0
1.924033111702638 1.024135278584619 0
0.9312573014895175 0.1848663750485966 0
-0.0008572306645698736 0.03582311697182437 0
-0.002327693231809521 0.02901424396608783 0
0.007826677202195854 0.03377862376151641 0
0.002749491985193166 0.03139643386380212 0
3.216477041459856 -0.2349111460186697 0
3.520079287459223 -0.2324625884783343 0
3.374144017564961 -0.3604946022260487 0
-0.1131874594178342 -0.05664577286263978 0
-0.143462260270966 -0.06848147161985671 0
1.006408188544641 0.01141482500064513 0
1.00877290299348 0.00693215425052485 0
1.331654382399825 0.3644284734362598 0
1.404301949298355 0.35261958822992 0
1.24922289217216 0.7360137204981458 0
1.149718654885364 0.8358247146636234 0
1.250765333249197 0.8365454496300442 0
-0.7439204579173899 -2.697055606300367 0
-0.2948225768077249 -2.642992083736396 0
-0.5193715173625575 -2.670023845018381 0
0.9745142915900857 -0.02524268841867743 0
0.9812912360276028 -0.0237265453848961 0
0.2707160433570548 0.09053991993668739 0
0.2540148775882377 0.234109788134349 0
0.234126591099722 0.2366458737534438 0
5.897218058325119 10.40621419860929 0
5.32269910633892 10.42284418930649 0
0.4477010655321352 0.2707767489144804 0
0.4700460623785151 0.2666180239508157 0
0.9170154300569198 -0.03218075247334957 0
0.9157581492105468 -0.04137862120800574 0
0.2518557163698415 -0.08989738438492804 0
0.2429665175855441 -0.08260078477738497 0
0.2438494985137887 -0.09049985287274225 0
2.095351618660082 -2.432557300793787 0
1.914704731246234 -2.338219309082609 0
0.6679748595509534 -0.1152619990755973 0
0.667736304923515 -0.1053523086420156 0
-4.587404016165655 -4.832202267040591 0
2.248733284839211 0.08079156179282909 0
2.018258762490911 -0.0009818047569491589 0
2.13349602366506 0.03990487851793997 0
-0.5778828487090443 -0.341116411010333 0
-0.5942657395629583 -0.4417844526525941 0
-0.4654457998819561 -0.3521813606957359 0
-0.5298557697224572 -0.396982906674165 0
-4.510382691201203 2.437802861953779 0
-4.828957975315408 2.549089368668167 0
1.292694467682336 -0.432506264158055 0
1.365265355683915 -0.4730519729788336 0
0.9938749668494375 0.03760884381458132 0
-0.03550268048517949 -0.03036540258432956 0
-0.06333519888886366 -0.04635671318932927 0
-0.04941893968702157 -0.03836105788682941 0
-0.09699004528235186 -0.02685960414084508 0
-0.08826132915334894 -0.05150124302598452 0
1.016849022643663 -0.1054674962606898 0
0.9849037378108837 -0.1086301424578041 0
0.9900440486154919 -0.1321147713220028 0
1.003446535629577 -0.1187911337913463 0
0.8851943562033588 0.03411981081668343 0
0.8911361935063009 0.03274371653620009 0
0.006153014904788137 0.03973847191391713 0
0.01384154500524198 0.04107796374660085 0
0.01083411110371892 0.03742829375405862 0
-2.213860718527502 0.1511207777937478 0
1.082723377009349 0.02046943920080861 0
1.047948466885694 0.01910335317583236 0
1.065335921947521 0.01978639618832049 0
0.2122649631975875 -0.09025435601399542 0
0.3953644557099438 0.07507680989527682 0
-3.267686628010093 7.148178453455644 0
-3.461955887840022 7.608959073142424 0
0.2610703835199212 -0.09845921257679664 0
0.2594134279635242 -0.08115228637545077 0
0.2602419057417227 -0.0898057494761237 0
5.137192969944622 2.643250705541401 0
5.921015071487131 -8.18990092948432 0
5.563702712340225 -7.6032133333603 0
5.383747786238665 -8.158033323995252 0
-0.6660593921946685 -0.1538861702553733 0
-0.7226421969638825 -0.07736706690818879 0
-0.8051826129436537 -0.1392960317565444 0
-0.7356210025691612 -0.1465911010059589 0
-6.888586647079729 -6.783955949195683 0
-6.362754675538183 -6.4885899169338 0
0.5136397777403061 0.225846080178693 0
0.4971825974438495 0.2268401632296827 0
0.2589999062906441 -0.07513576988159135 0
0.0508358004314632 0.2349134505839007 0
0.01675186432213823 0.2530821936695645 0
-0.002112853402864481 0.2154851960666034 0
0.02436147351429936 0.225199323325252 0
0.6409099052339868 0.1500422164091002 0
7.74426146884204 4.781854790507074 0
8.235890629073371 4.635013609667729 0
0.6008993190260511 0.06212903409149717 0
-10.16076582701842 -8.589301097177092 0
-10.31950582842182 -7.853690008131824 0
0.5240534125507266 0.2044916211371462 0
0.5151539796626673 0.1911495334062923 0
-1.161654278803648 -2.457016671244997 0
-0.9527873683605189 -2.577036138772682 0
1.189434123375544 -0.5890368712298607 0
-7.864178848960707 5.888591072476471 0
-8.073923467080537 6.664824566880451 0
-8.324559844021287 6.179931090688813 0
-2.149969161731414 1.422864722821126 0
-1.748837400300696 1.286763174428271 0
-1.949403281016055 1.354813948624698 0
0.4960605492417437 -0.8904800988357848 0
0.5508259525717646 -0.7934922536440521 0
0.5650427595586215 -0.8673660424835277 0
1.413363645187284 0.1099604410338272 0
1.353378291830006 0.1177512220080948 0
8.266242579700933 -1.761876030457033 0
11.07500640839482 12.23962718636794 0
3.945784767596525 -1.395333407040805 0
0.425676345947633 -0.1053814910458053 0
6.77165007827501 -2.792246173316574 0
7.078850590117336 -1.08905942515944 0
6.696470139670824 -1.139929353036355 0
7.473056131567121 -1.034317548335084 0
-2.542970699241808 5.535483875972874 0
-2.898780231297897 6.299765418725981 0
-2.720875465269852 5.917624647349427 0
0.6321963132407749 -1.887236622332479 0
2.430974043294416 -0.03872241189760953 0
2.393413953386809 0.09547597508045998 0
6.141361495999972 3.960885792148566 0
6.583620324470306 3.504761624489475 0
6.567173053418717 3.919875337555406 0
-1.543036818514493 -2.120419357762517 0
-1.468660323114698 -1.763763559595855 0
-1.654168375846469 -1.909139542243087 0
13.18965940891144 -4.564647367099045 0
0.787151867008586 -0.07479898629589543 0
0.7953692868521082 -0.0730106694862738 0
-0.1141412686101117 -0.3698753444635698 0
-1.583179715234702 -3.551095602832178 0
0.3696240254725793 0.1289413115376534 0
0.3456223021462065 0.1281500834919493 0
0.3576231638093929 0.1285456975148014 0
0.7653137045223225 0.09417455514433293 0
0.755931932271416 0.09377496097154064 0
-0.1298727284754009 -2.878734056339156 0
-0.1089056764735103 -2.475748908489042 0
-0.1193892024744556 -2.677241482414099 0
0.2807394556784779 0.07592136131587442 0
1.007441811007424 -0.01882042976487852 0
1.000241241723292 -0.02012554480473428 0
0.7844064381028045 0.5135152929168361 0
0.6875848488249712 0.5455225472319848 0
0.7359956434638878 0.5295189200744104 0
0.7660350480856191 -0.04617948298487037 0
5.153664677123754 -1.931726830968436 0
0.9555917550914301 -0.04995274056813882 0
0.3767463685928681 -0.08966446731162245 0
0.3827943084053997 -0.09048546340077769 0
-15.2728262341557 6.07903023916265 0
0.5557730511797052 0.1313937529620279 0
0.04001205602120445 -0.2106132284466126 0
0.03650096520987331 -0.2443299267406132 0
3.961180307319204 -11.80053126308297 0
0.8796928351134299 0.03451580483528024 0
0.6337177139021677 -0.1073198795523794 0
-0.3317346693461335 -0.08149878209946765 0
-0.2647079679145331 -0.09102282429947305 0
-0.3035430399737541 -0.1147461817886183 0
0.9690661067540952 0.1215142882795573 0
0.9496185579542389 0.1258654202416423 0
0.5595389215697254 0.06520971078616372 0
0.1746731855758029 -0.6293056815308243 0
0.1780708122789018 -0.5698899656514655 0
7.633089586125492 1.438959331273197 0
7.265411590059097 1.744918353776783 0
7.305738626128012 1.40064498502873 0
-0.02109994842149615 -0.004394122981836387 0
-0.01789604767533825 0.003987215645020964 0
-0.01605026906347903 -0.00219020642234367 0
-7.12550942686809 8.937556306323007 0
-7.573347893233215 8.271804197355728 0
-6.963245227493416 7.797177813537656 0
-7.044377327180753 8.367367059930331 0
1.265443688942455 0.6536390524034394 0
0.755941510351027 -0.2450392442839692 0
0.7833777437555314 -0.2410772545196092 0
0.6111974437784737 0.31556774451729 0
0.5830506658876704 0.3174752501395506 0
-0.521282046401901 -0.09459042275429003 0
-0.6088889934462842 -0.0509103305957701 0
-0.5784524451502853 -0.1975662624138933 0
-0.5936707192982847 -0.1242382965048317 0
0.6334678163433483 0.538367940439443 0
-9.993958244952577 10.48216538591027 0
-0.9084771260474214 -1.266503933234082 0
-0.7161631911312183 -1.281580368119644 0
-0.8003231752726275 -1.168979177322193 0
7.387540041282939 15.53311260222868 0
1.738707792096531 -0.6161755696096857 0
1.723317000085333 -0.517838167581577 0
0.9275424359493413 -2.21603450928684 0
9.900124409187455 7.936628191937132 0
-3.594146795022362 0.4677475754499182 0
-3.162613551917124 0.2412366140814497 0
-3.378380173469743 0.354492094765684 0
0.3322163710900828 0.08846980515489622 0
0.3294905741461204 0.08252437115098857 0
0.2336975139215588 0.1614192829928304 0
0.07458501284742478 0.2090604368030181 0
0.07852186134795486 0.189552074571571 0
-0.2420568911906464 -0.06232011690928359 0
5.840538636401721 -5.665083613086933 0
5.718954888233883 -6.616039900257874 0
5.779746762317803 -6.140561756672404 0
5.641328800287054 -7.109626616809087 0
0.3140521207530784 -0.3748916109169514 0
0.2740613373649117 -0.3767984487525938 0
-1.166114606401724 -1.49469951956631 0
-1.31738746475821 -1.629231539581083 0
0.212731715506933 0.6234495331038745 0
0.232644984946989 0.6940953800831151 0
-5.917394009583175 -4.822812225266286 0
0.400492765127439 0.1497064571158304 0
0.3821281928048088 0.1383384638451693 0
0.3866628025372005 0.1519791683595773 0
0.6675471696350841 0.7699981502429836 0
0.7119919745688521 0.708296721202286 0
0.7793476104844137 12.84152964983197 0
-0.3146529764872247 12.84814785883572 0
0.2323473169985945 12.84483875433384 0
0.5603973071053312 -0.4403512731844966 0
0.5605653281516721 -0.4942868602780386 0
0.966934674544609 -0.02547343050858333 0
-0.114948228201503 -1.49411584916035 0
-0.1232264291882347 -1.645882811702419 0
0.1317143134972049 -0.1641806085252625 0
-4.242503181580205 2.293899696096448 0
-4.106982905085471 0.7200431207684848 0
-3.850564850053916 0.5938953481092013 0
1.982636581917152 -0.1347530743378737 0
1.933400202234163 -0.04607928068886691 0
-7.756379858873685 5.191838491342732 0
-7.481408184874535 5.594442203839863 0
0.127679669530746 0.081020861978802 0
0.4991206771150759 0.08099394470209842 0
0.003943785244342801 0.326388527998021 0
0.01034782478324051 0.2897353608337928 0
-0.2954639038291089 -0.2426764529398123 0
0.7510340041901904 0.04896919338763195 0
0.6836050916192316 -0.0839730094824911 0
0.7703043220127664 -0.07596332091970709 0
0.7787471263210849 -0.08395382112862555 0
0.7787280945106761 -0.07538115360780126 0
0.08097632835132734 0.1186441802442297 0
0.09315944700771034 0.1208758295048769 0
-0.1257728246665923 0.05040715496222492 0
-0.1054644609940564 0.04054748687560932 0
11.41216145683822 -8.404465450720984 0
0.9864098060847205 -0.08559858837314457 0
0.9651733696896225 -0.1068485200511601 0
0.9757915878871716 -0.09622355421215235 0
0.9235384668656348 0.03422374456508288 0
0.9276519679454125 0.0426918029460092 0
6.131800250292209 3.082079477429938 0
5.734374169803311 3.5509892106617 0
5.757764050759612 3.155645592405373 0
0.2668016181872814 0.1249810553177602 0
1.989483601749701 -4.168340865180801 0
-5.782891777019352 -1.373578886532159 0
-6.456084779481547 -1.126452463893722 0
-6.252767413187526 -1.61135776085696 0
0.6981312927187713 0.06683334206696913 0
0.7119778349482869 0.06534187754761082 0
0.7050545638335292 0.06608760980728998 0
0.8892804150291347 -0.03739500082896369 0
0.891214182246837 -0.05339870603895051 0
0.8902472986379859 -0.0453968534339571 0
0.5987890094500841 -0.1107444644663296 0
0.6102877517511638 0.0909044097304712 0
0.6021247969818874 0.09025103185630076 0
0.4755733904432031 -0.07105152184926682 0
-7.990242255024171 7.357626326801455 0
-8.19947459648408 8.022574965388122 0
0.9997664454246337 -0.00469178848598747 0
1.002729971095635 -0.00643653408736281 0
-0.1840923351743412 -0.1576059306977556 0
0.9008971329929019 0.07043336753607381 0
0.9049874032875016 0.07959747271014714 0
0.407622634306351 -0.9349053389592406 0
0.4066534171707644 -1.034134457612776 0
0.7137543179790676 0.1215412738200038 0
0.7069834297119597 0.2012133615062598 0
0.6910446286916659 0.1948945119478645 0
0.1469114140522626 0.06902062000691961 0
5.947150322361757 -3.670931288489342 0
0.07471521880838211 -0.08408530004342414 0
-0.04794676042690874 0.3627821977576237 0
-0.1087386410456129 0.3822002941259655 0
-0.09104102334069894 0.3381409303629686 0
0.1383944182301062 0.05696703363565832 0
1.012739470310759 0.4027862343725244 0
2.432625281911961 8.552557578230431 0
2.889196606614854 8.389790347800307 0
-0.3326682292039216 -4.772585817760884 0
-0.3823410149959142 -0.04978108917874181 0
-0.4718288329458372 -0.002739497228202344 0
-0.4518115306989076 -0.07218575596651591 0
8.623266340287008 6.663981543119547 0
0.2927748099268221 -0.254693915175458 0
0.2658891168735705 -0.2526442347036656 0
0.4445445417700349 -2.527118886431463 0
0.3244325062496947 -2.274314650907001 0
0.123358940407934 -2.376084164461655 0
0.2839517410889845 -2.451601525446559 0
10.36482326415699 -6.365959877902362 0
10.25449038602835 -7.013918076006027 0
0.94757635815618 -0.1081637913757172 0
0.05628823050993392 -0.1648774121609584 0
0.04815014326556918 -0.1877453203037855 0
0.5378708452077903 0.4537886725458138 0
0.5477059278777732 -0.4040135526594623 0
2.711906045567988 1.801010906353075 0
2.618517905247999 1.387713327647154 0
2.665211975407993 1.594362117000115 0
0.8390534662777498 -0.07478117541011334 0
0.2759485131125444 0.2110650686569825 0
0.2706928384365844 0.1928951435183853 0
-6.353417354094726 -0.5734045499211469 0
-5.920975440325379 -0.3294181881220287 0
-6.322675665864526 -0.1618041854807709 0
0.6258643178476671 -1.236083936059635 0
0.2922665007089752 -0.06487561917086496 0
0.2971952315442421 -0.06528880659692177 0
7.255756810040774 4.790729252452461 0
5.68761718854354 4.002998444004005 0
6.572887593645204 3.052688429344215 0
0.8794792872608099 -0.06802981566280709 0
0.8919513923994897 -0.06576416361373194 0
-0.01168135937995304 0.01545606948112333 0
-0.00700452630588128 0.02223515672360558 0
0.8686402286009202 0.09849858288048841 0
0.8654204405722938 0.08709828845416132 0
-3.341706408320148 -1.025351630316446 0
10.70826053765921 -11.31524793831354 0
10.04797252457952 -11.02975332512344 0
10.17228612988928 -11.63224101134331 0
0.3407360502728156 -0.2517217482271942 0
0.3647589384365615 -0.2510545334561034 0
0.4155049201287682 0.1537369951881996 0
0.4090750059429626 0.142441245477731 0
0.6643837287884999 0.1028446100456955 0
0.07222490176406254 -0.1277080560222434 0
0.04777941304504084 -0.1382240564712449 0
0.06425656613699823 -0.1462927340916009 0
-3.083233429653995 6.723971936090813 0
0.3574185357191029 -0.08442081317088695 0
0.35777898818646 -0.07800466606859355 0
-2.52297720978819 -7.264927856535909 0
-2.114838908243938 -7.410733656116721 0
-0.1413601542973865 0.0893254689601585 0
-0.1551749264357574 0.05968346889452554 0
0.8601476741939753 0.1717750093984725 0
0.8746651971498454 0.1129271766593212 0
0.418237920618472 -0.06234647600100068 0
1.468424434379364 1.67119767312536 0
1.211771968484622 -0.00913906316558144 0
1.140045717967644 -0.01862563220516904 0
1.175908843226133 -0.01388234768537524 0
0.5680472960883749 -0.093392002446258 0
6.156443809892874 13.99839646633195 0
-2.336851438580927 1.527731596693088 0
0.9929076705621973 -0.2382514071634369 0
0.4654515438018082 -0.3418639430804587 0
11.09923918554177 -5.733356628647599 0
10.47907788636011 -5.745008005629968 0
1.404439866156786 -1.087284651042623 0
-3.580498401376922 1.758821580020218 0
-2.545590910418681 -12.85172563382095 0
-3.498326404333975 -2.074430052905867 0
2.030904384803943 2.398293562336293 0
1.971711276860412 2.206511158580945 0
0.4901994773028017 -0.1067897646052796 0
0.4894460135970951 -0.0993541062143804 0
0.02746494460757026 -0.09699747002888762 0
0.04204064185367759 -0.09852229396283493 0
0.04574751025464384 -0.08188172064052471 0
0.03117181300853651 -0.0803568967065774 0
0.03660622743110705 -0.08943959533470616 0
0.778982586869893 -0.09339570348915432 0
11.6953375461024 -5.695496059816999 0
-0.3001449906168949 -0.6698854810187795 0
-0.6140160833158304 -1.382886939850612 0
-4.393793820811158 0.8917390695258443 0
-7.147830173186215 2.841315977969781 0
0.4515042175976814 -0.7231913329450641 0
0.4423695543018282 -0.6586561687141411 0
0.6264500583616748 0.08970647956441943 0
0.6350304070940747 0.09620296717719545 0
0.6337349529987362 0.08850609114193646 0
0.2606131075613985 -0.1094255468113012 0
-1.102328468344426 4.954597705210255 0
-0.7717062361925697 5.086134499324337 0
0.06165679062623473 0.06033053797180661 0
0.1721300202966352 -0.7003664640005869 0
0.7833696755477844 0.1511857772176776 0
0.7686330416369739 0.1609269260430979 0
0.7700107862917931 0.1453654734052568 0
0.7774653780963623 0.04419087090528905 0
0.8775065611186944 -0.1676057569388555 0
-5.311996597382211 -1.390705172940233 0
0.3143056237064787 -4.282883859921441 0
0.5308615597843179 0.2214622550460433 0
-0.02805990008261506 0.1992072487521487 0
1.942662391803019 1.307157495646498 0
-0.3406088492547984 -0.0400245385394176 0
0.6438659344482276 0.3379616545077911 0
0.6416800277991417 0.3062541067528586 0
0.5226134395444737 -0.1040336178112842 0
0.5196490754504219 -0.09609251223218201 0
1.005015719055175 0.02025021947775585 0
1.001301568619804 0.01559715802025071 0
0.4531186580409698 0.187709841031148 0
0.4366775457571953 0.1633001782501348 0
0.4448981018990826 0.1755050096406414 0
0.7900293477162084 -0.04407942838236942 0
0.2487522260700554 -1.755232273459229 0
1.856112545013622 -0.7296459298951659 0
1.978483547709434 -0.730311795823956 0
1.112161242799236 0.01041505982000363 0
1.114523174816649 -0.01636980007555899 0
3.285218695313389 0.01955271354728211 0
3.533185785500376 0.003939812820962993 0
3.415422180622942 0.1377649755138406 0
2.122230889412153 2.603325396689806 0
0.6935693990988235 0.151429257641756 0
0.7665079784814041 0.2240892089837549 0
0.7412976005400915 0.2048458816066858 0
0.761216204168236 0.1780623368739198 0
0.76386209132482 0.2010757729288373 0
5.912869788100616 -0.4899527585470609 0
0.9576251296951717 0.01179067110396874 0
0.7621563176293091 -0.07488542477110247 0
-0.00435509031693455 -1.388223719193775 0
-0.1925274274528549 -1.394921103089661 0
-0.09844125888489472 -1.391572411141718 0
0.2641147823584343 0.2979864939227009 0
0.2756560902021794 0.2543921302990725 0
0.2698854362803068 0.2761893121108867 0
0.4238606143622216 0.2746068503319201 0
-3.718435784030411 -0.5036100885007998 0
-4.231845302501042 -1.145625510611255 0
0.1678850484800365 -0.06015945316123733 0
0.6416039891804231 0.0586406334442631 0
-2.925246126994013 -7.054150062499907 0
0.8992967714036557 2.851162670366273 0
-0.02066021531971436 -0.03567842727866427 0
-0.01531071644579053 -0.0219658894489398 0
-0.03015318161125566 -0.01665286475460509 0
-0.02540669846548501 -0.02616564601663467 0
0.340643173197805 0.1115325095631973 0
0.3320743070212826 0.1333539225037134 0
0.3363587401095438 0.1224432160334553 0
3.33364767376338 3.172636799949346 0
0.2409475926007644 -0.07625847835524113 0
1.048698471811376 0.8449147529350667 0
-2.372529171408856 5.193254076813854 0
1.299021419997647 12.84493156818599 0
0.8251713468951353 0.03946704620395743 0
0.8305642078422546 0.03852300962461111 0
0.0521025993528919 0.3917917303851333 0
0.002077919462991584 0.3772869640713784 0
0.8198269946058606 0.0402331997279506 0
-7.055863981345892 9.611502960923328 0
-1.421084698244248 4.823813284766636 0
-1.569157811565906 -0.2732288571518831 0
-2.45072250529855 -3.582356431132228 0
0.3366722043008423 0.1022542504153901 0
0.343587712660389 0.1045237570420112 0
0.6465474558024262 0.2238941099467878 0
0.303417660143693 -0.1149083437375838 0
0.3136532830334938 -0.1148407221141438 0
-0.0315461527978094 -2.317707839956694 0
12.95602093177301 -6.669022228053079 0
0.94168379668757 -0.1996346143439776 0
1.936069216831047 -7.714264018233537 0
-0.1307003134282134 0.4361201084430704 0
1.142814552292119 -0.3187838428079336 0
1.108219112348392 -0.3109915558793255 0
2.945752931023435 -1.680433107595845 0
2.721498852448715 -1.838453507464521 0
2.932406303872225 -1.889164629844727 0
2.769857602493988 -0.5395419818897154 0
-5.532030735663669 -0.2512343270471961 0
0.8117218648136528 0.4518547375956815 0
0.8274632296013165 0.4990626951204544 0
0.9915119898124132 -0.1563652422699583 0
0.6183689050564194 0.09030544464744532 0
-11.13605308836232 0.1115401341303671 0
0.7157228581238663 0.05626104861565438 0
0.7128787019943696 0.05098093620632831 0
-1.593124014004036 1.186896473484838 0
0.6463586635359916 -0.0712485181620718 0
-4.92919974735701 -10.25157575066291 0
0.3595989542466925 -2.133120666465906 0
1.611561086433435 -0.216790390590359 0
1.505887391422847 -0.2508738305792907 0
1.579199948070435 -0.2874121919593648 0
0.5440638774633221 -0.09392744800757821 0
1.000568870112371 -0.07472595853727004 0
1.020610331735534 -0.08335269798298924 0
1.553301914137604 -0.9017920040759342 0
0.7918010187094588 0.2583584941669882 0
0.8262660190905937 0.2543842112184671 0
0.2972172266105877 -0.1050066230637354 0
0.2944343970257463 -0.09790731145462209 0
4.521309064579723 0.04929103693778641 0
4.791018247457322 0.009791679774755147 0
-0.004303061618375991 0.04410107013872701 0
-0.008938792199292563 0.05836472419980067 0
-0.0141583172287958 0.04653601468223426 0
0.1789631305729109 0.08835277808782677 0
4.573689537604768 -1.024822834018687 0
1.211263624732879 -0.3555140564089028 0
1.191309309896418 -0.3010204580597808 0
1.177039088512499 -0.3371489496084182 0
0.3416509273996845 1.545683168089118 0
0.2229406572589764 1.520889192380737 0
2.444005551539593 -0.1750138610610611 0
7.521711095091224 -12.44290668295189 0
2.073728558150294 -0.3107803334268954 0
2.028182570033723 -0.2227667038823846 0
0.5283870934037249 -0.06583012126194811 0
0.8983657214504381 0.06215274588512944 0
-0.1215200670628932 0.1146762057674096 0
-0.382355126295886 5.919843320240874 0
0.8939495251327103 -0.03102565256296121 0
0.8998101301112129 -0.02940390672712362 0
0.3111200643307935 -0.1658882362937755 0
1.532792225635265 0.0745427468283551 0
1.473077935411274 0.09225159393109114 0
0.6587410324014128 -0.1306628461332812 0
0.6488969439415657 -0.1263874342624205 0
0.07955038870001041 -0.1156401288419986 0
0.4546057181953521 1.679478110515567 0
0.4494625405603346 1.80317265203935 0
0.5851312273529654 0.197221682547108 0
0.5842230325532465 0.1832777783577689 0
0.3125610999550648 0.1310670057615315 0
0.3204794319601836 0.1417588832195407 0
7.485091793464353 -9.375431168805525 0
-1.037295866224573 -1.380601726400196 0
0.1863710973449533 0.161153561665131 0
0.6454396971711496 0.3705074429160813 0
5.167666152407873 -2.991777681132187 0
-0.8330460114291445 13.46500059936373 0
-0.8679538691863899 12.87352547900095 0
6.481717173232013 -8.189764276636753 0
0.6519797937525766 2.106601881454473 0
0.9207880850090544 0.02842361498848209 0
0.2164680911438462 -0.06361073680684819 0
-0.8485715710016842 -0.02765549931585463 0
-0.9202229336684767 -0.1920048726785845 0
-0.8843972523350805 -0.1098301859972195 0
-4.399597906743208 -1.888475017101749 0
-0.6346183016997504 14.14470129530879 0
4.200918266152414 1.880598512702416 0
3.93821826618001 1.871229243973954 0
0.6384460591090185 0.1052988949610522 0
0.4594948549942749 -0.1126684296096675 0
0.4588336555147233 -0.1038380193799349 0
-0.004657811830712033 -0.05317471403130427 0
-0.004779347317545563 -0.03680372162225325 0
-0.0126590135752132 -0.04442657065498427 0
5.424737327620147 -5.301275776301285 0
5.008122167246869 -5.293964865509041 0
0.743833940928094 -14.9321038738134 0
0.6469683505097013 -14.28423370972105 0
0.6113761380671374 -2.529272455658348 0
-8.606703468831252 2.418135184698594 0
0.164269475822794 -0.1015845106437979 0
0.1567299270884141 -0.1039612445727916 0
0.727687322963492 -0.09937449227231407 0
2.781166494188367 4.143117427699877 0
6.372532901686874 7.069656908460798 0
6.605214677691619 7.532750609792106 0
0.3167554300998188 -0.2532078317013261 0
0.735851665702416 0.247109933981987 0
0.7638263422059375 0.2527342140744876 0
16.20603949582119 -6.575118882417355 0
0.38809869407302 0.8285403023682913 0
0.36438876922216 0.8834036277213064 0
0.7990816427699938 0.1305342812700667 0
0.7975477707678527 0.1175018511566954 0
0.5807966412645145 -0.06370309326758769 0
0.9190762514599647 -0.08467759117213566 0
0.9286774525127153 1.553998691089959 0
0.6177267406793676 -0.07444880650215382 0
1.071839639914667 0.1480151977212304 0
0.8015647533721327 0.1482541542236963 0
-0.005231633928264097 -0.02684739861670218 0
0.006349810139155608 -0.03687305592925429 0
0.0005590881054457555 -0.03186022727297824 0
1.450349141264851 -0.2247768275631919 0
2.338552054246329 -1.714685506008442 0
2.175946033064798 -1.638980270879162 0
0.06287360177110363 0.08692153708872372 0
0.03717412481095556 0.08988177155690213 0
0.05002386329102959 0.08840165432281293 0
1.669418825547197 0.2117826809255652 0
-0.7382786680633903 0.01398574442761049 0
-0.8126435906488538 0.04873124016093215 0
2.20551506277942 -2.793075137926221 0
2.002889525043635 -2.899463193242771 0
-0.03165905750330722 -0.00575218600279024 0
2.963212853856781 -1.469737330746783 0
3.264574200476566 10.49462080530407 0
-1.076069931537105 -0.2669111771304096 0
-1.001130972747935 -0.4098291110109029 0
-0.9606769532082058 -0.3009169918447437 0
0.7191195209910725 0.06333851979386763 0
-7.321932077624114 -4.318022711318719 0
0.7220777083785448 0.220156433257484 0
0.7112783740764226 0.2427457964626526 0
-1.352345548659071 -2.288718014503758 0
0.2009880606997988 0.08767951339766394 0
0.3586765449331175 0.08988335705122399 0
-0.2651558759326418 -1.324529262376841 0
-8.11354252886658 4.805900225127388 0
0.7241405151260256 0.2030296215564728 0
1.238396093566163 -0.2688526289434262 0
1.279414367335292 -0.3437352663840498 0
1.291832005860172 -0.2872178061064941 0
0.08437919307129756 -0.06228517728790448 0
0.4504707750927333 -0.7919096333189164 0
0.501165085084723 -0.7583417932945582 0
0.04043110571606053 0.05211939217467595 0
0.04260135320789887 0.06024608275087676 0
0.3056682666097461 -0.07789777933989081 0
-0.1231564759811334 -3.107248764993526 0
0.006683581791714095 0.05489757887335812 0
0.001401218155261282 0.06237573675139928 0
0.01983368326090152 0.09235782257987418 0
0.4418886861628408 0.07275593725496966 0
0.726917415862161 -0.2444129641068512 0
0.8884831218122815 -0.03189181784487752 0
6.606105015528329 10.55868722883791 0
0.3090674759240059 0.1218949698398199 0
-4.912896239965185 8.544375403789031 0
-4.744591844542259 8.073790812254572 0
0.3800074545857923 0.1272183655744037 0
0.07734798865893069 0.2363250655739273 0
2.74681542090373 2.027030567881574 0
0.3961884130485808 -0.2016048663445071 0
0.1329354605252434 -0.2754119973876077 0
12.06550052531791 -3.301041988483643 0
1.042412920298969 0.002818773464653544 0
1.029035173164501 -0.008022264469473184 0
1.041315235743236 -0.0232277826072845 0
1.041864078021102 -0.01020450457131548 0
1.565678736081805 -2.588847432804415 0
1.258252406329522 0.3678035198755811 0
0.4260912329429817 0.1585185867191672 0
1.571152056292318 -0.05793785930496121 0
1.591356571362876 -0.1373641249476601 0
-1.067259929599095 -0.635408092628821 0
-1.034195451173515 -0.522618601819862 0
0.5453376778338637 -0.06570953685810257 0
0.4696808413172817 0.1925636036472492 0
0.3711795658220841 -0.09315494580296951 0
-6.744848867082711 -14.88908352259834 0
-6.763836956864389 -14.11951902737785 0
0.8602398653613472 -0.03606266329919328 0
0.04643260916508951 -0.1139806829625806 0
0.05522855204480531 -0.08729094625759048 0
0.05083058060494741 -0.1006358146100855 0
1.84000386859842 -15.55646170272467 0
1.018551058930832 -15.6761295564003 0
4.4962418830939 1.93331167220987 0
1.037300462780909 -0.03742334324174603 0
1.018140387100626 0.02637387101864975 0
1.0115780530779 0.0233120452482028 0
-3.118802824089764 0.0008658948754518142 0
-0.6898210530326848 -3.39772174254432 0
0.02776118042202787 -0.07110360873129741 0
0.1446344663414642 -0.07010282725310824 0
1.125651533878765 0.2689758309727648 0
1.138743114448628 0.226219424902385 0
-0.09090785059082518 -0.008096244293158205 0
8.860939163884886 -2.617106516670104 0
0.4924291824410786 -0.1151943037582491 0
-0.2973673457403602 0.132351356884042 0
0.2208441294661626 0.07357808093240606 0
1.251979046207607 -0.3940101602834789 0
0.9341402802006178 -0.02575226416375815 0
0.7952801672182855 0.4136926273562537 0
0.7020502716179299 -0.05267166374514142 0
4.333782828029459 -0.1609432479234946 0
0.8682402038749091 -0.06903109577081928 0
1.435233124926048 -1.583531546195104 0
0.01048644354164908 -0.0453814276931869 0
0.006159565379622618 -0.05496635221010651 0
-1.166742665354855 -0.1616774715079549 0
0.275802301657362 0.2327285994780275 0
0.01739203053226787 -0.1192649280553075 0
0.01228963380048986 -0.1039452468291601 0
0.07337843787743312 0.09663741399646211 0
0.07272847386437303 0.08532109142552316 0
1.101337867723263 0.02674562600042311 0
0.6224768542083631 -0.1293089002145214 0
0.3514731427388723 -0.1175648368661578 0
0.3488199630299103 -0.1095485586225059 0
3.123754031720957 -0.07292805764147692 0
0.9873921017313889 -0.07119043184428366 0
-6.374624478505241 -11.08254083773223 0
1.03373403578569 0.02817818062100305 0
1.03807347804233 0.0154984770428283 0
2.177916488507271 -0.356974437199338 0
-10.03828956458549 -9.507635869073621 0
1.008958432747353 0.1047738912071778 0
1.016313978296978 0.08736448462436044 0
0.1714796089177407 -0.105030857070271 0
0.4400677262605179 -0.07310175511771372 0
0.9741526811370369 0.01007316905100997 0
1.990962256275153 8.605658350314382 0
1.251004561561009 0.006400907933462818 0
-0.02759403841950136 -0.08192025809497119 0
-1.906336594193698 -0.6152314173111003 0
9.942865058253462 -10.33080863519762 0
0.520813765300552 -0.1157476373683991 0
0.4290467046995421 -0.8634074861390786 0
0.9956446424192689 -0.006425628749124801 0
0.4219561741979621 0.1014481581522817 0
0.7060299415931688 -0.1253666932593764 0
0.86876246174535 -0.6364177449647468 0
1.079500472286357 0.2876102403949126 0
-1.497587180103967 -4.347309955362077 0
0.5245720495018382 0.8104414672225917 0
0.5960596095684612 0.7902198087327876 0
1.020848128423328 -0.01314043775035675 0
1.014144969715376 -0.01598043375761763 0
0.9167099966789494 -0.02658339746573701 0
5.858021661372914 -5.252150819339981 0
-6.678967813588997 -15.64610643172657 0
0.01319493738472182 -0.03922264436996048 0
0.5850557771773052 0.2162923376945621 0
0.6913381458802743 0.0666589861210007 0
0.7752043105684883 0.09363293930673119 0
0.458509435934103 1.558278720342932 0
0.4643493747143583 -0.1305473285650268 0
0.4738104671208448 -0.1331559477746744 0
1.104096349159152 0.07393852267210278 0
-0.5059218167243454 -0.2494123862519006 0
-0.4491591776643925 -0.284486465192351 0
-4.663056583146848 9.056527510714265 0
1.021969840775687 -0.005243744307266832 0
-0.4477156308376607 0.06449853682300744 0
0.4755204533736761 0.09998639986903035 0
0.6684028139777156 -0.1373537504794101 0
0.6795139393942334 -0.1402253276938882 0
0.3512264339366504 -0.3623931759140847 0
0.05170273214075941 -0.08144000828454714 0
1.551972140963791 0.008302443761696941 0
0.3226941884866885 -0.09051062995324793 0
7.786754529888383 2.067853541631633 0
7.94597768863744 1.673448425801011 0
0.07717738311438023 0.1076407971203459 0
1.198078907477887 -0.2572169862651202 0
2.530025453347521 -1.776569506736482 0
0.8493594057244185 -0.05356544329300568 0
0.9890122697507244 0.1131440897433676 0
0.6681888367643345 -0.1263078747775037 0
-0.008562954317493479 -0.02007999120523773 0
-7.30136916892168 7.28747030412402 0
-7.687646318001108 6.976147435502236 0
2.218755740880868 -15.19150098928427 0
0.2132167307349682 0.5703855768313409 0
0.1170478507099262 -1.420733377657467 0
0.3525837000102116 -0.08859436550068875 0
0.7984878831849671 0.05518832080367492 0
5.827486714836128 7.062393331150956 0
2.292969579852632 -2.581184158805845 0
0.2873226985445125 -0.06469429625869347 0
-7.4224887713703 -6.937211571999445 0
-1.036277263141998 -0.7331303088775372 0
3.146569288969269 -3.527469136123742 0
0.002707183950982018 0.04801642508081976 0
0.0009249766432060723 0.04191977102632206 0
3.672047228801537 -0.1232932804202578 0
1.021937161882021 0.03262894091424152 0
-0.6900587643431062 -0.4938004688955027 0
2.554502127980894 1.215314543729798 0
0.3609061134619715 -0.1170082693809036 0
7.391032967602706 2.118441056356582 0
0.4619221148543166 -0.1216078790873471 0
0.9095820860804358 0.3203686863410377 0
-6.81741175042858 7.314355829668795 0
1.748704639076523 -0.7219349864407381 0
-0.01478870352764564 0.00972164256307215 0
11.27966540838784 -11.45794013692405 0
2.359793412893902 -0.7942696550072608 0
0.250049773870551 0.3240928879183568 0
-0.5781676469296647 -0.2693413367121132 0
0.3344442876954626 0.09536202778514315 0
-6.803381917763696 -0.76445899448726 0
0.08659774489805239 0.3807411916805802 0
0.03258572178865436 -0.1287444922632762 0
0.2925693030796255 -0.1145412444740389 0
-8.451014752151533 -8.098517293647223 0
3.994053442675351 -6.003831128569431 0
0.03917568990994981 0.04689465379790671 0
0.01026256339847804 0.04798777130997948 0
0.7537388343466809 0.1661429808808528 0
0.4563353717874291 0.8194908847954415 0
-0.6735838307548372 -0.0184622930840798 0
2.726850705829484 -4.853849514607936 0
0.6807567890917439 0.2276328220673462 0
-0.1192810491843463 0.00502519254314562 0
0.8515946660379161 0.115688594504593 0
0.5149134715996679 -0.1337490749224783 0
1.139259325801013 0.09246449423233999 0
-6.33557806511777 -8.20222457768212 0
9.461085933125755 6.279655866762249 0
0.5750641486544976 -0.1334923534372308 0
9.618894361225747 -2.678033935497432 0
1.023551506573714 -0.05366576059510279 0
0.999205733733578 -0.01148248269998719 0
0.5821255646335441 -0.572429369995437 0
0.9227563931345157 -0.1062450527729785 0
0.05071703666199517 0.07023780058279111 0
10.81669302136392 9.447894560665304 0
0.1635450994917899 -0.1148364093265879 0
1.021653159769066 -0.1486482381500641 0
0.8426412698202823 -0.09387995995813786 0
0.1897699476373792 0.08521290867275072 0
-1.296850883047596 0.01545617693034679 0
0.7424723522378744 -0.09182997999808637 0
4.465828013423483 0.7761461171224926 0
-1.518839974317933 -0.7948404438013316 0
-1.284501509244558 -3.912200280386826 0
0.8773910923872172 -0.0443343084884571 0
1.222534004849298 0.06466438374846434 0
1.668094823684886 1.544122069026155 0
0.6258925588240125 0.6308265154465071 0
0.9077745338299668 0.6904649560423932 0
0.7708689957408732 0.6170721922878337 0
-0.03186194900364325 -0.05668252589037254 0
2.401423046785721 2.438897573257799 0
0.9023992842680093 -0.04011230359341866 0
0.7751276590379095 -0.6337333985234095 0
0.5564801198599344 0.5208342726775944 0
1.800144888377788 0.594741975436729 0
0.02280896165051483 0.1201952453650145 0
1.00050696558059 0.05361407826645219 0
0.5874965847682239 0.4308460736157075 0
0.334603819736476 -0.1614380965798319 0
-9.628212707484629 -10.81009058392948 0
1.108194083458092 -0.05409877285647519 0
0.1388031251028432 0.1217473034419786 0
0.9847086301724014 -0.1930704064275501 0
0.939320939926801 0.03683212757312401 0
1.242685620500295 -1.276752087016225 0
0.2102023813843108 0.1536887913684794 0
0.8472323416272645 0.3844637192586151 0
2.227764820489768 2.989712907184182 0
-11.98370954522811 -2.766889025164887 0
2.765351550293166 0.7749651098131313 0
1.76332714396338 -1.82199161398538 0
-9.655247152596676 9.270748640366243 0
0.05792375288921775 0.1461882661698235 0
0.9015656831675039 0.4770137101991556 0
0.4255245210169201 -0.1222444579138273 0
3.640650066878158 0.3163725632603049 0
0.345249233694861 -0.09660032626039147 0
0.3250931337296594 0.6763796428660031 0
0.9481239017415692 -0.2432131232366158 0
0.8525251291087811 -0.06787308448059967 0
1.514167084855422 -0.3810637834081008 0
5.224576013800653 3.155516954416128 0
0.9686375201727877 -0.04068247136951837 0
8.696363963481474 -4.335512156901047 0
1.131804113834356 -8.429541132090069 0
0.3221028959638281 -0.8121807168039578 0
0.2889970394232597 0.9374074663668723 0
0.3783367692263598 -0.1004308430409751 0
7.720919169868712 -13.57474295908865 0
0.8902573024599977 0.2032231486000846 0
0.9623669907280209 0.1609977709359484 0
0.9481476356393594 -2.82669197798205 0
5.011248323338823 3.984316128618869 0
0.2980985347255494 0.1807711022799477 0
-0.2545071007850538 -0.1736897095930441 0
0.9563142888694547 -0.5988107588497357 0
1.621639316303092 -1.328302642301333 0
0.699404602937067 -0.1431409004284497 0
2.411990491654332 -3.95230367056689 0
-1.623121109457127 -12.60649190032546 0
5.66297509731069 2.609773460583337 0
0.4185420075880623 -0.07154628737330421 0
0.935719327756563 0.05886957102533456 0
0.5558877942778524 0.2107596057102434 0
4.624764806849706 -7.97553133960868 0
13.00967494925407 4.163252604202789 0
6.181585174599182 15.21459825870259 0
-11.64727609746228 -6.513284229357084 0
0.6062347835420933 -0.2033601620937591 0
-0.1379436703372749 -1.242564279702556 0
-0.01871637276613014 0.02937268630044028 0
4.399666000557016 -1.456449070987116 0
0.3919740972504025 0.1779042766761988 0
1.547572235166177 -1.057615305192689 0
1.568632470112635 -3.29321030985616 0
1.033284573575831 0.491218243471054 0
-11.64963573260171 6.915562911854065 0
0.08708568162032049 -0.244980383296577 0
0.7069061942301463 -0.1901990106915621 0
0.9193260722149266 0.1260907827942166 0
0.6301476684440757 0.261209703746604 0
1.703938952759994 -0.3572669326557016 0
0.4220386167382773 0.132440503027153 0
0.9087699093009514 -0.1478651838179306 0
3.893937752458314 1.006642254179668 0
0.3671198485897283 -0.2905596070539762 0
0.5838280950209982 2.754183462616768 0
1.003019922373475 0.004060352533885442 0
9.126597575595163 4.495459478556056 0
2.102824843104838 -0.4992999890990146 0
-5.368382311235859 2.569654349247657 0
-3.274382496742963 15.25263368910365 0
-4.793266164521928 1.256463932786436 0
6.554226281306422 4.658290250464259 0
0.2679766960225099 -0.07297853956869063 0
5.779931367364516 -0.0329161653696891 0
0.7990313334143802 -0.136802302716287 0
1.057995614720567 -0.2906272169812401 0
0.285634562896118 -0.07299056268742432 0
3.99084707753503 6.83148960202323 0
-4.903493363426298 -8.044944396735673 0
0.1074107350206545 0.09405265324228251 0
0.6373671480179227 0.1730985648490364 0
0.6378098950702389 -0.1412588507383709 0
7.070797378670837 8.252583846601816 0
0.2891000755097248 -0.08726090941797987 0
3.579715912338803 7.965773396737317 0
0.2870810640289901 -0.1595850149720563 0
0.5997545324263536 -0.3793209079646482 0
1.840326721263656 7.877272662113135 0
0.5565461972227745 -0.09064216736976513 0
0.8916215689938636 0.1016035827571201 0
0.6853221358001341 -0.2375363831944754 0
0.796773649850482 0.940303524706346 0
5.900182863181976 7.755744271718155 0
0.7799846191850242 -0.1107005349603987 0
0.1231963454522527 -0.097987471966502 0
2.358230945944695 -0.6285154396266615 0
1.072808049071656 -0.8859105212572469 0
-1.019545176123587 -0.04441360162651169 0
-0.001126494428444813 0.007245583130156913 0
1.513172541971945 0.3193320522952075 0
8.855339824345052 7.644554315349749 0
-5.561321820958831 -6.162649005291375 0
0.2255743504833355 0.1255648662552875 0
-8.635723269840492 4.044034729051216 0
-5.384196247377943 10.29888692714106 0
-7.337840149625334 -10.52122524649476 0
1.315633168776038 -0.5863957762460025 0
10.75037431121059 -12.31866918373814 0
0.8218388577870535 0.05026252567086391 0
0.4382469458790283 -0.2239183319285098 0
0.590857899148439 0.08703733949033279 0
-2.201410069927102 -0.1710560129605819 0
4.372156691498724 2.399808801304024 0
0.483466981770166 -0.5001276505487853 0
-1.451773065549737 0.7825341865798909 0
0.4993131398765545 -0.2177474000526091 0
13.14917052560141 -2.120074816150493 0
0.5847936520180843 -0.1071936071420936 0
0.6923003097245372 -1.399960524444694 0
6.584770594482539 -4.3636961030549 0
0.06579908929399053 -0.1013223764675321 0
5.370955342050966 0.4051720716837533 0
0.5663854277659622 0.1053340929215495 0
1.10327988439595 -0.4593697544227656 0
0.412991013134539 -0.1025443413541008 0
0.7883909147068418 -0.3474097885401157 0
3.353888568252601 6.066885374164913 0
0.8379029362765724 -0.0372473579980992 0
1.48275207679974 -0.1420227420795197 0
17.71191776231528 1.976852023739738 0
0.5386985756692224 0.1287249955947795 0
0.1598182481810316 -0.1623168360964996 0
0.6491527481317618 -0.05446511748121235 0
-4.168163897051462 -0.3550410262114579 0
-7.093737481109935 13.5564727868908 0
0.1288830628495412 -0.1978770205935811 0
-3.271209115597388 -3.219857477068665 0
-0.08027305231281179 0.02249826834088863 0
12.75606716712139 -5.622407738948644 0
0.989696859690025 -0.01936455845028235 0
0.8169571050244884 0.1140569567757441 0
0.6088987631573628 0.0588589546931149 0
0.8381279103891576 0.03547483808726416 0
4.262626269189608 11.31468396323656 0
-3.800245751887368 -0.9133021482386935 0
-16.62156163625258 6.048767605657755 0
1.137215741456017 0.6223338963718007 0
-16.68878049021426 -2.011668605353252 0
15.75644475869275 -7.928441458770406 0
0.7694896890875191 0.04299730432375583 0
0.0827494514771408 -1.622362492057627 0
0.7981383471144913 -0.04038947989611706 0
0.07578789334709107 -0.05862609261593861 0
0.694495476541757 -0.0791139349379926 0
-0.1988599938490622 -0.5867501918418927 0
1.572584520551839 0.4915661112372541 0
15.75614186036868 10.14430130502453 0
-3.81831674975281 2.141263915211647 0
0.430254314229409 -3.372333862514589 0
0.1669770609567918 -0.06944663306821132 0
0.2409538083473743 -1.016153633098354 0
-3.39070286335957 -1.428553663581651 0
0.4670623748715653 -0.06855678782737602 0
0.5087120854483254 0.0782420731785617 0
-1.867591199408649 1.654978952762656 0
0.8245119304566368 -0.06196324521073866 0
0.5005385471714779 0.2551981278147034 0
-1.982076719822416 -2.075927908794271 0
0.1766592238211097 -2.717909886691277 0
0.1379504411092703 0.06576781969322809 0
0.443702756238349 -0.1487285531256154 0
0.2006698365483317 -0.08619502675371556 0
0.2121544463473948 -0.1263939734759158 0
-5.176691487893625 -16.88516671966342 0
3.559621598241244 1.791099676535379 0
-8.193841796087799 -0.6232913531762322 0
0.4898169034240372 0.06689226194137493 0
0.5195284143564916 -0.06473800325466561 0
0.2581335446926478 0.1016743867269247 0
3.319905682385202 -1.556443849988829 0
2.54522059144787 -1.129615019479905 0
-0.213303469388028 -0.01132230518139325 0
-4.916771981749652 2.022080024592355 0
8.086092062883614 3.896358092407259 0
0.08330663546500727 -0.07352096879613873 0
-0.5088662346757526 -2.325133464442873 0
0.6506666824677678 0.09996800380160226 0
-10.84541811013998 -0.7547645769380186 0
-3.335559423486554 1.394326576749285 0
5.174419526884678 9.492053302699713 0
0.829999567243465 -0.04931825729296811 0
3.223773731256125 0.8989826434593868 0
1.374700630988494 -0.1703335957822093 0
0.1058444001577176 -0.06233563644615225 0
0.8991063534578949 0.0290064405507948 0
-9.18548687080477 7.59924877529996 0
0.7576576489493863 -0.0440808486806257 0
0.4792901880760752 0.307802085261706 0
-5.287494218692399 -0.7911345861229814 0
0.5403305531131546 0.07605587510419078 0
-8.70742827081202 5.371817406026506 0
-3.324201308271778 -0.6233702948857414 0
0.3889753617754322 -0.0731804308167608 0
0.1169820722202851 0.07657687690460424 0
0.5889301997402928 -0.06019650844242957 0
0.7500603388292419 -0.07096067480296443 0
0.3376415475136119 0.07616248783528962 0
1.93894870566105 -1.491707648641991 0
0.3681818858446376 0.08625996340285337 0
0.2950160303156196 0.0855151738312447 0
0.09798681534195042 0.06185212481412399 0
-2.339802504881261 -2.850574565779346 0
0.7422626563253252 0.09076599554082403 0
-0.1947831763643991 -0.09319734023292474 0
0.8700043078318389 0.04573645036965879 0
-4.932620079789561 -0.1622920599971295 0
0.8486433789042623 0.06376387743087937 0
-0.3556391111057502 -0.3191622485591525 0
0.4870399835173604 0.09504395510707431 0
0.4498383070360727 0.06964621823317137 0
0.5309926156498548 -0.0917938101272715 0
0.1134559447770946 0.2301768787568539 0
3.618985531766282 -0.5545524455107134 0
0.4488260549543929 -0.06970314752986419 0
0.6234567295972407 0.1451160233142675 0
-5.648653908542435 -3.721483103731446 0
0.2496872926643879 -0.0733004366090048 0
0.3218053285350536 13.84118266809312 0
0.7555447925376872 0.1112685259100123 0
0.6568680115261013 -0.0667011975307799 0
0.2884317027992198 0.07289011179005297 0
0.9565922033518676 -0.02330009295096364 0
0.259854750603276 0.1406357400525441 0
1.006604473849372 0.03349207990242278 0
2.347870179228864 0.3308227839779935 0
-0.9909322486923682 -6.285470370897199 0
0.3872047479891084 0.07238916299282941 0
-5.954349514129828 1.94115644865911 0
2.395846911499314 13.84701149274883 0
5.924333138048803 12.98058246417779 0
0.1563979631654837 0.06826344946081922 0
1.836024057500778 1.927906119080024 0
0.534097554745951 0.1803336345895327 0
1.355447591399725 1.463057240065152 0
-0.1163492584330571 -1.896497888165456 0
0.5703692299743852 0.07366782630764129 0
-0.4848874788470955 -3.03616238948176 0
0.4175025248664047 -1.899574805352971 0
-6.141209903348734 8.486898320948892 0
-1.323560808651868 -0.3127654720082824 0
0.8143715643658803 -0.08908298862626443 0
0.7512853773376724 0.2960875411472879 0
-0.3013437775316067 5.35772125085919 0
0.741000283824311 -0.05744473000098789 0
0.4098419612032356 0.1155957173268801 0
3.21777367879204 0.3225690416063139 0
1.019695086759006 -0.02741260363282391 0
0.2010171935552894 -0.1574546545379812 0
0.946645450898585 -0.03717045214918428 0
0.2373889286584081 0.267747536574697 0
0.2345470946615367 0.08474326862152526 0
0.6959136691076662 0.09571554157705198 0
7.155807772681921 -11.55518000899531 0
9.632235260831285 -9.349550273926265 0
5.013944861354037 -2.475969832522507 0
0.428194202964245 -0.2771712494088061 0
2.043001643004086 0.2129149812901593 0
0.2081057998753918 -0.06112968992178175 0
0.05087115670724979 -0.07185386164393937 0
0.7007763740686968 0.1724780641917924 0
1.15312228839196 -0.3896438255733117 0
1.337935550560596 -0.05658053516359809 0
0.960431242573027 0.02082891452155513 0
1.079037642901722 0.1983552399461506 0
0.2115778561612358 0.08492253746171541 0
-8.227450472744385 -1.724579355819606 0
0.7201298222464488 0.04734674702138833 0
0.7830624842573264 0.06881071424069252 0
0.2450603842397729 -0.105126958717518 0
0.7291441933705537 0.05910931192404254 0
-8.566105247473788 -6.366746380717404 0
0.70970957628759 -0.0491752827320933 0
-0.01482151364276951 -0.1093797428880836 0
0.6079657571568216 -0.07176253643662286 0
0.9717976779394795 0.05578495176116963 0
2.696126063514865 -3.269406611992097 0
0.3250070438098099 0.0743726089481568 0
1.825340897455537 -2.599469104683897 0
0.2283015404220203 0.07139448974200457 0
0.5370687250206961 -0.06339725874276336 0
0.7888357888235937 0.05276121295477901 0
1.843282280363528 0.0769100870796797 0
2.429315739583376 0.9762045519625178 0
2.530738905796763 3.652576897149617 0
0.3226460140253744 0.1146322339348296 0
0.5051348918616914 -0.1107148494096705 0
0.6495507000179385 0.05510336388835282 0
0.6347796645638386 -0.1203158993478039 0
0.9656223889712768 0.008997031015885167 0
8.249027007536402 -2.434964015843009 0
0.9254872674005925 -0.02404092783093039 0
-0.01103066313132783 -0.01005946350355401 0
0.1359873202569973 -0.06643391233271248 0
1.086050264159344 0.05187609230046811 0
0.4389057117173985 2.026168009913762 0
0.4588704167029397 0.1603785922309614 0
1.255998212139 1.198556492383108 0
0.05381845805228719 0.05360013774786208 0
0.05620005460328947 -0.05519371026314396 0
-5.85438484205075 -10.15092223929112 0
0.0236765316943538 -0.04092036005907233 0
-4.646388619225503 -1.451406498429424 0
0.6814483042310278 0.06457289148898383 0
0.432055010096268 0.09794728704140374 0
0.8682601710554227 -0.03186243589111996 0
0.2504172261601494 0.1201422336278343 0
0.3157480249865452 -0.08543750438201034 0
0.04094837780296812 -0.05070483049908477 0
0.6153017821552565 0.2083902811196133 0
0.9112116165447574 0.05864819189210944 0
0.9286140497607069 0.0243848624724731 0
0.3151387221363625 -0.0994185550915391 0
0.4943106938677184 0.2019503691380928 0
0.9078042731461284 -0.02567079205306694 0
1.008554252657485 -0.007972321801612328 0
-0.2822277706354961 -0.02671669593114073 0
0.8077156172401555 -0.06826108861029886 0
0.02257226180684951 -0.05720193283182687 0
1.124199157846126 0.04372210078970715 0
0.3347479809712933 0.1595916397750841 0

CELLS 10929 53489
2 0 7
2 7 8
2 8 9
2 9 10
2 10 11
2 11 12
2 12 13
2 13 14
2 14 15
2 15 16
2 16 17
2 17 18
2 18 19
2 19 20
2 20 21
2 21 22
2 22 23
2 23 24
2 24 25
2 25 26
2 26 27
2 27 28
2 28 29
2 29 30
2 30 31
2 31 32
2 32 33
2 33 34
2 34 35
2 35 36
2 36 37
2 37 38
2 38 39
2 39 40
2 40 41
2 41 42
2 42 43
2 43 44
2 44 45
2 45 46
2 46 47
2 47 48
2 48 49
2 49 50
2 50 51
2 51 52
2 52 53
2 53 54
2 54 55
2 55 56
2 56 57
2 57 58
2 58 59
2 59 60
2 60 61
2 61 62
2 62 63
2 63 64
2 64 65
2 65 66
2 66 67
2 67 68
2 68 69
2 69 70
2 70 71
2 71 72
2 72 73
2 73 74
2 74 75
2 75 76
2 76 77
2 77 78
2 78 79
2 79 80
2 80 81
2 81 82
2 82 83
2 83 84
2 84 85
2 85 86
2 86 87
2 87 88
2 88 89
2 89 90
2 90 91
2 91 92
2 92 93
2 93 94
2 94 95
2 95 96
2 96 97
2 97 98
2 98 99
2 99 100
2 100 101
2 101 102
2 102 103
2 103 104
2 104 105
2 105 106
2 106 107
2 107 108
2 108 109
2 109 110
2 110 111
2 111 112
2 112 113
2 113 114
2 114 115
2 115 116
2 116 117
2 117 118
2 118 119
2 119 120
2 120 121
2 121 122
2 122 123
2 123 124
2 124 125
2 125 126
2 126 127
2 127 128
2 128 129
2 129 130
2 130 131
2 131 132
2 132 133
2 133 134
2 134 135
2 135 136
2 136 137
2 137 138
2 138 139
2 139 140
2 140 141
2 141 142
2 142 143
2 143 144
2 144 145
2 145 146
2 146 147
2 147 148
2 148 149
2 149 150
2 150 151
2 151 152
2 152 153
2 153 154
2 154 155
2 155 156
2 156 157
2 157 158
2 158 159
2 159 160
2 160 161
2 161 162
2 162 163
2 163 164
2 164 165
2 165 166
2 166 167
2 167 168
2 168 169
2 169 170
2 170 171
2 171 172
2 172 173
2 173 174
2 174 175
2 175 176
2 176 177
2 177 178
2 178 179
2 179 180
2 180 181
2 181 182
2 182 183
2 183 184
2 184 185
2 185 186
2 186 187
2 187 188
2 188 189
2 189 190
2 190 191
2 191 192
2 192 193
2 193 194
2 194 195
2 195 196
2 196 197
2 197 198
2 198 199
2 199 200
2 200 201
2 201 202
2 202 203
2 203 204
2 204 205
2 205 206
2 206 207
2 207 208
2 208 209
2 209 1
2 0 210
2 210 211
2 211 212
2 212 213
2 213 214
2 214 215
2 215 216
2 216 217
2 217 218
2 218 219
2 219 220
2 220 221
2 221 222
2 222 223
2 223 224
2 224 225
2 225 226
2 226 227
2 227 228
2 228 229
2 229 230
2 230 231
2 231 232
2 232 233
2 233 234
2 234 235
2 235 236
2 236 237
2 237 238
2 238 239
2 239 240
2 240 241
2 241 242
2 242 243
2 243 244
2 244 245
2 245 246
2 246 247
2 247 248
2 248 249
2 249 250
2 250 251
2 251 252
2 252 253
2 253 254
2 254 255
2 255 256
2 256 257
2 257 258
2 258 259
2 259 260
2 260 261
2 261 262
2 262 263
2 263 264
2 264 265
2 265 266
2 266 267
2 267 268
2 268 269
2 269 270
2 270 271
2 271 272
2 272 273
2 273 274
2 274 275
2 275 276
2 276 277
2 277 278
2 278 279
2 279 280
2 280 281
2 281 282
2 282 283
2 283 284
2 284 285
2 285 286
2 286 287
2 287 288
2 288 289
2 289 290
2 290 291
2 291 292
2 292 293
2 293 294
2 294 295
2 295 296
2 296 297
2 297 298
2 298 299
2 299 300
2 300 301
2 301 302
2 302 303
2 303 304
2 304 305
2 305 306
2 306 307
2 307 308
2 308 309
2 309 310
2 310 311
2 311 312
2 312 313
2 313 314
2 314 315
2 315 316
2 316 317
2 317 318
2 318 319
2 319 320
2 320 321
2 321 322
2 322 323
2 323 324
2 324 325
2 325 326
2 326 327
2 327 328
2 328 329
2 329 330
2 330 331
2 331 332
2 332 333
2 333 334
2 334 335
2 335 336
2 336 337
2 337 338
2 338 339
2 339 340
2 340 341
2 341 342
2 342 343
2 343 344
2 344 345
2 345 346
2 346 347
2 347 348
2 348 349
2 349 350
2 350 351
2 351 352
2 352 353
2 353 354
2 354 355
2 355 356
2 356 357
2 357 358
2 358 359
2 359 360
2 360 361
2 361 362
2 362 363
2 363 364
2 364 365
2 365 366
2 366 367
2 367 368
2 368 369
2 369 370
2 370 371
2 371 372
2 372 373
2 373 374
2 374 375
2 375 376
2 376 377
2 377 378
2 378 379
2 379 380
2 380 381
2 381 382
2 382 383
2 383 384
2 384 385
2 385 386
2 386 387
2 387 388
2 388 389
2 389 390
2 390 391
2 391 392
2 392 393
2 393 394
2 394 395
2 395 396
2 396 397
2 397 398
2 398 399
2 399 400
2 400 401
2 401 402
2 402 403
2 403 404
2 404 405
2 405 406
2 406 407
2 407 408
2 408 409
2 409 410
2 410 411
2 411 412
2 412 2
2 1 413
2 413 2
2 3 414
2 414 415
2 415 416
2 416 417
2 417 418
2 418 419
2 419 420
2 420 421
2 421 422
2 422 423
2 423 424
2 424 425
2 425 426
2 426 427
2 427 428
2 428 429
2 429 430
2 430 431
2 431 432
2 432 433
2 433 434
2 434 435
2 435 436
2 436 437
2 437 438
2 438 439
2 439 440
2 440 441
2 441 442
2 442 443
2 443 444
2 444 445
2 445 446
2 446 447
2 447 448
2 448 449
2 449 450
2 450 451
2 451 452
2 452 453
2 453 454
2 454 455
2 455 456
2 456 4
2 4 457
2 457 458
2 458 459
2 459 460
2 460 461
2 461 462
2 462 463
2 463 464
2 464 465
2 465 466
2 466 467
2 467 468
2 468 469
2 469 470
2 470 471
2 471 472
2 472 473
2 473 474
2 474 475
2 475 476
2 476 477
2 477 478
2 478 479
2 479 480
2 480 481
2 481 482
2 482 483
2 483 484
2 484 485
2 485 486
2 486 487
2 487 488
2 488 489
2 489 490
2 490 491
2 491 492
2 492 493
2 493 494
2 494 495
2 495 5
2 5 496
2 496 497
2 497 498
2 498 499
2 499 500
2 500 501
2 501 502
2 502 503
2 503 504
2 504 505
2 505 506
2 506 507
2 507 508
2 508 509
2 509 510
2 510 511
2 511 512
2 512 513
2 513 514
2 514 515
2 515 516
2 516 517
2 517 518
2 518 519
2 519 520
2 520 521
2 521 522
2 522 523
2 523 524
2 524 525
2 525 526
2 526 527
2 527 528
2 528 529
2 529 530
2 530 531
2 531 532
2 532 533
2 533 534
2 534 535
2 535 536
2 536 537
2 537 538
2 538 6
2 6 539
2 539 540
2 540 541
2 541 542
2 542 543
2 543 544
2 544 545
2 545 546
2 546 547
2 547 548
2 548 549
2 549 550
2 550 551
2 551 552
2 552 553
2 553 554
2 554 555
2 555 556
2 556 557
2 557 558
2 558 559
2 559 560
2 560 561
2 561 562
2 562 563
2 563 564
2 564 565
2 565 566
2 566 567
2 567 568
2 568 569
2 569 570
2 570 571
2 571 572
2 572 573
2 573 574
2 574 575
2 575 576
2 576 577
2 577 3
4 525 526 4047 4046
4 526 527 4044 4047
4 4047 4044 581 4045
4 4046 4047 4045 610
4 462 463 4051 4050
4 463 464 4048 4051
4 4051 4048 623 4049
4 4050 4051 4049 597
4 608 4052 4055 4054
4 4052 507 508 4055
4 4055 508 509 4053
4 4054 4055 4053 578
4 425 426 4059 4058
4 426 427 4056 4059
4 4059 4056 580 4057
4 4058 4059 4057 624
4 572 573 4063 4062
4 573 574 4060 4063
4 4063 4060 614 4061
4 4062 4063 4061 596
4 595 4064 4067 4066
4 4064 490 491 4067
4 4067 491 492 4065
4 4066 4067 4065 617
4 607 4068 4071 4070
4 4068 439 440 4071
4 4071 440 441 4069
4 4070 4071 4069 579
4 588 4072 4075 4074
4 4072 562 563 4075
4 4075 563 564 4073
4 4074 4075 4073 622
4 586 4076 4079 4078
4 4076 480 481 4079
4 4079 481 482 4077
4 4078 4079 4077 602
4 584 4080 4083 4082
4 4080 468 469 4083
4 4083 469 470 4081
4 4082 4083 4081 613
4 600 4084 4087 4086
4 4084 556 557 4087
4 4087 557 558 4085
4 4086 4087 4085 611
4 585 4088 4091 4090
4 4088 474 475 4091
4 4091 475 476 4089
4 4090 4091 4089 603
4 431 432 4095 4094
4 432 433 4092 4095
4 4095 4092 604 4093
4 4094 4095 4093 609
4 604 4092 4098 4097
4 4092 433 434 4098
4 4098 434 435 4096
4 4097 4098 4096 583
4 594 4099 4102 4101
4 4099 615 4100 4102
4 4102 4100 419 420
4 4101 4102 420 421
4 593 4103 4106 4105
4 4103 618 4104 4106
4 4106 4104 501 502
4 4105 4106 502 503
4 615 4107 4109 4100
4 4107 616 4108 4109
4 4109 4108 417 418
4 4100 4109 418 419
4 618 4110 4112 4104
4 4110 619 4111 4112
4 4112 4111 499 500
4 4104 4112 500 501
4 533 4113 4116 532
4 4113 598 4114 4116
4 4116 4114 621 4115
4 532 4116 4115 531
4 627 4117 4120 4119
4 4117 671 4118 4120
4 4120 4118 451 452
4 4119 4120 452 453
4 449 450 4123 4122
4 450 451 4118 4123
4 4123 4118 671 4121
4 4122 4123 4121 591
4 2855 4124 4127 4126
4 4124 1880 4125 4127
4 4127 4125 379 378
4 4126 4127 378 377
4 1975 4128 4131 4130
4 4128 792 4129 4131
4 4131 4129 156 157
4 4130 4131 157 158
4 341 4132 4134 342
4 4132 1822 3452 4134
4 4134 3452 1808 4133
4 342 4134 4133 343
4 2618 4135 4138 4137
4 4135 2656 4136 4138
4 4138 4136 403 402
4 4137 4138 402 401
4 317 4139 4142 318
4 4139 2654 4140 4142
4 4142 4140 2631 4141
4 318 4142 4141 319
4 2112 4143 4146 4145
4 4143 2168 4144 4146
4 4146 4144 100 101
4 4145 4146 101 102
4 1879 4147 4150 4149
4 4147 2299 4148 4150
4 4150 4148 90 91
4 4149 4150 91 92
4 293 4151 4154 294
4 4151 2821 4152 4154
4 4154 4152 1918 4153
4 294 4154 4153 295
4 423 424 4157 4156
4 424 425 4058 4157
4 4157 4058 624 4155
4 4156 4157 4155 664
4 505 506 4160 4159
4 506 507 4052 4160
4 4160 4052 608 4158
4 4159 4160 4158 663
4 2703 4161 4164 4163
4 4161 2774 4162 4164
4 4164 4162 68 69
4 4163 4164 69 70
4 421 422 4166 4101
4 422 423 4156 4166
4 4166 4156 664 4165
4 4101 4166 4165 594
4 503 504 4168 4105
4 504 505 4159 4168
4 4168 4159 663 4167
4 4105 4168 4167 593
4 542 543 4172 4171
4 543 544 4169 4172
4 4172 4169 592 4170
4 4171 4172 4170 669
4 546 547 4176 4175
4 547 548 4173 4176
4 4176 4173 612 4174
4 4175 4176 4174 662
4 615 4099 4180 4179
4 4099 594 4177 4180
4 4180 4177 639 4178
4 4179 4180 4178 644
4 618 4103 4184 4183
4 4103 593 4181 4184
4 4184 4181 638 4182
4 4183 4184 4182 643
4 2349 4185 4188 4187
4 4185 2856 4186 4188
4 4188 4186 32 33
4 4187 4188 33 34
4 535 4189 4191 534
4 4189 674 4190 4191
4 4191 4190 598 4113
4 534 4191 4113 533
4 621 4114 4195 4194
4 4114 598 4192 4195
4 4195 4192 693 4193
4 4194 4195 4193 640
4 466 467 4198 4197
4 467 468 4080 4198
4 4198 4080 584 4196
4 4197 4198 4196 661
4 460 461 4201 4200
4 461 462 4050 4201
4 4201 4050 597 4199
4 4200 4201 4199 670
4 570 571 4204 4203
4 571 572 4062 4204
4 4204 4062 596 4202
4 4203 4204 4202 667
4 488 489 4207 4206
4 489 490 4064 4207
4 4207 4064 595 4205
4 4206 4207 4205 666
4 540 541 4210 4209
4 541 542 4171 4210
4 4210 4171 669 4208
4 4209 4210 4208 601
4 544 545 4212 4169
4 545 546 4175 4212
4 4212 4175 662 4211
4 4169 4212 4211 592
4 1104 4213 4216 4215
4 4213 1116 3607 4216
4 4216 3607 1223 4214
4 4215 4216 4214 1174
4 1063 4217 4221 4220
4 4217 1038 4218 4221
4 4221 4218 1074 4219
4 4220 4221 4219 1104
4 2804 4222 4224 4223
4 4222 2869 3553 4224
4 4224 3553 2922 3627
4 4223 4224 3627 2882
4 2326 4225 4228 3810
4 4225 2151 4226 4228
4 4228 4226 2283 4227
4 3810 4228 4227 2386
4 447 448 4231 4230
4 448 449 4122 4231
4 4231 4122 591 4229
4 4230 4231 4229 668
4 1273 4232 4236 4235
4 4232 1301 4233 4236
4 4236 4233 1354 4234
4 4235 4236 4234 1327
4 550 551 4240 4239
4 551 552 4237 4240
4 4240 4237 587 4238
4 4239 4240 4238 658
4 693 4241 4244 4193
4 4241 739 4242 4244
4 4244 4242 783 4243
4 4193 4244 4243 640
4 787 4245 4249 4248
4 4245 729 4246 4249
4 4249 4246 709 4247
4 4248 4249 4247 636
4 915 4250 4254 4253
4 4250 993 4251 4254
4 4254 4251 942 4252
4 4253 4254 4252 880
4 706 4255 4258 4257
4 4255 637 4256 4258
4 4258 4256 597 4049
4 4257 4258 4049 623
4 703 4259 4262 4261
4 4259 753 4260 4262
4 4262 4260 592 4211
4 4261 4262 4211 662
4 1300 4263 4267 4266
4 4263 1243 4264 4267
4 4267 4264 1266 4265
4 4266 4267 4265 1329
4 529 530 4270 4269
4 530 531 4115 4270
4 4270 4115 621 4268
4 4269 4270 4268 665
4 637 4255 4274 4273
4 4255 706 4271 4274
4 4274 4271 784 4272
4 4273 4274 4272 730
4 2472 4275 4279 4278
4 4275 2584 4276 4279
4 4279 4276 2394 4277
4 4278 4279 4277 2329
4 1090 4280 4284 4283
4 4280 1014 4281 4284
4 4284 4281 1046 4282
4 4283 4284 4282 1121
4 997 4285 4289 4288
4 4285 907 4286 4289
4 4289 4286 954 4287
4 4288 4289 4287 1038
4 751 4290 4294 4293
4 4290 713 4291 4294
4 4294 4291 712 4292
4 4293 4294 4292 766
4 1248 4295 4299 4298
4 4295 1278 4296 4299
4 4299 4296 1344 4297
4 4298 4299 4297 1302
4 606 4300 4304 4303
4 4300 668 4301 4304
4 4304 4301 679 4302
4 4303 4304 4302 748
4 497 498 4307 4306
4 498 499 4111 4307
4 4307 4111 619 4305
4 4306 4307 4305 625
4 415 416 4310 4309
4 416 417 4108 4310
4 4310 4108 616 4308
4 4309 4310 4308 626
4 3 414 4312 577
4 414 415 4309 4312
4 4312 4309 626 4311
4 577 4312 4311 576
4 5 496 4314 495
4 496 497 4306 4314
4 4314 4306 625 4313
4 495 4314 4313 494
4 617 4065 4316 4315
4 4065 492 493 4316
4 4316 493 494 4313
4 4315 4316 4313 625
4 614 4060 4318 4317
4 4060 574 575 4318
4 4318 575 576 4311
4 4317 4318 4311 626
4 464 465 4320 4048
4 465 466 4197 4320
4 4320 4197 661 4319
4 4048 4320 4319 623
4 458 459 4323 4322
4 459 460 4200 4323
4 4323 4200 670 4321
4 4322 4323 4321 620
4 568 569 4326 4325
4 569 570 4203 4326
4 4326 4203 667 4324
4 4325 4326 4324 590
4 486 487 4329 4328
4 487 488 4206 4329
4 4329 4206 666 4327
4 4328 4329 4327 589
4 634 4330 4334 4333
4 4330 771 4331 4334
4 4334 4331 727 4332
4 4333 4334 4332 707
4 752 4335 4339 4338
4 4335 715 4336 4339
4 4339 4336 714 4337
4 4338 4339 4337 768
4 749 4340 4342 4341
4 4340 679 4301 4342
4 4342 4301 668 4229
4 4341 4342 4229 591
4 566 567 4345 4344
4 567 568 4325 4345
4 4345 4325 590 4343
4 4344 4345 4343 660
4 484 485 4348 4347
4 485 486 4328 4348
4 4348 4328 589 4346
4 4347 4348 4346 659
4 472 473 4351 4350
4 473 474 4088 4351
4 4351 4088 585 4349
4 4350 4351 4349 654
4 2423 3299 4354 4353
4 3299 2514 4010 4354
4 4354 4010 2596 4352
4 4353 4354 4352 2503
4 1740 4355 4359 4358
4 4355 1728 4356 4359
4 4359 4356 1838 4357
4 4358 4359 4357 1783
4 554 555 4362 4361
4 555 556 4084 4362
4 4362 4084 600 4360
4 4361 4362 4360 655
4 311 310 4366 4365
4 310 309 4363 4366
4 4366 4363 2435 4364
4 4365 4366 4364 2508
4 1284 4367 4371 4370
4 4367 1204 4368 4371
4 4371 4368 1222 4369
4 4370 4371 4369 1234
4 2553 4372 4374 3644
4 4372 365 364 4374
4 4374 364 363 4373
4 3644 4374 4373 2579
4 1215 4375 4379 4378
4 4375 1110 4376 4379
4 4379 4376 1149 4377
4 4378 4379 4377 1183
4 1190 4380 4384 4383
4 4380 1256 4381 4384
4 4384 4381 1212 4382
4 4383 4384 4382 1152
4 2654 4139 4386 3587
4 4139 317 316 4386
4 4386 316 315 4385
4 3587 4386 4385 2658
4 1901 4387 4391 4390
4 4387 1829 4388 4391
4 4391 4388 1766 4389
4 4390 4391 4389 1841
4 445 446 4393 4392
4 446 447 4230 4393
4 4393 4230 668 4300
4 4392 4393 4300 606
4 717 4394 4398 4397
4 4394 776 4395 4398
4 4398 4395 793 4396
4 4397 4398 4396 861
4 2088 4399 4403 4402
4 4399 2015 4400 4403
4 4403 4400 1996 4401
4 4402 4403 4401 2030
4 523 524 4406 4405
4 524 525 4046 4406
4 4406 4046 610 4404
4 4405 4406 4404 656
4 1211 4407 4409 4408
4 4407 1248 4298 4409
4 4409 4298 1302 3267
4 4408 4409 3267 1271
4 519 520 4413 4412
4 520 521 4410 4413
4 4413 4410 582 4411
4 4412 4413 4411 653
4 515 516 4417 4416
4 516 517 4414 4417
4 4417 4414 599 4415
4 4416 4417 4415 652
4 429 430 4420 4419
4 430 431 4094 4420
4 4420 4094 609 4418
4 4419 4420 4418 650
4 560 561 4423 4422
4 561 562 4072 4423
4 4423 4072 588 4421
4 4422 4423 4421 648
4 511 512 4427 4426
4 512 513 4424 4427
4 4427 4424 605 4425
4 4426 4427 4425 651
4 443 444 4430 4429
4 444 445 4392 4430
4 4430 4392 606 4428
4 4429 4430 4428 657
4 437 438 4433 4432
4 438 439 4068 4433
4 4433 4068 607 4431
4 4432 4433 4431 649
4 357 4434 4437 358
4 4434 1849 4435 4437
4 4437 4435 1904 4436
4 358 4437 4436 359
4 2132 4438 4440 3584
4 4438 106 107 4440
4 4440 107 108 4439
4 3584 4440 4439 2135
4 1865 4441 4444 4443
4 4441 1850 4442 4444
4 4444 4442 112 113
4 4443 4444 113 114
4 1681 4445 4449 4448
4 4445 1674 4446 4449
4 4449 4446 1717 4447
4 4448 4449 4447 1752
4 1214 4450 4454 4453
4 4450 1250 4451 4454
4 4454 4451 1187 4452
4 4453 4454 4452 1154
4 2394 4276 4458 4457
4 4276 2584 4455 4458
4 4458 4455 2663 4456
4 4457 4458 4456 2468
4 548 549 4460 4173
4 549 550 4239 4460
4 4460 4239 658 4459
4 4173 4460 4459 612
4 478 479 4463 4462
4 479 480 4076 4463
4 4463 4076 586 4461
4 4462 4463 4461 646
4 1310 4464 4468 4467
4 4464 1277 4465 4468
4 4468 4465 1339 4466
4 4467 4468 4466 1365
4 2721 3571 4472 4471
4 3571 2824 4469 4472
4 4472 4469 2773 4470
4 4471 4472 4470 1403
4 1256 4473 4476 4381
4 4473 1315 4474 4476
4 4476 4474 1275 4475
4 4381 4476 4475 1212
4 2617 4023 4479 4478
4 4023 2732 4477 4479
4 4479 4477 395 394
4 4478 4479 394 393
4 1376 4480 4484 4483
4 4480 1319 4481 4484
4 4484 4481 1353 4482
4 4483 4484 4482 1417
4 2703 4163 4487 4486
4 4163 70 71 4487
4 4487 71 72 4485
4 4486 4487 4485 2730
4 1649 4488 4492 4491
4 4488 1598 4489 4492
4 4492 4489 1640 4490
4 4491 4492 4490 1690
4 1479 4493 4497 4496
4 4493 1436 4494 4497
4 4497 4494 1493 4495
4 4496 4497 4495 1512
4 691 4498 4500 4499
4 4498 639 4177 4500
4 4500 4177 594 4165
4 4499 4500 4165 664
4 739 4501 4504 4242
4 4501 763 4502 4504
4 4504 4502 804 4503
4 4242 4504 4503 783
4 1079 4505 4508 4507
4 4505 942 4251 4508
4 4508 4251 993 4506
4 4507 4508 4506 1025
4 321 320 4510 4509
4 320 319 4141 4510
4 4510 4141 2631 3924
4 4509 4510 3924 2729
4 118 119 4514 4513
4 119 120 4511 4514
4 4514 4511 1775 4512
4 4513 4514 4512 1863
4 1740 4358 4517 4516
4 4358 1783 3347 4517
4 4517 3347 1872 4515
4 4516 4517 4515 1810
4 527 528 4519 4044
4 528 529 4269 4519
4 4519 4269 665 4518
4 4044 4519 4518 581
4 1286 4520 4524 4523
4 4520 1268 4521 4524
4 4524 4521 1316 4522
4 4523 4524 4522 1338
4 1823 4525 4527 3898
4 4525 355 354 4527
4 4527 354 353 4526
4 3898 4527 4526 1827
4 1042 3656 4531 4530
4 3656 987 4528 4531
4 4531 4528 912 4529
4 4530 4531 4529 968
4 178 4532 4534 177
4 4532 2020 3482 4534
4 4534 3482 2052 4533
4 177 4534 4533 176
4 1776 3668 4537 4536
4 3668 1834 4535 4537
4 4537 4535 331 330
4 4536 4537 330 329
4 1120 4538 4542 4541
4 4538 1091 4539 4542
4 4542 4539 1027 4540
4 4541 4542 4540 1132
4 690 4543 4545 4544
4 4543 638 4181 4545
4 4545 4181 593 4167
4 4544 4545 4167 663
4 1852 4546 4549 4548
4 4546 1867 4547 4549
4 4549 4547 126 127
4 4548 4549 127 128
4 1497 4550 4554 4553
4 4550 1481 4551 4554
4 4554 4551 1449 4552
4 4553 4554 4552 1494
4 458 4322 4556 457
4 4322 620 4555 4556
4 4556 4555 455 456
4 457 4556 456 4
4 540 4209 4558 539
4 4209 601 4557 4558
4 4558 4557 537 538
4 539 4558 538 6
4 805 4559 4563 4562
4 4559 895 4560 4563
4 4563 4560 841 4561
4 4562 4563 4561 759
4 345 344 4566 4565
4 344 343 4133 4566
4 4566 4133 1808 4564
4 4565 4566 4564 1864
4 1773 4567 4570 4569
4 4567 351 350 4570
4 4570 350 349 4568
4 4569 4570 4568 1788
4 679 4571 4574 4302
4 4571 823 4572 4574
4 4574 4572 773 4573
4 4302 4574 4573 748
4 325 324 4578 4577
4 324 323 4575 4578
4 4578 4575 1774 4576
4 4577 4578 4576 1789
4 78 4579 4581 77
4 4579 2586 3674 4581
4 4581 3674 2549 4580
4 77 4581 4580 76
4 780 4582 4586 4585
4 4582 850 4583 4586
4 4586 4583 822 4584
4 4585 4586 4584 743
4 1603 4587 4591 4590
4 4587 1589 4588 4591
4 4591 4588 1630 4589
4 4590 4591 4589 1615
4 50 51 4595 4594
4 51 52 4592 4595
4 4595 4592 2911 4593
4 4594 4595 4593 2912
4 2356 4596 4599 3448
4 4596 2439 4597 4599
4 4599 4597 2284 4598
4 3448 4599 4598 2255
4 1775 4511 4602 4601
4 4511 120 121 4602
4 4602 121 122 4600
4 4601 4602 4600 1791
4 2377 3764 4605 4604
4 3764 2362 4603 4605
4 4605 4603 86 87
4 4604 4605 87 88
4 146 147 4609 4608
4 147 148 4606 4609
4 4609 4606 1806 4607
4 4608 4609 4607 1828
4 1824 4610 4613 4612
4 4610 140 141 4613
4 4613 141 142 4611
4 4612 4613 4611 1830
4 2483 4614 4617 4616
4 4614 80 81 4617
4 4617 81 82 4615
4 4616 4617 4615 2509
4 2870 4618 4621 4620
4 4618 2902 4003 4621
4 4621 4003 2812 4619
4 4620 4621 4619 1229
4 913 4622 4626 4625
4 4622 885 4623 4626
4 4626 4623 972 4624
4 4625 4626 4624 984
4 182 183 4630 4629
4 183 184 4627 4630
4 4630 4627 2238 4628
4 4629 4630 4628 2256
4 1307 4631 4635 4634
4 4631 1236 4632 4635
4 4635 4632 1275 4633
4 4634 4635 4633 1337
4 955 4636 4640 4639
4 4636 909 4637 4640
4 4640 4637 983 4638
4 4639 4640 4638 1039
4 963 4641 4645 4644
4 4641 929 4642 4645
4 4645 4642 874 4643
4 4644 4645 4643 964
4 581 4646 4649 4045
4 4646 689 4647 4649
4 4649 4647 635 4648
4 4045 4649 4648 610
4 2898 4650 4653 4652
4 4650 2883 4651 4653
4 4653 4651 58 59
4 4652 4653 59 60
4 640 4243 4657 4656
4 4243 783 4654 4657
4 4657 4654 750 4655
4 4656 4657 4655 708
4 2157 4658 4662 4661
4 4658 2216 4659 4662
4 4662 4659 2241 4660
4 4661 4662 4660 2231
4 706 4257 4665 4664
4 4257 623 4319 4665
4 4665 4319 661 4663
4 4664 4665 4663 688
4 849 4666 4668 3377
4 4666 773 4572 4668
4 4668 4572 823 4667
4 3377 4668 4667 862
4 1523 4669 4672 3548
4 4669 1465 4670 4672
4 4672 4670 1508 4671
4 3548 4672 4671 1557
4 285 284 4676 4675
4 284 283 4673 4676
4 4676 4673 2695 4674
4 4675 4676 4674 2776
4 172 173 4680 4679
4 173 174 4677 4680
4 4680 4677 1919 4678
4 4679 4680 4678 1979
4 2333 4681 4684 4683
4 4681 2532 3534 4684
4 4684 3534 2455 4682
4 4683 4684 4682 2182
4 2655 4685 4688 4687
4 4685 369 368 4688
4 4688 368 367 4686
4 4687 4688 4686 2660
4 104 105 4691 4690
4 105 106 4438 4691
4 4691 4438 2132 4689
4 4690 4691 4689 2171
4 160 161 4695 4694
4 161 162 4692 4695
4 4695 4692 1961 4693
4 4694 4695 4693 2012
4 2667 4696 4699 4698
4 4696 2629 4697 4699
4 4699 4697 18 19
4 4698 4699 19 20
4 221 4700 4702 222
4 4700 2481 4005 4702
4 4702 4005 2517 4701
4 222 4702 4701 223
4 164 165 4706 4705
4 165 166 4703 4706
4 4706 4703 1974 4704
4 4705 4706 4704 2013
4 628 4707 4710 4709
4 4707 776 4394 4710
4 4710 4394 717 4708
4 4709 4710 4708 710
4 674 4189 4712 4711
4 4189 535 536 4712
4 4712 536 537 4557
4 4711 4712 4557 601
4 627 4119 4714 4713
4 4119 453 454 4714
4 4714 454 455 4555
4 4713 4714 4555 620
4 1974 4703 4717 4716
4 4703 166 167 4717
4 4717 167 168 4715
4 4716 4717 4715 1980
4 261 4718 4720 262
4 4718 2899 3735 4720
4 4720 3735 2884 4719
4 262 4720 4719 263
4 2831 4721 4724 4723
4 4721 2808 4722 4724
4 4724 4722 64 65
4 4723 4724 65 66
4 1981 4725 4728 4727
4 4725 2058 3654 4728
4 4728 3654 2022 4726
4 4727 4728 4726 1910
4 664 4155 4731 4499
4 4155 624 4729 4731
4 4731 4729 709 4730
4 4499 4731 4730 691
4 371 370 4734 4733
4 370 369 4685 4734
4 4734 4685 2655 4732
4 4733 4734 4732 2731
4 2495 3820 4738 4737
4 3820 2581 4735 4738
4 4738 4735 2411 4736
4 4737 4738 4736 2379
4 335 334 4742 4741
4 334 333 4739 4742
4 4742 4739 1749 4740
4 4741 4742 4740 1747
4 2867 3663 4745 4744
4 3663 2845 4743 4745
4 4745 4743 291 290
4 4744 4745 290 289
4 30 31 4748 4747
4 31 32 4186 4748
4 4748 4186 2856 4746
4 4747 4748 4746 2861
4 825 4749 4752 4751
4 4749 896 4750 4752
4 4752 4750 835 3168
4 4751 4752 3168 756
4 94 95 4756 4755
4 95 96 4753 4756
4 4756 4753 2169 4754
4 4755 4756 4754 2212
4 632 4757 4761 4760
4 4757 701 4758 4761
4 4761 4758 721 4759
4 4760 4761 4759 780
4 2868 3776 4764 4763
4 3776 2843 4762 4764
4 4764 4762 40 41
4 4763 4764 41 42
4 2855 4126 4767 4766
4 4126 377 376 4767
4 4767 376 375 4765
4 4766 4767 4765 2863
4 1513 4768 4771 3580
4 4768 1541 4769 4771
4 4771 4769 1522 4770
4 3580 4771 4770 1468
4 385 384 4775 4774
4 384 383 4772 4775
4 4775 4772 2849 4773
4 4774 4775 4773 2864
4 1676 4776 4780 4779
4 4776 1663 4777 4780
4 4780 4777 1652 4778
4 4779 4780 4778 1714
4 1822 4132 4783 4782
4 4132 341 340 4783
4 4783 340 339 4781
4 4782 4783 4781 1831
4 1346 4784 4785 3652
4 4784 1390 3455 4785
4 4785 3455 1356 3702
4 3652 4785 3702 1296
4 1190 4383 4789 4788
4 4383 1152 4786 4789
4 4789 4786 1077 4787
4 4788 4789 4787 1122
4 672 4790 4792 4791
4 4790 619 4110 4792
4 4792 4110 618 4183
4 4791 4792 4183 643
4 673 4793 4795 4794
4 4793 616 4107 4795
4 4795 4107 615 4179
4 4794 4795 4179 644
4 670 4199 4798 4797
4 4199 597 4256 4798
4 4798 4256 637 4796
4 4797 4798 4796 647
4 98 99 4800 4799
4 99 100 4144 4800
4 4800 4144 2168 3713
4 4799 4800 3713 2213
4 1338 4522 4804 4803
4 4522 1316 4801 4804
4 4804 4801 1349 4802
4 4803 4804 4802 1396
4 2894 3362 4807 4806
4 3362 2615 3068 4807
4 4807 3068 2848 4805
4 4806 4807 4805 2818
4 1809 4808 4810 3479
4 4808 130 131 4810
4 4810 131 132 4809
4 3479 4810 4809 1832
4 630 4811 4815 4814
4 4811 696 4812 4815
4 4815 4812 719 4813
4 4814 4815 4813 779
4 154 155 4818 4817
4 155 156 4129 4818
4 4818 4129 792 4816
4 4817 4818 4816 1897
4 897 4819 4822 4821
4 4819 960 4820 4822
4 4822 4820 924 3774
4 4821 4822 3774 866
4 793 4823 4827 4826
4 4823 1015 4824 4827
4 4827 4824 970 4825
4 4826 4827 4825 915
4 315 314 4830 4385
4 314 313 4828 4830
4 4830 4828 940 4829
4 4385 4830 4829 2658
4 564 565 4832 4073
4 565 566 4344 4832
4 4832 4344 660 4831
4 4073 4832 4831 622
4 0 3352 4836 4835
4 3352 2486 4833 4836
4 4836 4833 2689 4834
4 4835 4836 4834 2475
4 482 483 4838 4077
4 483 484 4347 4838
4 4838 4347 659 4837
4 4077 4838 4837 602
4 363 362 4841 4373
4 362 361 4839 4841
4 4841 4839 677 4840
4 4373 4841 4840 2579
4 713 4842 4844 4291
4 4842 643 4182 4844
4 4844 4182 638 4843
4 4291 4844 4843 712
4 677 4839 4846 4845
4 4839 361 360 4846
4 4846 360 359 4436
4 4845 4846 4436 1904
4 2760 4847 4850 4849
4 4847 2780 4848 4850
4 4850 4848 281 280
4 4849 4850 280 279
4 689 4646 4853 4852
4 4646 581 4518 4853
4 4853 4518 665 4851
4 4852 4853 4851 708
4 470 471 4855 4081
4 471 472 4350 4855
4 4855 4350 654 4854
4 4081 4855 4854 613
4 940 4828 4857 4856
4 4828 313 312 4857
4 4857 312 311 4365
4 4856 4857 4365 2508
4 2395 3610 4861 4860
4 3610 2688 4858 4861
4 4861 4858 2575 4859
4 4860 4861 4859 2498
4 2194 3446 4865 4864
4 3446 2255 4862 4865
4 4865 4862 2150 4863
4 4864 4865 4863 2109
4 1837 4866 4869 3930
4 4866 1870 4867 4869
4 4869 4867 1800 4868
4 3930 4869 4868 1778
4 715 4870 4872 4336
4 4870 644 4178 4872
4 4872 4178 639 4871
4 4336 4872 4871 714
4 631 4873 4877 4876
4 4873 695 4874 4877
4 4877 4874 747 4875
4 4876 4877 4875 778
4 669 4170 4880 4879
4 4170 592 4260 4880
4 4880 4260 753 4878
4 4879 4880 4878 711
4 552 553 4882 4237
4 553 554 4361 4882
4 4882 4361 655 4881
4 4237 4882 4881 587
4 896 4883 4886 4750
4 4883 905 4884 4886
4 4886 4884 947 4885
4 4750 4886 4885 835
4 1140 4887 4891 4890
4 4887 1182 4888 4891
4 4891 4888 1254 4889
4 4890 4891 4889 1205
4 1251 4892 4895 4894
4 4892 1249 4893 4895
4 4895 4893 1215 4378
4 4894 4895 4378 1183
4 598 4190 4898 4192
4 4190 674 4896 4898
4 4898 4896 711 4897
4 4192 4898 4897 693
4 911 4899 4903 4902
4 4899 1002 4900 4903
4 4903 4900 956 4901
4 4902 4903 4901 901
4 2435 4904 4907 4364
4 4904 2592 4905 4907
4 4907 4905 2666 4906
4 4364 4907 4906 2508
4 1049 4908 4912 4911
4 4908 962 4909 4912
4 4912 4909 991 4910
4 4911 4912 4910 1089
4 1081 4913 4917 4916
4 4913 1025 4914 4917
4 4917 4914 1053 4915
4 4916 4917 4915 1086
4 663 4158 4920 4544
4 4158 608 4918 4920
4 4920 4918 707 4919
4 4544 4920 4919 690
4 1056 4921 4923 4922
4 4921 110 111 4923
4 4923 111 112 4442
4 4922 4923 4442 1850
4 1215 4924 4927 4375
4 4924 1165 4925 4927
4 4927 4925 1159 4926
4 4375 4927 4926 1110
4 196 4928 4930 195
4 4928 2488 4014 4930
4 4930 4014 2516 4929
4 195 4930 4929 194
4 1229 4931 4933 4932
4 4931 2760 4849 4933
4 4933 4849 279 278
4 4932 4933 278 277
4 108 109 4935 4439
4 109 110 4921 4935
4 4935 4921 1056 4934
4 4439 4935 4934 2135
4 1005 4936 4940 4939
4 4936 1037 4937 4940
4 4940 4937 1066 4938
4 4939 4940 4938 1029
4 1603 4941 4944 4587
4 4941 1569 4942 4944
4 4944 4942 1580 4943
4 4587 4944 4943 1589
4 636 4247 4946 4945
4 4247 709 4729 4946
4 4946 4729 624 4057
4 4945 4946 4057 580
4 634 4333 4948 4947
4 4333 707 4918 4948
4 4948 4918 608 4054
4 4947 4948 4054 578
4 1684 4949 4952 3411
4 4949 1685 4950 4952
4 4952 4950 1728 4951
4 3411 4952 4951 1710
4 1157 4953 4957 4956
4 4953 1117 4954 4957
4 4957 4954 1186 4955
4 4956 4957 4955 1209
4 2859 4958 4962 4961
4 4958 2854 4959 4962
4 4962 4959 2066 4960
4 4961 4962 4960 2813
4 1875 4963 4967 4966
4 4963 2050 4964 4967
4 4967 4964 1997 4965
4 4966 4967 4965 1930
4 750 4968 4972 4971
4 4968 820 4969 4972
4 4972 4969 761 4970
4 4971 4972 4970 728
4 241 240 4975 4974
4 240 239 4973 4975
4 4975 4973 2233 3960
4 4974 4975 3960 2311
4 1216 4976 4980 4979
4 4976 1172 4977 4980
4 4980 4977 1202 4978
4 4979 4980 4978 1253
4 926 4981 4985 4984
4 4981 948 4982 4985
4 4985 4982 989 4983
4 4984 4985 4983 939
4 381 380 4987 4986
4 380 379 4125 4987
4 4987 4125 1880 3439
4 4986 4987 3439 2897
4 992 4988 4992 4991
4 4988 963 4989 4992
4 4992 4989 1043 4990
4 4991 4992 4990 1080
4 54 55 4995 4994
4 55 56 4993 4995
4 4995 4993 2115 3921
4 4994 4995 3921 2925
4 521 522 4997 4410
4 522 523 4405 4997
4 4997 4405 656 4996
4 4410 4997 4996 582
4 1095 4998 5002 5001
4 4998 1142 4999 5002
4 5002 4999 1207 5000
4 5001 5002 5000 1178
4 1298 5003 5007 5006
4 5003 1281 5004 5007
4 5007 5004 1246 5005
4 5006 5007 5005 1265
4 2468 5008 5012 5011
4 5008 2541 5009 5012
4 5012 5009 2491 5010
4 5011 5012 5010 2432
4 1622 5013 5017 5016
4 5013 1599 5014 5017
4 5017 5014 1563 5015
4 5016 5017 5015 1635
4 517 518 5019 4414
4 518 519 4412 5019
4 5019 4412 653 5018
4 4414 5019 5018 599
4 711 4896 5020 4879
4 4896 674 4711 5020
4 5020 4711 601 4208
4 4879 5020 4208 669
4 513 514 5022 4424
4 514 515 4416 5022
4 5022 4416 652 5021
4 4424 5022 5021 605
4 357 356 5024 4434
4 356 355 4525 5024
4 5024 4525 1823 5023
4 4434 5024 5023 1849
4 2007 5025 5029 5028
4 5025 1936 5026 5029
4 5029 5026 1901 5027
4 5028 5029 5027 1978
4 427 428 5031 4056
4 428 429 4419 5031
4 5031 4419 650 5030
4 4056 5031 5030 580
4 558 559 5033 4085
4 559 560 4422 5033
4 5033 4422 648 5032
4 4085 5033 5032 611
4 509 510 5035 4053
4 510 511 4426 5035
4 5035 4426 651 5034
4 4053 5035 5034 578
4 441 442 5037 4069
4 442 443 4429 5037
4 5037 4429 657 5036
4 4069 5037 5036 579
4 435 436 5039 4096
4 436 437 4432 5039
4 5039 4432 649 5038
4 4096 5039 5038 583
4 1032 5040 5044 5043
4 5040 1003 5041 5044
4 5044 5041 937 5042
4 5043 5044 5042 975
4 1619 5045 5049 5048
4 5045 1695 5046 5049
4 5049 5046 1759 5047
4 5048 5049 5047 1648
4 2298 5050 5053 5052
4 5050 1773 4569 5053
4 5053 4569 1788 5051
4 5052 5053 5051 2308
4 639 4498 5056 4871
4 4498 691 5054 5056
4 5056 5054 745 5055
4 4871 5056 5055 714
4 46 47 5060 5059
4 47 48 5057 5060
4 5060 5057 1489 5058
4 5059 5060 5058 2862
4 1521 3146 5064 5063
4 3146 1587 5061 5064
4 5064 5061 1609 5062
4 5063 5064 5062 1570
4 1378 5065 5068 5067
4 5065 1374 3850 5068
4 5068 3850 1401 5066
4 5067 5068 5066 1409
4 626 4308 5070 4317
4 4308 616 4793 5070
4 5070 4793 673 5069
4 4317 5070 5069 614
4 625 4305 5072 4315
4 4305 619 4790 5072
4 5072 4790 672 5071
4 4315 5072 5071 617
4 1701 5073 5077 5076
4 5073 1746 5074 5077
4 5077 5074 1763 5075
4 5076 5077 5075 1781
4 395 4477 5080 396
4 4477 2732 5078 5080
4 5080 5078 1405 5079
4 396 5080 5079 397
4 1250 4450 5083 5082
4 4450 1214 5081 5083
4 5083 5081 1277 4464
4 5082 5083 4464 1310
4 1397 5084 5088 5087
4 5084 1357 5085 5088
4 5088 5085 1460 5086
4 5087 5088 5086 1413
4 783 4503 5090 4654
4 4503 804 5089 5090
4 5090 5089 820 4968
4 4654 5090 4968 750
4 1554 5091 5094 5093
4 5091 1571 3081 5094
4 5094 3081 1539 5092
4 5093 5094 5092 1537
4 399 398 5096 5095
4 398 397 5079 5096
4 5096 5079 1405 3954
4 5095 5096 3954 2733
4 1828 4607 5100 5099
4 4607 1806 5097 5100
4 5100 5097 1869 5098
4 5099 5100 5098 1905
4 1154 4452 5104 5103
4 4452 1187 5101 5104
4 5104 5101 1101 5102
4 5103 5104 5102 1058
4 1332 5105 5108 5107
4 5105 1362 5106 5108
4 5108 5106 1298 5006
4 5107 5108 5006 1265
4 873 5109 5113 5112
4 5109 928 5110 5113
4 5113 5110 854 5111
4 5112 5113 5111 796
4 1000 5114 5117 5116
4 5114 947 4884 5117
4 5117 4884 905 5115
4 5116 5117 5115 1001
4 2369 5118 5120 3515
4 5118 2298 5052 5120
4 5120 5052 2308 5119
4 3515 5120 5119 2382
4 227 5121 5123 228
4 5121 2489 3512 5123
4 5123 3512 2520 5122
4 228 5123 5122 229
4 1805 5124 5126 5125
4 5124 116 117 5126
4 5126 117 118 4513
4 5125 5126 4513 1863
4 1290 5127 5128 3913
4 5127 74 75 5128
4 5128 75 76 4580
4 3913 5128 4580 2549
4 2498 4859 5132 5131
4 4859 2575 5129 5132
4 5132 5129 2593 5130
4 5131 5132 5130 2442
4 718 5133 5137 5136
4 5133 683 5134 5137
4 5137 5134 635 5135
4 5136 5137 5135 775
4 476 477 5139 4089
4 477 478 4462 5139
4 5139 4462 646 5138
4 4089 5139 5138 603
4 114 115 5141 4443
4 115 116 5124 5141
4 5141 5124 1805 5140
4 4443 5141 5140 1865
4 1598 5142 5144 4489
4 5142 1544 5143 5144
4 5144 5143 1577 3613
4 4489 5144 3613 1640
4 2505 3784 5147 5146
4 3784 2585 5145 5147
4 5147 5145 2439 4596
4 5146 5147 4596 2356
4 2537 5148 5152 5151
4 5148 2529 5149 5152
4 5152 5149 2414 5150
4 5151 5152 5150 2562
4 584 5153 5155 4196
4 5153 735 5154 5155
4 5155 5154 688 4663
4 4196 5155 4663 661
4 622 5156 5159 4074
4 5156 702 5157 5159
4 5159 5157 633 5158
4 4074 5159 5158 588
4 856 5160 5164 5163
4 5160 786 5161 5164
4 5164 5161 720 5162
4 5163 5164 5162 794
4 72 73 5166 4485
4 73 74 5127 5166
4 5166 5127 1290 5165
4 4485 5166 5165 2730
4 2465 5167 5170 5169
4 5167 2545 5168 5170
4 5170 5168 2621 2937
4 5169 5170 2937 2716
4 602 5171 5173 4078
4 5171 701 4757 5173
4 5173 4757 632 5172
4 4078 5173 5172 586
4 353 352 5175 4526
4 352 351 4567 5175
4 5175 4567 1773 5174
4 4526 5175 5174 1827
4 1774 5176 5179 4576
4 5176 2770 5177 5179
4 5179 5177 2788 5178
4 4576 5179 5178 1789
4 1935 3984 5181 5180
4 3984 2600 4037 5181
4 5181 4037 2609 4006
4 5180 5181 4006 2481
4 866 5182 5185 4821
4 5182 777 5183 5185
4 5185 5183 816 5184
4 4821 5185 5184 897
4 742 5186 5189 5188
4 5186 590 4324 5189
4 5189 4324 667 5187
4 5188 5189 5187 687
4 1307 5190 5193 5192
4 5190 1322 5191 5193
4 5193 5191 1316 4521
4 5192 5193 4521 1268
4 691 4730 5195 5054
4 4730 709 4246 5195
4 5195 4246 729 5194
4 5054 5195 5194 745
4 154 4817 5197 153
4 4817 1897 3883 5197
4 5197 3883 1907 5196
4 153 5197 5196 152
4 741 5198 5201 5200
4 5198 589 4327 5201
4 5201 4327 666 5199
4 5200 5201 5199 685
4 1774 4575 5203 5202
4 4575 323 322 5203
4 5203 322 321 4509
4 5202 5203 4509 2729
4 1806 4606 5206 5205
4 4606 148 149 5206
4 5206 149 150 5204
4 5205 5206 5204 1862
4 611 5207 5209 4086
4 5207 695 4873 5209
4 5209 4873 631 5208
4 4086 5209 5208 600
4 629 5210 5214 5213
4 5210 733 5211 5214
4 5214 5211 782 5212
4 5213 5214 5212 694
4 190 191 5218 5217
4 191 192 5215 5218
4 5218 5215 1437 5216
4 5217 5218 5216 2352
4 50 4594 5220 49
4 4594 2912 5219 5220
4 5220 5219 1489 5057
4 49 5220 5057 48
4 152 5196 5222 151
4 5196 1907 5221 5222
4 5222 5221 1862 5204
4 151 5222 5204 150
4 1437 5215 5224 5223
4 5215 192 193 5224
4 5224 193 194 4929
4 5223 5224 4929 2516
4 647 5225 5226 4797
4 5225 627 4713 5226
4 5226 4713 620 4321
4 4797 5226 4321 670
4 583 5227 5230 4097
4 5227 705 5228 5230
4 5230 5228 645 5229
4 4097 5230 5229 604
4 629 5231 5233 5232
4 5231 609 4093 5233
4 5233 4093 604 5229
4 5232 5233 5229 645
4 628 4709 5236 5235
4 4709 710 5234 5236
4 5236 5234 607 4070
4 5235 5236 4070 579
4 2773 4469 5239 5238
4 4469 2824 5237 5239
4 5239 5237 2859 4961
4 5238 5239 4961 2813
4 2212 4754 5243 5242
4 4754 2169 5240 5243
4 5243 5240 2232 5241
4 5242 5243 5241 2310
4 2159 5244 5248 5247
4 5244 2305 5245 5248
4 5248 5245 2388 5246
4 5247 5248 5246 1989
4 1162 5249 5253 5252
4 5249 1069 5250 5253
4 5253 5250 1115 5251
4 5252 5253 5251 1180
4 1104 4215 5256 4220
4 4215 1174 5254 5256
4 5256 5254 1142 5255
4 4220 5256 5255 1063
4 1734 5257 5259 5258
4 5257 347 346 5259
4 5259 346 345 4565
4 5258 5259 4565 1864
4 764 5260 5264 5263
4 5260 859 5261 5264
4 5264 5261 802 5262
4 5263 5264 5262 724
4 812 5265 5268 5267
4 5265 863 5266 5268
4 5268 5266 782 5211
4 5267 5268 5211 733
4 329 328 5271 4536
4 328 327 5269 5271
4 5271 5269 1735 5270
4 4536 5271 5270 1776
4 813 5272 5276 5275
4 5272 856 5273 5276
4 5276 5273 883 5274
4 5275 5276 5274 927
4 2048 5277 5281 5280
4 5277 1978 5278 5281
4 5281 5278 1922 5279
4 5280 5281 5279 1991
4 349 348 5283 4568
4 348 347 5257 5283
4 5283 5257 1734 5282
4 4568 5283 5282 1788
4 1183 5284 5287 4894
4 5284 1189 5285 5287
4 5287 5285 1196 5286
4 4894 5287 5286 1251
4 1264 5288 5290 5289
4 5288 1304 3762 5290
4 5290 3762 1249 4892
4 5289 5290 4892 1251
4 1476 5291 5294 5293
4 5291 1494 4552 5294
4 5294 4552 1449 5292
4 5293 5294 5292 1418
4 1735 5269 5296 5295
4 5269 327 326 5296
4 5296 326 325 4577
4 5295 5296 4577 1789
4 18 4697 5299 17
4 4697 2629 5297 5299
4 5299 5297 1847 5298
4 17 5299 5298 16
4 1044 5300 5304 5303
4 5300 965 5301 5304
4 5304 5301 1003 5302
4 5303 5304 5302 1077
4 1466 3021 5308 5307
4 3021 1491 5305 5308
4 5308 5305 1473 5306
4 5307 5308 5306 1463
4 30 4747 5310 29
4 4747 2861 3687 5310
4 5310 3687 1616 5309
4 29 5310 5309 28
4 1594 3781 5313 5312
4 3781 1624 3006 5313
4 5313 3006 1646 5311
4 5312 5313 5311 1617
4 2742 5314 5317 5316
4 5314 2707 5315 5317
4 5317 5315 407 406
4 5316 5317 406 405
4 2348 5318 5322 5321
4 5318 2400 5319 5322
4 5322 5319 2365 5320
4 5321 5322 5320 2297
4 1581 5323 5327 5326
4 5323 1566 5324 5327
4 5327 5324 1588 5325
4 5326 5327 5325 1641
4 2599 5328 5331 5330
4 5328 2570 5329 5331
4 5331 5329 2483 4616
4 5330 5331 4616 2509
4 2445 5332 5336 5335
4 5332 2525 5333 5336
4 5336 5333 2221 5334
4 5335 5336 5334 2331
4 1550 5337 5341 5340
4 5337 1531 5338 5341
4 5341 5338 1540 5339
4 5340 5341 5339 1580
4 2502 5342 5346 5345
4 5342 2422 5343 5346
4 5346 5343 2315 5344
4 5345 5346 5344 2358
4 902 5347 5350 5349
4 5347 826 3265 5350
4 5350 3265 770 5348
4 5349 5350 5348 848
4 142 143 5353 4611
4 143 144 5351 5353
4 5353 5351 1771 5352
4 4611 5353 5352 1830
4 1367 5354 5358 5357
4 5354 1306 5355 5358
4 5358 5355 1320 5356
4 5357 5358 5356 1398
4 1736 5359 5361 5360
4 5359 124 125 5361
4 5361 125 126 4547
4 5360 5361 4547 1867
4 761 5362 5366 5365
4 5362 894 5363 5366
4 5366 5363 838 5364
4 5365 5366 5364 808
4 1771 5351 5368 5367
4 5351 144 145 5368
4 5368 145 146 4608
4 5367 5368 4608 1828
4 122 123 5370 4600
4 123 124 5359 5370
4 5370 5359 1736 5369
4 4600 5370 5369 1791
4 2571 3815 5373 5372
4 3815 2485 5371 5373
4 5373 5371 677 4845
4 5372 5373 4845 1904
4 1476 5374 5376 5291
4 5374 1531 5337 5376
4 5376 5337 1550 5375
4 5291 5376 5375 1494
4 2789 5377 5380 5379
4 5377 2779 5378 5380
4 5380 5378 2703 4486
4 5379 5380 4486 2730
4 2332 5381 5385 5384
4 5381 2421 5382 5385
4 5385 5382 2493 5383
4 5384 5385 5383 2563
4 178 179 5388 4532
4 179 180 5386 5388
4 5388 5386 1960 5387
4 4532 5388 5387 2020
4 603 5389 5391 4090
4 5389 696 4811 5391
4 5391 4811 630 5390
4 4090 5391 5390 585
4 818 5392 5396 5395
4 5392 760 5393 5396
4 5396 5393 858 5394
4 5395 5396 5394 890
4 1960 5386 5398 5397
4 5386 180 181 5398
4 5398 181 182 4629
4 5397 5398 4629 2256
4 1402 3814 5402 5401
4 3814 1412 5399 5402
4 5402 5399 1422 5400
4 5401 5402 5400 1359
4 1924 5403 5405 5404
4 5403 84 85 5405
4 5405 85 86 4603
4 5404 5405 4603 2362
4 932 5406 5410 5409
4 5406 974 5407 5410
4 5410 5407 842 5408
4 5409 5410 5408 876
4 1148 5411 5414 5413
4 5411 1180 5251 5414
4 5414 5251 1115 5412
4 5413 5414 5412 1078
4 1574 5415 5419 5418
4 5415 1607 5416 5419
4 5419 5416 1568 5417
4 5418 5419 5417 1561
4 985 5420 5423 3370
4 5420 1047 5421 5423
4 5423 5421 952 5422
4 3370 5423 5422 906
4 902 5424 5428 5427
4 5424 971 5425 5428
4 5428 5425 918 5426
4 5427 5428 5426 847
4 1349 4801 5431 5430
4 4801 1316 5191 5431
4 5431 5191 1322 5429
4 5430 5431 5429 1392
4 971 5432 5436 5435
4 5432 931 5433 5436
4 5436 5433 952 5434
4 5435 5436 5434 1014
4 796 5111 5440 5439
4 5111 854 5437 5440
4 5440 5437 765 5438
4 5439 5440 5438 722
4 702 5156 5443 5442
4 5156 622 4831 5443
4 5443 4831 660 5441
4 5442 5443 5441 686
4 367 366 5445 4686
4 366 365 4372 5445
4 5445 4372 2553 5444
4 4686 5445 5444 2660
4 1555 5446 5450 5449
4 5446 1516 5447 5450
4 5450 5447 1539 5448
4 5449 5450 5448 1563
4 701 5171 5453 5452
4 5171 602 4837 5453
4 5453 4837 659 5451
4 5452 5453 5451 684
4 2485 3817 5456 5455
4 3817 2651 3671 5456
4 5456 3671 2697 5454
4 5455 5456 5454 2676
4 1919 4677 5458 5457
4 4677 174 175 5458
4 5458 175 176 4533
4 5457 5458 4533 2052
4 638 4543 5461 4843
4 4543 690 5459 5461
4 5461 5459 740 5460
4 4843 5461 5460 712
4 82 83 5463 4615
4 83 84 5403 5463
4 5463 5403 1924 5462
4 4615 5463 5462 2509
4 621 4194 5464 4268
4 4194 640 4656 5464
4 5464 4656 708 4851
4 4268 5464 4851 665
4 631 4876 5468 5467
4 4876 778 5465 5468
4 5468 5465 722 5466
4 5467 5468 5466 698
4 168 169 5471 4715
4 169 170 5469 5471
4 5471 5469 1938 5470
4 4715 5471 5470 1980
4 2754 3054 5475 5474
4 3054 2719 5472 5475
4 5475 5472 2649 5473
4 5474 5475 5473 2751
4 1749 4739 5477 5476
4 4739 333 332 5477
4 5477 332 331 4535
4 5476 5477 4535 1834
4 1100 5478 5480 5479
4 5478 1044 5303 5480
4 5480 5303 1077 4786
4 5479 5480 4786 1152
4 1067 5481 5484 5483
4 5481 1044 5478 5484
4 5484 5478 1100 5482
4 5483 5484 5482 1150
4 891 5485 5489 5488
4 5485 922 5486 5489
4 5489 5486 945 5487
4 5488 5489 5487 909
4 2112 4145 5491 5490
4 4145 102 103 5491
4 5491 103 104 4690
4 5490 5491 4690 2171
4 2841 5492 5495 5494
4 5492 2907 5493 5495
4 5495 5493 2894 4806
4 5494 5495 4806 2818
4 1938 5469 5497 5496
4 5469 170 171 5497
4 5497 171 172 4679
4 5496 5497 4679 1979
4 1105 5498 5502 5501
4 5498 1191 5499 5502
4 5502 5499 1138 5500
4 5501 5502 5500 1061
4 1425 5503 5507 5506
4 5503 1457 5504 5507
4 5507 5504 1502 5505
4 5506 5507 5505 1477
4 1975 4130 5509 5508
4 4130 158 159 5509
4 5509 159 160 4694
4 5508 5509 4694 2012
4 2131 3545 5512 5511
4 3545 2072 5510 5512
4 5512 5510 1056 4922
4 5511 5512 4922 1850
4 289 288 5515 4744
4 288 287 5513 5515
4 5515 5513 1958 5514
4 4744 5515 5514 2867
4 1961 4692 5516 3503
4 4692 162 163 5516
4 5516 163 164 4705
4 3503 5516 4705 2013
4 935 5517 5520 5519
4 5517 1010 5518 5520
4 5520 5518 949 3617
4 5519 5520 3617 883
4 738 5521 5523 5522
4 5521 816 5183 5523
4 5523 5183 777 3189
4 5522 5523 3189 699
4 1196 5524 5528 5527
4 5524 1219 5525 5528
4 5528 5525 1230 5526
4 5527 5528 5526 1274
4 2207 5529 5532 5531
4 5529 2175 5530 5532
4 5532 5530 2253 3712
4 5531 5532 3712 2307
4 1431 5533 5537 5536
4 5533 1354 5534 5537
4 5537 5534 1385 5535
4 5536 5537 5535 1461
4 612 4459 5541 5540
4 4459 658 5538 5541
4 5541 5538 678 5539
4 5540 5541 5539 746
4 128 129 5543 4548
4 129 130 4808 5543
4 5543 4808 1809 5542
4 4548 5543 5542 1852
4 630 4814 5547 5546
4 4814 779 5544 5547
4 5547 5544 744 5545
4 5546 5547 5545 697
4 375 374 5550 4765
4 374 373 5548 5550
4 5550 5548 1926 5549
4 4765 5550 5549 2863
4 642 5551 5553 5552
4 5551 596 4061 5553
4 5553 4061 614 5069
4 5552 5553 5069 673
4 641 5554 5556 5555
4 5554 595 4066 5556
4 5556 4066 617 5071
4 5555 5556 5071 672
4 1925 5557 5558 3997
4 5557 387 386 5558
4 5558 386 385 4774
4 3997 5558 4774 2864
4 1958 5513 5560 5559
4 5513 287 286 5560
4 5560 286 285 4675
4 5559 5560 4675 2776
4 1615 4589 5564 5563
4 4589 1630 5561 5564
4 5564 5561 1686 5562
4 5563 5564 5562 1645
4 339 338 5567 4781
4 338 337 5565 5567
4 5567 5565 1698 5566
4 4781 5567 5566 1831
4 1926 5548 5568 3509
4 5548 373 372 5568
4 5568 372 371 4733
4 3509 5568 4733 2731
4 1584 5569 5572 3678
4 5569 1595 5570 5572
4 5572 5570 1618 5571
4 3678 5572 5571 1591
4 1436 4493 5576 5575
4 4493 1479 5573 5576
4 5576 5573 1420 5574
4 5575 5576 5574 1407
4 1698 5565 5578 5577
4 5565 337 336 5578
4 5578 336 335 4741
4 5577 5578 4741 1747
4 1879 4149 5580 5579
4 4149 92 93 5580
4 5580 93 94 4755
4 5579 5580 4755 2212
4 2359 5581 5585 5584
4 5581 2245 5582 5585
4 5585 5582 2318 5583
4 5584 5585 5583 2337
4 1447 5586 5590 5589
4 5586 1482 5587 5590
4 5590 5587 1423 5588
4 5589 5590 5588 1387
4 1023 5591 5593 5592
4 5591 1063 5255 5593
4 5593 5255 1142 4998
4 5592 5593 4998 1095
4 1349 5430 5596 5595
4 5430 1392 5594 5596
4 5596 5594 1407 5574
4 5595 5596 5574 1420
4 2169 4753 5598 5597
4 4753 96 97 5598
4 5598 97 98 4799
4 5597 5598 4799 2213
4 2272 5599 5603 5602
4 5599 2359 5600 5603
4 5603 5600 2396 5601
4 5602 5603 5601 2494
4 1422 5399 5607 5606
4 5399 1412 5604 5607
4 5607 5604 1481 5605
4 5606 5607 5605 1448
4 828 5608 5612 5611
4 5608 864 5609 5612
4 5612 5609 846 5610
4 5611 5612 5610 767
4 1280 5613 5617 5616
4 5613 1220 5614 5617
4 5617 5614 1252 5615
4 5616 5617 5615 1308
4 590 5186 5619 4343
4 5186 742 5618 5619
4 5619 5618 686 5441
4 4343 5619 5441 660
4 78 79 5621 4579
4 79 80 4614 5621
4 5621 4614 2483 5620
4 4579 5621 5620 2586
4 589 5198 5623 4346
4 5198 741 5622 5623
4 5623 5622 684 5451
4 4346 5623 5451 659
4 1810 4515 5627 5626
4 4515 1872 5624 5627
4 5627 5624 1896 5625
4 5626 5627 5625 1881
4 1309 5628 5632 5631
4 5628 1230 5629 5632
4 5632 5629 1270 5630
4 5631 5632 5630 1331
4 2226 5633 5636 3232
4 5633 2327 5634 5636
4 5636 5634 2338 5635
4 3232 5636 5635 2364
4 1699 5637 5640 5639
4 5637 134 135 5640
4 5640 135 136 5638
4 5639 5640 5638 1748
4 596 5551 5642 4202
4 5551 642 5641 5642
4 5642 5641 687 5187
4 4202 5642 5187 667
4 1246 5004 5645 5644
4 5004 1281 5643 5645
4 5645 5643 1253 4978
4 5644 5645 4978 1202
4 1601 5646 5649 5648
4 5646 1663 5647 5649
4 5649 5647 1630 4588
4 5648 5649 4588 1589
4 1897 4816 5651 3884
4 4816 792 5650 5651
4 5651 5650 1932 3892
4 3884 5651 3892 2010
4 746 5652 5653 5540
4 5652 703 4261 5653
4 5653 4261 662 4174
4 5540 5653 4174 612
4 132 133 5655 4809
4 133 134 5637 5655
4 5655 5637 1699 5654
4 4809 5655 5654 1832
4 2238 5656 5658 4628
4 5656 2304 3700 5658
4 5658 3700 2320 5657
4 4628 5658 5657 2256
4 690 4919 5660 5459
4 4919 707 4332 5660
4 5660 4332 727 5659
4 5459 5660 5659 740
4 2115 4993 5662 5661
4 4993 56 57 5662
4 5662 57 58 4651
4 5661 5662 4651 2883
4 2643 5663 5667 5666
4 5663 2720 5664 5667
4 5667 5664 2778 5665
4 5666 5667 5665 2789
4 261 260 5670 4718
4 260 259 5668 5670
4 5670 5668 2066 5669
4 4718 5670 5669 2899
4 793 4826 5672 4396
4 4826 915 4253 5672
4 5672 4253 880 5671
4 4396 5672 5671 861
4 1022 5673 5676 5675
4 5673 1149 4376 5676
4 5676 4376 1110 5674
4 5675 5676 5674 1083
4 1650 5677 5680 5679
4 5677 2353 5678 5680
4 5680 5678 233 232
4 5679 5680 232 231
4 140 4610 5682 139
4 4610 1824 3943 5682
4 5682 3943 1868 5681
4 139 5682 5681 138
4 595 5554 5684 4205
4 5554 641 5683 5684
4 5684 5683 685 5199
4 4205 5684 5199 666
4 2856 4185 5687 5686
4 4185 2349 5685 5687
4 5687 5685 2890 3667
4 5686 5687 3667 2895
4 2165 5688 5690 5689
4 5688 2197 3107 5690
4 5690 3107 2318 5582
4 5689 5690 5582 2245
4 2186 5691 5694 5693
4 5691 2231 3327 5694
4 5694 3327 2275 5692
4 5693 5694 5692 2363
4 1041 5695 5698 5697
4 5695 1011 5696 5698
4 5698 5696 942 4505
4 5697 5698 4505 1079
4 2823 5699 5703 5702
4 5699 2766 5700 5703
4 5703 5700 2610 5701
4 5702 5703 5701 2694
4 1509 5704 5707 5706
4 5704 1533 5705 5707
4 5707 5705 1499 3214
4 5706 5707 3214 1486
4 2512 5708 5711 5710
4 5708 2439 5145 5711
4 5711 5145 2585 5709
4 5710 5711 5709 2681
4 2029 5712 5716 5715
4 5712 2047 5713 5716
4 5716 5713 2073 5714
4 5715 5716 5714 2142
4 1587 5717 5720 5061
4 5717 1533 5718 5720
4 5720 5718 1555 5719
4 5061 5720 5719 1609
4 2501 5721 5725 5724
4 5721 2539 5722 5725
4 5725 5722 2393 5723
4 5724 5725 5723 1885
4 1030 5726 5729 3624
4 5726 1084 5727 5729
4 5729 5727 1102 5728
4 3624 5729 5728 1064
4 921 5730 5734 5733
4 5730 865 5731 5734
4 5734 5731 893 5732
4 5733 5734 5732 962
4 88 89 5736 4604
4 89 90 4148 5736
4 5736 4148 2299 5735
4 4604 5736 5735 2377
4 2720 5737 5739 5664
4 5737 2755 3937 5739
4 5739 3937 2825 5738
4 5664 5739 5738 2778
4 1365 5740 5743 4467
4 5740 1395 5741 5743
4 5743 5741 1323 5742
4 4467 5743 5742 1310
4 66 67 5744 4723
4 67 68 4162 5744
4 5744 4162 2774 3748
4 4723 5744 3748 2831
4 1370 5745 5748 5747
4 5745 1402 5401 5748
4 5748 5401 1359 5746
4 5747 5748 5746 1337
4 2066 5668 5750 4960
4 5668 259 258 5750
4 5750 258 257 5749
4 4960 5750 5749 2813
4 1871 5751 5755 5754
4 5751 1912 5752 5755
4 5755 5752 1768 5753
4 5754 5755 5753 1813
4 1342 5756 5760 5759
4 5756 1288 5757 5760
4 5760 5757 1314 5758
4 5759 5760 5758 1368
4 1270 5761 5765 5764
4 5761 1247 5762 5765
4 5765 5762 1261 5763
4 5764 5765 5763 1297
4 2648 5766 5770 5769
4 5766 2550 5767 5770
4 5770 5767 2522 5768
4 5769 5770 5768 2665
4 1384 5771 5775 5774
4 5771 1416 5772 5775
4 5775 5772 1446 5773
4 5774 5775 5773 1426
4 897 5776 5779 4819
4 5776 871 5777 5779
4 5779 5777 930 5778
4 4819 5779 5778 960
4 823 4571 5782 5781
4 4571 679 4340 5782
4 5782 4340 749 5780
4 5781 5782 5780 774
4 1900 5783 5787 5786
4 5783 1969 5784 5787
4 5787 5784 1933 5785
4 5786 5787 5785 1846
4 1651 5788 5791 5790
4 5788 1636 5789 5791
4 5791 5789 1599 5013
4 5790 5791 5013 1622
4 996 5792 5794 5793
4 5792 1002 4899 5794
4 5794 4899 911 3373
4 5793 5794 3373 978
4 1752 4447 5798 5797
4 4447 1717 5795 5798
4 5798 5795 1787 5796
4 5797 5798 5796 1811
4 1294 5799 5802 5801
4 5799 1340 5800 5802
4 5802 5800 1284 4370
4 5801 5802 4370 1234
4 2274 5803 5807 5806
4 5803 2251 5804 5807
4 5807 5804 2170 5805
4 5806 5807 5805 2342
4 1671 3063 5810 5809
4 3063 1665 5808 5810
4 5810 5808 1623 3161
4 5809 5810 3161 1670
4 1732 5811 5814 3235
4 5811 1709 5812 5814
4 5814 5812 1757 5813
4 3235 5814 5813 1794
4 2587 5815 5817 5816
4 5815 2571 5372 5817
4 5817 5372 1904 4435
4 5816 5817 4435 1849
4 2097 5818 5822 5821
4 5818 2078 5819 5822
4 5822 5819 2051 5820
4 5821 5822 5820 2049
4 1193 5823 5827 5826
4 5823 1221 5824 5827
4 5827 5824 1244 5825
4 5826 5827 5825 1198
4 1569 4941 5831 5830
4 4941 1603 5828 5831
4 5831 5828 1628 5829
4 5830 5831 5829 1545
4 930 5832 5836 5835
4 5832 872 5833 5836
4 5836 5833 965 5834
4 5835 5836 5834 999
4 1668 5837 5840 3789
4 5837 1632 5838 5840
4 5840 5838 1691 5839
4 3789 5840 5839 1723
4 138 5681 5842 137
4 5681 1868 5841 5842
4 5842 5841 1748 5638
4 137 5842 5638 136
4 2060 5843 5845 5844
4 5843 62 63 5845
4 5845 63 64 4722
4 5844 5845 4722 2808
4 1622 5846 5848 5790
4 5846 1685 4949 5848
4 5848 4949 1684 5847
4 5790 5848 5847 1651
4 1764 5849 5852 5851
4 5849 1742 5850 5852
4 5852 5850 1786 3374
4 5851 5852 3374 1816
4 2231 5691 5855 4661
4 5691 2186 5853 5855
4 5855 5853 2122 5854
4 4661 5855 5854 2157
4 1051 5856 5859 5858
4 5856 992 4991 5859
4 5859 4991 1080 5857
4 5858 5859 5857 1118
4 1719 5860 5863 5862
4 5860 1746 5073 5863
4 5863 5073 1701 5861
4 5862 5863 5861 1672
4 2103 5864 5868 5867
4 5864 2319 5865 5868
4 5868 5865 2249 5866
4 5867 5868 5866 2183
4 2473 5869 5873 5872
4 5869 2573 5870 5873
4 5873 5870 2333 5871
4 5872 5873 5871 2355
4 2130 5874 5878 5877
4 5874 2037 5875 5878
4 5878 5875 2048 5876
4 5877 5878 5876 2084
4 2437 5879 5883 5882
4 5879 2405 5880 5883
4 5883 5880 2499 5881
4 5882 5883 5881 2607
4 1676 5884 5888 5887
4 5884 1745 5885 5888
4 5888 5885 1707 5886
4 5887 5888 5886 1686
4 2328 5889 5892 5891
4 5889 305 304 5892
4 5892 304 303 5890
4 5891 5892 5890 2436
4 1650 5679 5894 5893
4 5679 231 230 5894
4 5894 230 229 5122
4 5893 5894 5122 2520
4 2004 5895 5898 5897
4 5895 1933 5784 5898
4 5898 5784 1969 5896
4 5897 5898 5896 2038
4 60 61 5900 4652
4 61 62 5843 5900
4 5900 5843 2060 5899
4 4652 5900 5899 2898
4 2911 4592 5902 5901
4 4592 52 53 5902
4 5902 53 54 4994
4 5901 5902 4994 2925
4 2881 5903 5907 5906
4 5903 2796 5904 5907
4 5907 5904 2916 5905
4 5906 5907 5905 2891
4 1520 5908 5911 5910
4 5908 1579 5909 5911
4 5911 5909 1540 5338
4 5910 5911 5338 1531
4 2683 3872 5915 5914
4 3872 2580 5912 5915
4 5915 5912 2565 5913
4 5914 5915 5913 2134
4 1762 5916 5919 5918
4 5916 1786 5850 5919
4 5919 5850 1742 5917
4 5918 5919 5917 1722
4 1212 4475 5921 5920
4 4475 1275 4632 5921
4 5921 4632 1236 3319
4 5920 5921 3319 1171
4 1032 5043 5925 5924
4 5043 975 5922 5925
4 5925 5922 918 5923
4 5924 5925 5923 1090
4 1992 3927 5928 5927
4 3927 2082 3886 5928
4 5928 3886 2102 5926
4 5927 5928 5926 2055
4 1935 5180 5930 5929
4 5180 2481 4700 5930
4 5930 4700 221 220
4 5929 5930 220 219
4 2032 5931 5934 5933
4 5931 2071 3003 5934
4 5934 3003 2044 5932
4 5933 5934 5932 2005
4 2821 4151 5936 5935
4 4151 293 292 5936
4 5936 292 291 4743
4 5935 5936 4743 2845
4 1007 5937 5940 5939
4 5937 947 5114 5940
4 5940 5114 1000 5938
4 5939 5940 5938 1048
4 1274 5526 5943 5942
4 5526 1230 5628 5943
4 5943 5628 1309 5941
4 5942 5943 5941 1291
4 1078 5412 5947 5946
4 5412 1115 5944 5947
4 5947 5944 1035 5945
4 5946 5947 5945 979
4 2849 4772 5949 5948
4 4772 383 382 5949
4 5949 382 381 4986
4 5948 5949 4986 2897
4 846 5950 5953 5952
4 5950 922 5485 5953
4 5953 5485 891 5951
4 5952 5953 5951 798
4 1044 5481 5955 5300
4 5481 1067 5954 5955
4 5955 5954 999 5834
4 5300 5955 5834 965
4 299 5956 5959 300
4 5956 2440 5957 5959
4 5959 5957 2518 5958
4 300 5959 5958 301
4 843 5960 5964 5963
4 5960 892 5961 5964
4 5964 5961 910 5962
4 5963 5964 5962 961
4 2825 5965 5968 5738
4 5965 2840 5966 5968
4 5968 5966 2802 5967
4 5738 5968 5967 2778
4 2695 4673 5970 5969
4 4673 283 282 5970
4 5970 282 281 4848
4 5969 5970 4848 2780
4 1916 5971 5974 5973
4 5971 1803 5972 5974
4 5974 5972 1736 5360
4 5973 5974 5360 1867
4 2054 5975 5979 5978
4 5975 2129 5976 5979
4 5979 5976 2083 5977
4 5978 5979 5977 1990
4 2652 5980 5984 5983
4 5980 2462 5981 5984
4 5984 5981 2677 5982
4 5983 5984 5982 2591
4 2801 5985 5987 5986
4 5985 44 45 5987
4 5987 45 46 5059
4 5986 5987 5059 2862
4 2138 5988 5990 5989
4 5988 2131 5511 5990
4 5990 5511 1850 4441
4 5989 5990 4441 1865
4 1229 4619 5993 4931
4 4619 2812 5991 5993
4 5993 5991 2832 5992
4 4931 5993 5992 2760
4 845 5994 5997 5996
4 5994 819 5995 5997
4 5997 5995 765 5437
4 5996 5997 5437 854
4 796 5998 6001 5112
4 5998 855 5999 6001
4 6001 5999 886 6000
4 5112 6001 6000 873
4 1825 6002 6005 6004
4 6002 1854 3129 6005
4 6005 3129 1836 6003
4 6004 6005 6003 1780
4 1836 6006 6010 6009
4 6006 1839 6007 6010
4 6010 6007 1799 6008
4 6009 6010 6008 1763
4 2270 6011 6013 6012
4 6011 38 39 6013
4 6013 39 40 4762
4 6012 6013 4762 2843
4 2024 6014 6016 6015
4 6014 265 264 6016
4 6016 264 263 4719
4 6015 6016 4719 2884
4 26 27 6019 6018
4 27 28 5309 6019
4 6019 5309 1616 6017
4 6018 6019 6017 2736
4 1083 5674 6022 6021
4 5674 1110 4926 6022
4 6022 4926 1159 6020
4 6021 6022 6020 1123
4 1425 5506 6025 6024
4 5506 1477 6023 6025
4 6025 6023 1453 3540
4 6024 6025 3540 1380
4 1418 5292 6029 6028
4 5292 1449 6026 6029
4 6029 6026 1382 6027
4 6028 6029 6027 1351
4 1621 6030 6034 6033
4 6030 1590 6031 6034
4 6034 6031 1662 6032
4 6033 6034 6032 1683
4 196 197 6037 4928
4 197 198 6035 6037
4 6037 6035 2134 6036
4 4928 6037 6036 2488
4 2510 6038 6041 6040
4 6038 2400 5318 6041
4 6041 5318 2348 6039
4 6040 6041 6039 2512
4 965 5833 6043 5301
4 5833 872 6042 6043
4 6043 6042 937 5041
4 5301 6043 5041 1003
4 633 6044 6048 6047
4 6044 772 6045 6048
4 6048 6045 720 6046
4 6047 6048 6046 681
4 1248 6049 6052 4295
4 6049 1185 6050 6052
4 6052 6050 1210 6051
4 4295 6052 6051 1278
4 2168 4143 6055 3714
4 4143 2112 6053 6055
4 6055 6053 2195 6054
4 3714 6055 6054 2243
4 1310 5742 6058 5082
4 5742 1323 6056 6058
4 6058 6056 1276 6057
4 5082 6058 6057 1250
4 2469 3047 6062 6061
4 3047 2602 6059 6062
4 6062 6059 2622 6060
4 6061 6062 6060 2709
4 812 5267 6066 6065
4 5267 733 6063 6066
4 6066 6063 676 6064
4 6065 6066 6064 756
4 233 5678 6068 234
4 5678 2353 3635 6068
4 6068 3635 2381 6067
4 234 6068 6067 235
4 2238 4627 6071 6070
4 4627 184 185 6071
4 6071 185 186 6069
4 6070 6071 6069 2301
4 2595 6072 6074 3252
4 6072 2490 6073 6074
4 6074 6073 208 209
4 3252 6074 209 1
4 1382 6026 6076 6075
4 6026 1449 4551 6076
4 6076 4551 1481 5604
4 6075 6076 5604 1412
4 579 5036 6079 5235
4 5036 657 6077 6079
4 6079 6077 700 6078
4 5235 6079 6078 628
4 2388 3031 6082 5246
4 3031 2140 6080 6082
4 6082 6080 1988 6081
4 5246 6082 6081 1989
4 2084 6083 6087 6086
4 6083 2093 6084 6087
4 6087 6084 2118 6085
4 6086 6087 6085 2163
4 1262 6088 6092 6091
4 6088 1303 6089 6092
4 6092 6089 1237 6090
4 6091 6092 6090 1240
4 190 5217 6094 189
4 5217 2352 3638 6094
4 6094 3638 2380 6093
4 189 6094 6093 188
4 1192 3881 6097 6096
4 3881 1118 5857 6097
4 6097 5857 1080 6095
4 6096 6097 6095 1157
4 1860 6098 6102 6101
4 6098 1840 6099 6102
4 6102 6099 1899 6100
4 6101 6102 6100 1937
4 42 43 6104 4763
4 43 44 5985 6104
4 6104 5985 2801 6103
4 4763 6104 6103 2868
4 1234 4369 6108 6107
4 4369 1222 6105 6108
4 6108 6105 1165 6106
4 6107 6108 6106 1287
4 877 6109 6112 3187
4 6109 955 6110 6112
4 6112 6110 1004 6111
4 3187 6112 6111 934
4 1882 3128 6116 6115
4 3128 2017 6113 6116
4 6116 6113 1976 6114
4 6115 6116 6114 1921
4 698 5466 6119 6118
4 5466 722 5438 6119
4 6119 5438 765 6117
4 6118 6119 6117 755
4 737 6120 6123 6122
4 6120 599 5018 6123
4 6123 5018 653 6121
4 6122 6123 6121 682
4 2760 5992 6126 4847
4 5992 2832 6124 6126
4 6126 6124 2865 6125
4 4847 6126 6125 2780
4 1540 6127 6128 5339
4 6127 1601 5648 6128
4 6128 5648 1589 4943
4 5339 6128 4943 1580
4 1122 4787 6130 6129
4 4787 1077 5302 6130
4 6130 5302 1003 5040
4 6129 6130 5040 1032
4 2237 6131 6134 3051
4 6131 2202 6132 6134
4 6134 6132 2128 6133
4 3051 6134 6133 2153
4 1058 5102 6138 6137
4 5102 1101 6135 6138
4 6138 6135 1046 6136
4 6137 6138 6136 1047
4 2334 6139 6143 6142
4 6139 2415 6140 6143
4 6143 6140 2552 6141
4 6142 6143 6141 2467
4 2618 4137 6145 6144
4 4137 401 400 6145
4 6145 400 399 5095
4 6144 6145 5095 2733
4 1579 6146 6148 5909
4 6146 1633 6147 6148
4 6148 6147 1601 6127
4 5909 6148 6127 1540
4 1370 5747 6150 6149
4 5747 1337 4633 6150
4 6150 4633 1275 4474
4 6149 6150 4474 1315
4 1152 4382 6152 5479
4 4382 1212 5920 6152
4 6152 5920 1171 6151
4 5479 6152 6151 1100
4 2617 4478 6155 6154
4 4478 393 392 6155
4 6155 392 391 6153
4 6154 6155 6153 2702
4 1934 6156 6160 6159
4 6156 1982 6157 6160
4 6160 6157 1891 6158
4 6159 6160 6158 1859
4 1612 6161 6165 6164
4 6161 1560 6162 6165
4 6165 6162 1548 6163
4 6164 6165 6163 1581
4 2291 6166 6170 6169
4 6166 2235 6167 6170
4 6170 6167 2205 6168
4 6169 6170 6168 2292
4 682 6171 6174 6173
4 6171 736 3266 6174
4 6174 3266 826 6172
4 6173 6174 6172 769
4 1378 5067 6178 6177
4 5067 1409 6175 6178
4 6178 6175 1450 6176
4 6177 6178 6176 1416
4 1117 4953 6180 6179
4 4953 1157 6095 6180
4 6180 6095 1080 4990
4 6179 6180 4990 1043
4 632 4760 6183 6182
4 4760 780 4585 6183
4 6183 4585 743 6181
4 6182 6183 6181 680
4 1553 6184 6188 6187
4 6184 1604 6185 6188
4 6188 6185 1576 6186
4 6187 6188 6186 1532
4 738 6189 6192 6191
4 6189 605 5021 6192
4 6192 5021 652 6190
4 6191 6192 6190 675
4 387 5557 6195 388
4 5557 1925 6193 6195
4 6195 6193 2787 6194
4 388 6195 6194 389
4 697 5545 6199 6198
4 5545 744 6196 6199
4 6199 6196 760 6197
4 6198 6199 6197 725
4 2862 5058 6202 6201
4 5058 1489 6200 6202
4 6202 6200 2885 2984
4 6201 6202 2984 2914
4 2293 3963 6206 6205
4 3963 2191 6203 6206
4 6206 6203 2240 6204
4 6205 6206 6204 2360
4 188 6093 6208 187
4 6093 2380 6207 6208
4 6208 6207 2301 6069
4 187 6208 6069 186
4 1977 6209 6213 6212
4 6209 1937 6210 6213
4 6213 6210 2009 6211
4 6212 6213 6211 2045
4 2245 5581 6216 6215
4 5581 2359 5599 6216
4 6216 5599 2272 6214
4 6215 6216 6214 2184
4 2713 6217 6221 6220
4 6217 2606 6218 6221
4 6221 6218 2687 6219
4 6220 6221 6219 2657
4 606 4303 6223 4428
4 4303 748 6222 6223
4 6223 6222 700 6077
4 4428 6223 6077 657
4 301 5958 6224 302
4 5958 2518 3725 6224
4 6224 3725 2436 5890
4 302 6224 5890 303
4 2006 6225 6228 2961
4 6225 1984 6226 6228
4 6228 6226 1990 6227
4 2961 6228 6227 2033
4 1308 6229 6232 5616
4 6229 1321 6230 6232
4 6232 6230 1295 6231
4 5616 6232 6231 1280
4 26 6018 6235 25
4 6018 2736 6233 6235
4 6235 6233 2630 6234
4 25 6235 6234 24
4 906 6236 6239 3368
4 6236 881 6237 6239
4 6239 6237 899 6238
4 3368 6239 6238 959
4 2723 6240 6244 6243
4 6240 2536 6241 6244
4 6244 6241 2666 6242
4 6243 6244 6242 2734
4 2182 6245 6247 6246
4 6245 243 242 6247
4 6247 242 241 4974
4 6246 6247 4974 2311
4 1205 4889 6251 6250
4 4889 1254 6248 6251
4 6251 6248 1312 6249
4 6250 6251 6249 1282
4 1079 6252 6255 5697
4 6252 1103 6253 6255
4 6255 6253 1114 6254
4 5697 6255 6254 1041
4 1580 4942 6258 5340
4 4942 1569 6256 6258
4 6258 6256 1519 6257
4 5340 6258 6257 1550
4 2233 4973 6261 6260
4 4973 239 238 6261
4 6261 238 237 6259
4 6260 6261 6259 2302
4 1085 6262 6265 6264
4 6262 949 5518 6265
4 6265 5518 1010 6263
4 6264 6265 6263 1051
4 2081 3694 6269 6268
4 3694 2178 6266 6269
4 6269 6266 2137 6267
4 6268 6269 6267 2034
4 848 6270 6274 6273
4 6270 803 6271 6274
4 6274 6271 881 6272
4 6273 6274 6272 931
4 2155 6275 6278 6277
4 6275 2065 6276 6278
4 6278 6276 2128 6132
4 6277 6278 6132 2202
4 1751 6279 6282 6281
4 6279 1683 6032 6282
4 6282 6032 1662 6280
4 6281 6282 6280 1713
4 2783 3718 6286 6285
4 3718 2828 6283 6286
4 6286 6283 2724 6284
4 6285 6286 6284 2726
4 832 6287 6290 6289
4 6287 791 6288 6290
4 6290 6288 717 4397
4 6289 6290 4397 861
4 1158 6291 6295 6294
4 6291 1071 6292 6295
4 6295 6292 1114 6293
4 6294 6295 6293 1163
4 1185 6296 6299 6050
4 6296 1113 6297 6299
4 6299 6297 1156 6298
4 6050 6299 6298 1210
4 1309 5631 6302 6301
4 5631 1331 6300 6302
4 6302 6300 1353 4481
4 6301 6302 4481 1319
4 1640 3612 6304 4490
4 3612 1597 6303 6304
4 6304 6303 1668 3788
4 4490 6304 3788 1690
4 1096 6305 6309 6308
4 6305 1094 6306 6309
4 6309 6306 1024 6307
4 6308 6309 6307 1113
4 675 6310 6314 6313
4 6310 737 6311 6314
4 6314 6311 810 6312
4 6313 6314 6312 757
4 2413 6315 6318 6317
4 6315 2545 5167 6318
4 6318 5167 2465 6316
4 6317 6318 6316 2330
4 881 6271 6321 6237
4 6271 803 6319 6321
4 6321 6319 868 6320
4 6237 6321 6320 899
4 968 6322 6324 4530
4 6322 967 6323 6324
4 6324 6323 1009 3365
4 4530 6324 3365 1042
4 1784 6325 6329 6328
4 6325 1751 6326 6329
4 6329 6326 1829 6327
4 6328 6329 6327 1858
4 1141 6330 6333 6332
4 6330 1172 6331 6333
4 6333 6331 1120 4541
4 6332 6333 4541 1132
4 2916 3055 6336 5905
4 3055 2754 6334 6336
4 6336 6334 2842 6335
4 5905 6336 6335 2891
4 795 6337 6341 6340
4 6337 822 6338 6341
4 6341 6338 882 6339
4 6340 6341 6339 837
4 389 6194 6343 390
4 6194 2787 6342 6343
4 6343 6342 2702 6153
4 390 6343 6153 391
4 699 6344 6346 6345
4 6344 634 4947 6346
4 6346 4947 578 5034
4 6345 6346 5034 651
4 935 5519 6347 3077
4 5519 883 5273 6347
4 6347 5273 856 5163
4 3077 6347 5163 794
4 2465 5169 6351 6350
4 5169 2716 6348 6351
4 6351 6348 2628 6349
4 6350 6351 6349 2591
4 2086 6352 6356 6355
4 6352 2147 6353 6356
4 6356 6353 2107 6354
4 6355 6356 6354 2046
4 1251 5286 6358 5289
4 5286 1196 5527 6358
4 6358 5527 1274 6357
4 5289 6358 6357 1264
4 2246 6359 6361 2976
4 6359 2155 6277 6361
4 6361 6277 2202 6360
4 2976 6361 6360 2288
4 705 5227 6364 6363
4 5227 583 5038 6364
4 6364 5038 649 6362
4 6363 6364 6362 704
4 1335 6365 6368 6367
4 6365 1312 6366 6368
4 6368 6366 1284 5800
4 6367 6368 5800 1340
4 2462 5980 6371 3384
4 5980 2652 6369 6371
4 6371 6369 2572 6370
4 3384 6371 6370 2533
4 719 6372 6376 6375
4 6372 785 6373 6376
4 6376 6373 795 6374
4 6375 6376 6374 815
4 1845 6377 6378 3990
4 6377 1771 5367 6378
4 6378 5367 1828 5099
4 3990 6378 5099 1905
4 2322 6379 6383 6382
4 6379 2228 6380 6383
4 6383 6380 2336 6381
4 6382 6383 6381 2391
4 2805 6384 6387 6386
4 6384 2769 6385 6387
4 6387 6385 2728 3574
4 6386 6387 3574 2777
4 1829 6326 6389 4388
4 6326 1751 6281 6389
4 6389 6281 1713 6388
4 4388 6389 6388 1766
4 1865 5140 6392 5989
4 5140 1805 6390 6392
4 6392 6390 1887 6391
4 5989 6392 6391 2138
4 1049 4911 6395 6394
4 4911 1089 6393 6395
4 6395 6393 1105 5501
4 6394 6395 5501 1061
4 2840 6396 6400 6399
4 6396 2850 6397 6400
4 6400 6397 2910 6398
4 6399 6400 6398 2880
4 1606 6401 6404 6403
4 6401 1573 6402 6404
4 6404 6402 1590 6030
4 6403 6404 6030 1621
4 2908 3836 6406 6405
4 3836 2904 3919 6406
4 6406 3919 2115 5661
4 6405 6406 5661 2883
4 1937 6100 6409 6210
4 6100 1899 6407 6409
4 6409 6407 1971 6408
4 6210 6409 6408 2009
4 1849 5023 6411 5816
4 5023 1823 3900 6411
4 6411 3900 1886 6410
4 5816 6411 6410 2587
4 1357 6412 6415 6414
4 6412 1340 5799 6415
4 6415 5799 1294 6413
4 6414 6415 6413 1399
4 896 6416 6419 4883
4 6416 867 6417 6419
4 6419 6417 926 6418
4 4883 6419 6418 905
4 1075 6420 6422 6421
4 6420 1156 6297 6422
4 6422 6297 1113 6307
4 6421 6422 6307 1024
4 1250 6057 6425 4451
4 6057 1276 6423 6425
4 6425 6423 1213 6424
4 4451 6425 6424 1187
4 778 4875 6429 6428
4 4875 747 6426 6429
4 6429 6426 813 6427
4 6428 6429 6427 855
4 1817 6430 6433 6432
4 6430 1900 5786 6433
4 6433 5786 1846 6431
4 6432 6433 6431 1765
4 2127 6434 6437 6436
4 6434 2205 6167 6437
4 6437 6167 2235 6435
4 6436 6437 6435 2159
4 718 5136 6439 6438
4 5136 775 3460 6439
4 6439 3460 868 6319
4 6438 6439 6319 803
4 1861 6440 6443 6442
4 6440 1790 6441 6443
4 6443 6441 1744 3350
4 6442 6443 3350 1914
4 2866 6444 6448 6447
4 6444 2836 6445 6448
4 6448 6445 2793 6446
4 6447 6448 6446 2806
4 894 5362 6451 6450
4 5362 761 4969 6451
4 6451 4969 820 6449
4 6450 6451 6449 852
4 971 5424 6452 5432
4 5424 902 5349 6452
4 6452 5349 848 6273
4 5432 6452 6273 931
4 405 404 6453 5316
4 404 403 4136 6453
4 6453 4136 2656 3749
4 5316 6453 3749 2742
4 1246 5644 6457 6456
4 5644 1202 6454 6457
4 6457 6454 1179 6455
4 6456 6457 6455 1228
4 2104 6458 6462 6461
4 6458 2305 6459 6462
4 6462 6459 2374 6460
4 6461 6462 6460 2236
4 2332 5384 6466 6465
4 5384 2563 6463 6466
4 6466 6463 2476 6464
4 6465 6466 6464 2416
4 1406 6467 6470 6469
4 6467 1508 4670 6470
4 6470 4670 1465 6468
4 6469 6470 6468 1447
4 1216 6471 6475 6474
4 6471 1170 6472 6475
4 6475 6472 1097 6473
4 6474 6475 6473 1146
4 2186 5693 6479 6478
4 5693 2363 6476 6479
4 6479 6476 2290 6477
4 6478 6479 6477 2249
4 235 6067 6481 236
4 6067 2381 6480 6481
4 6481 6480 2302 6259
4 236 6481 6259 237
4 1677 6482 6485 6484
4 6482 1655 6483 6485
4 6485 6483 1615 5563
4 6484 6485 5563 1645
4 1788 5282 6488 5051
4 5282 1734 6486 6488
4 6488 6486 1802 6487
4 5051 6488 6487 2308
4 2543 6489 6491 6490
4 6489 22 23 6491
4 6491 23 24 6234
4 6490 6491 6234 2630
4 227 226 6494 5121
4 226 225 6492 6494
4 6494 6492 2399 6493
4 5121 6494 6493 2489
4 2873 4033 6497 6496
4 4033 2869 4222 6497
4 6497 4222 2804 6495
4 6496 6497 6495 2798
4 2588 6498 6501 6500
4 6498 2670 6499 6501
4 6501 6499 2416 6464
4 6500 6501 6464 2476
4 1469 6502 6505 6504
4 6502 1450 6175 6505
4 6505 6175 1409 6503
4 6504 6505 6503 1440
4 1770 6506 6509 6508
4 6506 1699 5639 6509
4 6509 5639 1748 6507
4 6508 6509 6507 1804
4 2519 3852 6512 6511
4 3852 2354 3385 6512
4 6512 3385 2533 6510
4 6511 6512 6510 2418
4 2402 6513 6516 6515
4 6513 2482 6514 6516
4 6516 6514 2556 3300
4 6515 6516 3300 2639
4 1984 3028 6518 6226
4 3028 1942 6517 6518
4 6518 6517 2054 5978
4 6226 6518 5978 1990
4 1083 6021 6521 6520
4 6021 1123 6519 6521
4 6521 6519 1048 5938
4 6520 6521 5938 1000
4 2536 6522 6523 6241
4 6522 940 4856 6523
4 6523 4856 2508 4906
4 6241 6523 4906 2666
4 1902 6524 6525 3519
4 6524 1860 6101 6525
4 6525 6101 1937 6209
4 3519 6525 6209 1977
4 2025 6526 6528 6527
4 6526 2486 3351 6528
4 6528 3351 8 9
4 6527 6528 9 10
4 775 5135 6531 6530
4 5135 635 4647 6531
4 6531 4647 689 6529
4 6530 6531 6529 728
4 916 3406 6535 6534
4 3406 933 6532 6535
4 6535 6532 1006 6533
4 6534 6535 6533 969
4 1642 6536 6539 6538
4 6536 1593 2996 6539
4 6539 2996 1664 6537
4 6538 6539 6537 1692
4 1978 5027 6541 5278
4 5027 1901 4390 6541
4 6541 4390 1841 6540
4 5278 6541 6540 1922
4 1022 5675 6543 6542
4 5675 1083 6520 6543
4 6543 6520 1000 5116
4 6542 6543 5116 1001
4 1998 6544 6547 6546
4 6544 2054 6517 6547
4 6547 6517 1942 6545
4 6546 6547 6545 1986
4 2249 5865 6548 6478
4 5865 2319 3316 6548
4 6548 3316 2122 5853
4 6478 6548 5853 2186
4 1929 6549 6551 6550
4 6549 1749 5476 6551
4 6551 5476 1834 3670
4 6550 6551 3670 1966
4 1769 6552 6555 6554
4 6552 1698 5577 6555
4 6555 5577 1747 6553
4 6554 6555 6553 1949
4 2196 6556 6558 6557
4 6556 2150 4862 6558
4 6558 4862 2255 4598
4 6557 6558 4598 2284
4 2091 6559 6562 6561
4 6559 2121 3692 6562
4 6562 3692 2081 6560
4 6561 6562 6560 2041
4 1790 6563 6565 6441
4 6563 1718 6564 6565
4 6565 6564 1678 2987
4 6441 6565 2987 1744
4 1312 6248 6567 6366
4 6248 1254 6566 6567
4 6567 6566 1204 4367
4 6366 6567 4367 1284
4 923 6568 6571 6570
4 6568 838 5363 6571
4 6571 5363 894 6569
4 6570 6571 6569 938
4 1414 6572 6575 2992
4 6572 1458 6573 6575
4 6575 6573 1506 6574
4 2992 6575 6574 1484
4 723 6576 6578 6577
4 6576 825 4751 6578
4 6578 4751 756 6064
4 6577 6578 6064 676
4 714 5055 6581 4337
4 5055 745 6579 6581
4 6581 6579 821 6580
4 4337 6581 6580 768
4 1211 3768 6583 4407
4 3768 1147 6582 6583
4 6583 6582 1185 6049
4 4407 6583 6049 1248
4 2203 6584 6587 6586
4 6584 2149 3381 6587
4 6587 3381 2019 6585
4 6586 6587 6585 2211
4 2694 6588 6590 5702
4 6588 2772 6589 6590
4 6590 6589 2817 3428
4 5702 6590 3428 2823
4 1778 4868 6593 6592
4 4868 1800 6591 6593
4 6593 6591 1794 5813
4 6592 6593 5813 1757
4 1935 5929 6595 3985
4 5929 219 218 6595
4 6595 218 217 6594
4 3985 6595 6594 2653
4 2141 6596 6599 6598
4 6596 2102 3888 6599
4 6599 3888 2250 6597
4 6598 6599 6597 2263
4 1396 4802 6602 6601
4 4802 1349 5595 6602
4 6602 5595 1420 6600
4 6601 6602 6600 1433
4 1282 6249 6605 6604
4 6249 1312 6365 6605
4 6605 6365 1335 6603
4 6604 6605 6603 1345
4 2167 6606 6610 6609
4 6606 2124 6607 6610
4 6610 6607 2036 6608
4 6609 6610 6608 2094
4 824 6611 6614 6613
4 6611 732 6612 6614
4 6614 6612 782 5266
4 6613 6614 5266 863
4 2163 6085 6618 6617
4 6085 2118 6615 6618
4 6618 6615 2208 6616
4 6617 6618 6616 2248
4 1189 6619 6621 5285
4 6619 1133 6620 6621
4 6621 6620 1219 5524
4 5285 6621 5524 1196
4 755 3492 6623 6118
4 3492 587 4881 6623
4 6623 4881 655 6622
4 6118 6623 6622 698
4 1105 6624 6626 5498
4 6624 1123 6020 6626
4 6626 6020 1159 6625
4 5498 6626 6625 1191
4 1859 6158 6629 6628
4 6158 1891 6627 6629
4 6629 6627 1811 5796
4 6628 6629 5796 1787
4 915 4825 6631 4250
4 4825 970 3844 6631
4 6631 3844 1012 6630
4 4250 6631 6630 993
4 2142 5714 6633 6632
4 5714 2073 4031 6633
4 6633 4031 2219 3600
4 6632 6633 3600 2152
4 1444 3072 6635 3936
4 3072 1466 5307 6635
4 6635 5307 1463 6634
4 3936 6635 6634 1421
4 1726 6636 6640 6639
4 6636 1795 6637 6640
4 6640 6637 1737 6638
4 6639 6640 6638 1702
4 1075 6641 6645 6644
4 6641 1017 6642 6645
4 6645 6642 1052 6643
4 6644 6645 6643 1119
4 1025 4506 6647 4914
4 4506 993 6630 6647
4 6647 6630 1012 6646
4 4914 6647 6646 1053
4 1219 6620 6651 6650
4 6620 1133 6648 6651
4 6651 6648 1188 6649
4 6650 6651 6649 1247
4 725 6652 6654 6198
4 6652 613 4854 6654
4 6654 4854 654 6653
4 6198 6654 6653 697
4 14 15 6657 6656
4 15 16 5298 6657
4 6657 5298 1847 6655
4 6656 6657 6655 2737
4 1112 3292 6660 6659
4 3292 1061 5500 6660
4 6660 5500 1138 6658
4 6659 6660 6658 1182
4 2467 6661 6663 6142
4 6661 2562 5150 6663
4 6663 5150 2414 6662
4 6142 6663 6662 2334
4 1930 6664 6666 6665
4 6664 1916 5973 6666
4 6666 5973 1867 4546
4 6665 6666 4546 1852
4 2852 6667 6670 6669
4 6667 2889 3592 6670
4 6670 3592 2906 6668
4 6669 6670 6668 2919
4 2548 6671 6674 6673
4 6671 2659 3338 6674
4 6674 3338 2792 6672
4 6673 6674 6672 2714
4 2273 6675 6679 6678
4 6675 2385 6676 6679
4 6679 6676 2397 6677
4 6678 6679 6677 2420
4 2767 6680 6682 6681
4 6680 2816 3093 6682
4 6682 3093 2781 3567
4 6681 6682 3567 2696
4 683 5133 6685 6684
4 5133 718 6683 6685
4 6685 6683 770 3264
4 6684 6685 3264 736
4 736 6686 6688 6684
4 6686 582 4996 6688
4 6688 4996 656 6687
4 6684 6688 6687 683
4 2348 6689 6690 6039
4 6689 2284 4597 6690
4 6690 4597 2439 5708
4 6039 6690 5708 2512
4 2320 3699 6694 6693
4 3699 2303 6691 6694
4 6694 6691 2224 6692
4 6693 6694 6692 2201
4 1187 6424 6697 5101
4 6424 1213 6695 6697
4 6697 6695 1153 6696
4 5101 6697 6696 1101
4 2181 6698 6702 6701
4 6698 2120 6699 6702
4 6702 6699 2027 6700
4 6701 6702 6700 2076
4 2062 6703 6705 6704
4 6703 2033 6227 6705
4 6705 6227 1990 5977
4 6704 6705 5977 2083
4 884 6706 6708 6707
4 6706 948 4981 6708
4 6708 4981 926 6417
4 6707 6708 6417 867
4 2260 6709 6713 6712
4 6709 2190 6710 6713
4 6713 6710 2375 6711
4 6712 6713 6711 2281
4 2647 6714 6717 6716
4 6714 2699 6715 6717
4 6717 6715 2622 6059
4 6716 6717 6059 2602
4 760 6196 6720 5393
4 6196 744 6718 6720
4 6720 6718 797 6719
4 5393 6720 6719 858
4 882 6721 6724 6723
4 6721 934 6111 6724
4 6724 6111 1004 6722
4 6723 6724 6722 954
4 2647 6725 6729 6728
4 6725 2477 6726 6729
4 6729 6726 2572 6727
4 6728 6729 6727 2740
4 1878 6730 6733 3113
4 6730 1947 6731 6733
4 6733 6731 1909 6732
4 3113 6733 6732 1801
4 2089 6734 6737 6736
4 6734 2046 6354 6737
4 6737 6354 2107 6735
4 6736 6737 6735 2126
4 20 21 6738 4698
4 21 22 6489 6738
4 6738 6489 2543 3975
4 4698 6738 3975 2667
4 1911 6739 6743 6742
4 6739 1970 6740 6743
4 6743 6740 1941 6741
4 6742 6743 6741 1843
4 1427 6744 6747 3539
4 6744 1373 6745 6747
4 6747 6745 1333 6746
4 3539 6747 6746 1380
4 2399 6492 6748 3978
4 6492 225 224 6748
4 6748 224 223 4701
4 3978 6748 4701 2517
4 1119 6643 6751 3581
4 6643 1052 6749 6751
4 6751 6749 1085 6750
4 3581 6751 6750 1160
4 850 4582 6754 6753
4 4582 780 4759 6754
4 6754 4759 721 6752
4 6753 6754 6752 798
4 2009 6408 6757 6756
4 6408 1971 6755 6757
4 6757 6755 2046 6734
4 6756 6757 6734 2089
4 2757 6758 6761 3132
4 6758 2699 6759 6761
4 6761 6759 2784 6760
4 3132 6761 6760 2830
4 2065 6762 6765 6276
4 6762 1995 6763 6765
4 6765 6763 2043 6764
4 6276 6765 6764 2128
4 1633 6766 6767 6147
4 6766 1652 4777 6767
4 6767 4777 1663 5646
4 6147 6767 5646 1601
4 1708 3785 6771 6770
4 3785 1669 6768 6771
4 6771 6768 1659 6769
4 6770 6771 6769 1689
4 890 6772 6773 5395
4 6772 859 5260 6773
4 6773 5260 764 3502
4 5395 6773 3502 818
4 1908 6774 6776 6775
4 6774 1845 3992 6776
4 6776 3992 2049 5820
4 6775 6776 5820 2051
4 2257 6777 6779 6778
4 6777 1879 5579 6779
4 6779 5579 2212 5242
4 6778 6779 5242 2310
4 954 4286 6781 6723
4 4286 907 6780 6781
4 6781 6780 837 6339
4 6723 6781 6339 882
4 863 6782 6784 6613
4 6782 893 5731 6784
4 6784 5731 865 6783
4 6613 6784 6783 824
4 2450 3648 6787 6786
4 3648 2374 6785 6787
4 6787 6785 2235 6166
4 6786 6787 6166 2291
4 1745 6788 6790 5885
4 6788 1817 6432 6790
4 6790 6432 1765 6789
4 5885 6790 6789 1707
4 2369 3517 6792 6791
4 3517 2394 4457 6792
4 6792 4457 2468 5011
4 6791 6792 5011 2432
4 2911 6793 6795 4593
4 6793 2924 3879 6795
4 6795 3879 2926 6794
4 4593 6795 6794 2912
4 1821 6796 6799 6798
4 6796 1737 6637 6799
4 6799 6637 1795 6797
4 6798 6799 6797 1812
4 2075 6800 6803 6802
4 6800 2058 6801 6803
4 6803 6801 2109 4863
4 6802 6803 4863 2150
4 1074 6804 6806 6805
4 6804 1004 6110 6806
4 6806 6110 955 4639
4 6805 6806 4639 1039
4 1459 3166 6809 6808
4 3166 1432 3912 6809
4 6809 3912 1438 6807
4 6808 6809 6807 1486
4 758 6810 6814 6813
4 6810 806 6811 6814
4 6814 6811 843 6812
4 6813 6814 6812 889
4 2316 6815 6819 6818
4 6815 2282 6816 6819
4 6819 6816 2407 6817
4 6818 6819 6817 2454
4 2522 6820 6822 5768
4 6820 2411 4735 6822
4 6822 4735 2581 6821
4 5768 6822 6821 2665
4 1873 3944 6825 6824
4 3944 1824 4612 6825
4 6825 4612 1830 6823
4 6824 6825 6823 1908
4 1319 6826 6828 6301
4 6826 1361 6827 6828
4 6828 6827 1291 5941
4 6301 6828 5941 1309
4 700 6222 6831 6830
4 6222 748 4573 6831
4 6831 4573 773 6829
4 6830 6831 6829 734
4 673 4794 6833 5552
4 4794 644 4870 6833
4 6833 4870 715 6832
4 5552 6833 6832 642
4 672 4791 6835 5555
4 4791 643 4842 6835
4 6835 4842 713 6834
4 5555 6835 6834 641
4 1714 6836 6838 4779
4 6836 1784 6837 6838
4 6838 6837 1745 5884
4 4779 6838 5884 1676
4 2026 6839 6841 6840
4 6839 206 207 6841
4 6841 207 208 6073
4 6840 6841 6073 2490
4 2310 5241 6844 6843
4 5241 2232 6842 6844
4 6844 6842 2378 3995
4 6843 6844 3995 2443
4 1742 5849 6848 6847
4 5849 1764 6845 6848
4 6848 6845 1731 6846
4 6847 6848 6846 1724
4 1301 4232 6851 6850
4 4232 1273 6849 6851
4 6851 6849 1198 5825
4 6850 6851 5825 1244
4 2591 5982 6852 6350
4 5982 2677 3402 6852
4 6852 3402 2330 6316
4 6350 6852 6316 2465
4 1470 6853 6856 6855
4 6853 1526 6854 6856
4 6856 6854 1493 4494
4 6855 6856 4494 1436
4 1338 4803 6859 6858
4 4803 1396 6857 6859
4 6859 6857 1368 5758
4 6858 6859 5758 1314
4 1656 6860 6863 6862
4 6860 1618 5570 6863
4 6863 5570 1595 6861
4 6862 6863 6861 1629
4 2106 6864 6866 6865
4 6864 409 408 6866
4 6866 408 407 5315
4 6865 6866 5315 2707
4 2408 6867 6870 6869
4 6867 2274 5806 6870
4 6870 5806 2342 6868
4 6869 6870 6868 2503
4 1190 4788 6874 6873
4 4788 1122 6871 6874
4 6874 6871 1121 6872
4 6873 6874 6872 1153
4 1416 6176 6877 5772
4 6176 1450 6875 6877
4 6877 6875 1474 6876
4 5772 6877 6876 1446
4 767 6878 6880 6879
4 6878 721 4758 6880
4 6880 4758 701 5452
4 6879 6880 5452 684
4 1035 6881 6884 5945
4 6881 1006 6882 6884
4 6884 6882 957 6883
4 5945 6884 6883 979
4 2484 6885 6888 3909
4 6885 2580 6886 6888
4 6888 6886 2497 6887
4 3909 6888 6887 2461
4 411 410 6890 6889
4 410 409 6864 6890
4 6890 6864 2106 3475
4 6889 6890 3475 2671
4 1681 6891 6894 6893
4 6891 1720 6892 6894
4 6894 6892 1664 2995
4 6893 6894 2995 1625
4 1407 5594 6897 6896
4 5594 1392 6895 6897
4 6897 6895 1422 5606
4 6896 6897 5606 1448
4 1526 6853 6901 6900
4 6853 1470 6898 6901
4 6901 6898 1497 6899
4 6900 6901 6899 1519
4 2725 6902 6906 6905
4 6902 2612 6903 6906
4 6906 6903 1826 6904
4 6905 6906 6904 2788
4 211 6907 6910 212
4 6907 2506 6908 6910
4 6910 6908 2016 6909
4 212 6910 6909 213
4 1436 5575 6912 6855
4 5575 1407 6896 6912
4 6912 6896 1448 6911
4 6855 6912 6911 1470
4 2004 6913 6916 6915
4 6913 2076 6700 6916
4 6916 6700 2027 6914
4 6915 6916 6914 1965
4 1148 6917 6920 5411
4 6917 1203 6918 6920
4 6920 6918 1221 6919
4 5411 6920 6919 1180
4 1085 6264 6921 6750
4 6264 1051 5858 6921
4 6921 5858 1118 3880
4 6750 6921 3880 1160
4 2480 6922 6926 6925
4 6922 2564 6923 6926
4 6926 6923 2431 6924
4 6925 6926 6924 2370
4 2524 6927 6929 3197
4 6927 2413 6928 6929
4 6929 6928 2290 6476
4 3197 6929 6476 2363
4 1046 4281 6930 6136
4 4281 1014 5434 6930
4 6930 5434 952 5421
4 6136 6930 5421 1047
4 1101 6696 6931 6135
4 6696 1153 6872 6931
4 6931 6872 1121 4282
4 6135 6931 4282 1046
4 692 6932 6935 6934
4 6932 730 6933 6935
4 6935 6933 774 5780
4 6934 6935 5780 749
4 1247 6649 6938 5762
4 6649 1188 6936 6938
4 6938 6936 1201 6937
4 5762 6938 6937 1261
4 1782 6939 6942 6941
4 6939 1740 4516 6942
4 6942 4516 1810 6940
4 6941 6942 6940 1856
4 1038 4287 6943 4218
4 4287 954 6722 6943
4 6943 6722 1004 6804
4 4218 6943 6804 1074
4 2666 4905 6946 6242
4 4905 2592 6944 6946
4 6946 6944 2611 6945
4 6242 6946 6945 2734
4 2404 6947 6949 3554
4 6947 2338 5634 6949
4 6949 5634 2327 6948
4 3554 6949 6948 2351
4 2463 3542 6951 6950
4 3542 2328 5891 6951
4 6951 5891 2436 3727
4 6950 6951 3727 2582
4 1854 6002 6954 6953
4 6002 1825 6952 6954
4 6954 6952 1765 6431
4 6953 6954 6431 1846
4 2414 6955 6958 6662
4 6955 2287 6956 6958
4 6958 6956 2314 6957
4 6662 6958 6957 2334
4 2541 2990 6960 5009
4 2990 2743 3672 6960
4 6960 3672 2651 6959
4 5009 6960 6959 2491
4 2796 5903 6963 6962
4 5903 2881 6961 6963
4 6963 6961 2841 5494
4 6962 6963 5494 2818
4 1189 6964 6966 6619
4 6964 1057 3125 6966
4 6966 3125 1124 6965
4 6619 6966 6965 1133
4 2815 6967 6969 6968
4 6967 2695 5969 6969
4 6969 5969 2780 6125
4 6968 6969 6125 2865
4 2627 6970 6974 6973
4 6970 2791 6971 6974
4 6974 6971 2744 6972
4 6973 6974 6972 2547
4 1768 5752 6976 6975
4 5752 1912 3523 6976
4 6976 3523 1950 3034
4 6975 6976 3034 1743
4 215 6977 6979 216
4 6977 2641 6978 6979
4 6979 6978 2653 6594
4 216 6979 6594 217
4 2197 6980 6982 6981
4 6980 2124 6606 6982
4 6982 6606 2167 3282
4 6981 6982 3282 2210
4 948 6983 6985 4982
4 6983 1011 5695 6985
4 6985 5695 1041 6984
4 4982 6985 6984 989
4 1444 6986 6988 3073
4 6986 1479 4496 6988
4 6988 4496 1512 6987
4 3073 6988 6987 1536
4 1368 6989 6992 5759
4 6989 1421 6990 6992
4 6992 6990 1400 6991
4 5759 6992 6991 1342
4 1025 4913 6994 4507
4 4913 1081 6993 6994
4 6994 6993 1103 6252
4 4507 6994 6252 1079
4 2124 6980 6997 6996
4 6980 2197 5688 6997
4 6997 5688 2165 6995
4 6996 6997 6995 2061
4 1959 6998 6999 3386
4 6998 1916 6664 6999
4 6999 6664 1930 4965
4 3386 6999 4965 1997
4 1561 5417 7003 7002
4 5417 1568 7000 7003
4 7003 7000 1543 7001
4 7002 7003 7001 1538
4 1229 4932 7005 4620
4 4932 277 276 7005
4 7005 276 275 7004
4 4620 7005 7004 2870
4 1239 7006 7009 7008
4 7006 1174 4214 7009
4 7009 4214 1223 7007
4 7008 7009 7007 1218
4 1830 5352 7010 6823
4 5352 1771 6377 7010
4 7010 6377 1845 6774
4 6823 7010 6774 1908
4 1424 7011 7014 3620
4 7011 1389 7012 7014
4 7014 7012 1411 7013
4 3620 7014 7013 1442
4 684 5622 7015 6879
4 5622 741 3526 7015
4 7015 3526 828 5611
4 6879 7015 5611 767
4 1501 7016 7020 7019
4 7016 1441 7017 7020
4 7020 7017 1475 7018
4 7019 7020 7018 1534
4 1001 7021 7024 6542
4 7021 939 7022 7024
4 7024 7022 1036 7023
4 6542 7024 7023 1022
4 997 4288 7026 7025
4 4288 1038 4217 7026
4 7026 4217 1063 5591
4 7025 7026 5591 1023
4 1261 6937 7030 7029
4 6937 1201 7027 7030
4 7030 7027 1217 7028
4 7029 7030 7028 1371
4 1353 6300 7034 7033
4 6300 1331 7031 7034
4 7034 7031 1369 7032
4 7033 7034 7032 1381
4 1247 5761 7035 6650
4 5761 1270 5629 7035
4 7035 5629 1230 5525
4 6650 7035 5525 1219
4 1959 7036 7037 6998
4 7036 2217 3792 7037
4 7037 3792 1803 5971
4 6998 7037 5971 1916
4 936 7038 7042 7041
4 7038 884 7039 7042
4 7042 7039 870 7040
4 7041 7042 7040 832
4 2432 5010 7045 7044
4 5010 2491 7043 7045
4 7045 7043 2587 6410
4 7044 7045 6410 1886
4 1387 7046 7050 7049
4 7046 1332 7047 7050
4 7050 7047 1292 7048
4 7049 7050 7048 1348
4 2612 7051 7054 7053
4 7051 2706 3407 7054
4 7054 3407 2662 7052
4 7053 7054 7052 2583
4 2216 4658 7056 3433
4 4658 2157 7055 7056
4 7056 7055 2083 5976
4 3433 7056 5976 2129
4 2427 3993 7060 7059
4 3993 2378 7057 7060
4 7060 7057 2295 7058
4 7059 7060 7058 2444
4 2761 7061 7063 3940
4 7061 2723 6243 7063
4 7063 6243 2734 7062
4 3940 7063 7062 2795
4 1401 7064 7065 5066
4 7064 1431 3204 7065
4 7065 3204 1440 6503
4 5066 7065 6503 1409
4 2919 7066 7068 7067
4 7066 2908 6405 7068
4 7068 6405 2883 4650
4 7067 7068 4650 2898
4 2521 7069 7072 3087
4 7069 2276 7070 7072
4 7072 7070 2457 7071
4 3087 7072 7071 2535
4 2676 5454 7076 7075
4 5454 2697 7073 7076
4 7076 7073 2827 7074
4 7075 7076 7074 2764
4 2128 6764 7079 6133
4 6764 2043 7077 7079
4 7079 7077 2064 7078
4 6133 7079 7078 2153
4 688 5154 7081 7080
4 5154 735 3500 7081
4 7081 3500 764 5263
4 7080 7081 5263 724
4 1433 6600 7082 3935
4 6600 1420 5573 7082
4 7082 5573 1479 6986
4 3935 7082 6986 1444
4 1184 7083 7085 7084
4 7083 1252 5614 7085
4 7085 5614 1220 3732
4 7084 7085 3732 1151
4 749 4341 7087 6934
4 4341 591 4121 7087
4 7087 4121 671 7086
4 6934 7087 7086 692
4 1370 6149 7090 7089
4 6149 1315 7088 7090
4 7090 7088 1276 6056
4 7089 7090 6056 1323
4 1352 7091 7095 7094
4 7091 1458 7092 7095
4 7095 7092 1360 7093
4 7094 7095 7093 1341
4 1901 5026 7097 4387
4 5026 1936 7096 7097
4 7097 7096 1858 6327
4 4387 7097 6327 1829
4 2280 7098 7101 3246
4 7098 2227 7099 7101
4 7101 7099 2200 7100
4 3246 7101 7100 2268
4 1397 7102 7103 5084
4 7102 1335 6367 7103
4 7103 6367 1340 6412
4 5084 7103 6412 1357
4 2758 7104 7107 7106
4 7104 2803 7105 7107
4 7107 7105 2709 6060
4 7106 7107 6060 2622
4 213 6909 7109 214
4 6909 2016 7108 7109
4 7109 7108 2641 6977
4 214 7109 6977 215
4 2335 7110 7114 7113
4 7110 2300 7111 7114
4 7114 7111 2309 7112
4 7113 7114 7112 2384
4 2410 7115 7119 7118
4 7115 2339 7116 7119
4 7119 7116 2303 7117
4 7118 7119 7117 2344
4 1430 7120 7123 3690
4 7120 1413 7121 7123
4 7123 7121 1441 7122
4 3690 7123 7122 1485
4 998 3487 7126 7125
4 3487 1125 7124 7126
4 7126 7124 1084 5726
4 7125 7126 5726 1030
4 747 7127 7128 6426
4 7127 786 5160 7128
4 7128 5160 856 5272
4 6426 7128 5272 813
4 265 6014 7130 266
4 6014 2024 3275 7130
4 7130 3275 2921 7129
4 266 7130 7129 267
4 1784 6328 7132 6837
4 6328 1858 7131 7132
4 7132 7131 1817 6788
4 6837 7132 6788 1745
4 2100 7133 7135 7134
4 7133 2114 2940 7135
4 7135 2940 2071 5931
4 7134 7135 5931 2032
4 911 4902 7136 3371
4 4902 901 3049 7136
4 7136 3049 841 4560
4 3371 7136 4560 895
4 743 4584 7138 7137
4 4584 822 6337 7138
4 7138 6337 795 6373
4 7137 7138 6373 785
4 1220 5613 7141 3733
4 5613 1280 7139 7141
4 7141 7139 1240 7140
4 3733 7141 7140 1186
4 1953 7142 7146 7145
4 7142 1968 7143 7146
4 7146 7143 2002 7144
4 7145 7146 7144 1967
4 2886 7147 7149 7148
4 7147 2801 5986 7149
4 7149 5986 2862 6201
4 7148 7149 6201 2914
4 1692 6537 7151 3804
4 6537 1664 6892 7151
4 7151 6892 1720 7150
4 3804 7151 7150 1761
4 2858 7152 7155 7154
4 7152 2830 7153 7155
4 7155 7153 2817 6589
4 7154 7155 6589 2772
4 1714 7156 7157 6836
4 7156 1683 6279 7157
4 7157 6279 1751 6325
4 6836 7157 6325 1784
4 2031 7158 7161 7160
4 7158 2008 7159 7161
4 7161 7159 1921 6114
4 7160 7161 6114 1976
4 1996 4400 7163 7162
4 4400 2015 3708 7163
4 7163 3708 1982 6156
4 7162 7163 6156 1934
4 2166 7164 7168 7167
4 7164 2110 7165 7168
4 7168 7165 2030 7166
4 7167 7168 7166 2070
4 920 7169 7171 7170
4 7169 995 3895 7171
4 7171 3895 964 4643
4 7170 7171 4643 874
4 1663 4776 7172 5647
4 4776 1676 5887 7172
4 7172 5887 1686 5561
4 5647 7172 5561 1630
4 1243 7173 7175 4264
4 7173 1178 5000 7175
4 7175 5000 1207 7174
4 4264 7175 7174 1266
4 1600 7176 7180 7179
4 7176 1578 7177 7180
4 7180 7177 1627 7178
4 7179 7180 7178 1658
4 2477 7181 7184 7183
4 7181 2397 6676 7184
4 7184 6676 2385 7182
4 7183 7184 7182 2418
4 2041 3893 7187 6561
4 3893 1932 7185 7187
4 7187 7185 2000 7186
4 6561 7187 7186 2091
4 1992 7188 7190 3925
4 7188 1974 4716 7190
4 7190 4716 1980 7189
4 3925 7190 7189 2057
4 2085 7191 7193 7192
4 7191 2127 6436 7193
4 7193 6436 2159 5247
4 7192 7193 5247 1989
4 1399 7194 7198 7197
4 7194 1324 7195 7198
4 7198 7195 1383 7196
4 7197 7198 7196 1429
4 1998 6546 7201 7200
4 6546 1986 3157 7201
4 7201 3157 1920 7199
4 7200 7201 7199 2036
4 2025 6527 7204 7203
4 6527 10 11 7204
4 7204 11 12 7202
4 7203 7204 7202 2674
4 1653 7205 7208 7207
4 7205 1626 7206 7208
4 7208 7206 1614 3080
4 7207 7208 3080 1688
4 2488 6036 7209 4015
4 6036 2134 5913 7209
4 7209 5913 2565 3060
4 4015 7209 3060 2576
4 967 6322 7212 7211
4 6322 968 7210 7212
4 7212 7210 928 5109
4 7211 7212 5109 873
4 2129 5975 7215 7214
4 5975 2054 6544 7215
4 7215 6544 1998 7213
4 7214 7215 7213 2061
4 1838 3064 7218 4357
4 3064 1671 7216 7218
4 7218 7216 1731 7217
4 4357 7218 7217 1783
4 2055 5926 7221 7220
4 5926 2102 6596 7221
4 7221 6596 2141 7219
4 7220 7221 7219 2035
4 2649 7222 7225 7224
4 7222 2678 7223 7225
4 7225 7223 2521 3089
4 7224 7225 3089 2542
4 1844 7226 7229 7228
4 7226 1770 6508 7229
4 7229 6508 1804 7227
4 7228 7229 7227 1972
4 1874 7230 7234 7233
4 7230 1769 7231 7234
4 7234 7231 1885 7232
4 7233 7234 7232 2358
4 1752 5797 7238 7237
4 5797 1811 7235 7238
4 7238 7235 1877 7236
4 7237 7238 7236 1917
4 2111 7239 7242 7241
4 7239 2372 3730 7242
4 7242 3730 2447 7240
4 7241 7242 7240 2527
4 676 6063 7244 7243
4 6063 733 5210 7244
4 7244 5210 629 5232
4 7243 7244 5232 645
4 1576 7245 7248 7247
4 7245 1625 2994 7248
4 7248 2994 1593 7246
4 7247 7248 7246 1547
4 2718 7249 7252 7251
4 7249 2655 4687 7252
4 7252 4687 2660 7250
4 7251 7252 7250 2764
4 801 7253 7257 7256
4 7253 857 7254 7257
4 7257 7254 976 7255
4 7256 7257 7255 827
4 1291 7258 7260 5942
4 7258 1330 7259 7260
4 7260 7259 1264 6357
4 5942 7260 6357 1274
4 2081 6268 7263 6560
4 6268 2034 7261 7263
4 7263 7261 1964 7262
4 6560 7263 7262 2041
4 1625 7264 7266 6893
4 7264 1661 7265 7266
4 7266 7265 1674 4445
4 6893 7266 4445 1681
4 1825 7267 7269 6952
4 7267 1750 7268 7269
4 7269 7268 1707 6789
4 6952 7269 6789 1765
4 831 7270 7271 3445
4 7270 696 5389 7271
4 7271 5389 603 5138
4 3445 7271 5138 646
4 763 4501 7274 7273
4 4501 739 7272 7274
4 7274 7272 753 4259
4 7273 7274 4259 703
4 1141 7275 7276 6330
4 7275 1179 6454 7276
4 7276 6454 1202 4977
4 6330 7276 4977 1172
4 2179 7277 7279 3423
4 7277 2116 7278 7279
4 7279 7278 2170 5804
4 3423 7279 5804 2251
4 2513 3462 7282 7281
4 3462 2448 7280 7282
4 7282 7280 2525 5332
4 7281 7282 5332 2445
4 708 4655 7283 4852
4 4655 750 4971 7283
4 7283 4971 728 6529
4 4852 7283 6529 689
4 1841 7284 7287 6540
4 7284 1903 7285 7287
4 7287 7285 1967 7286
4 6540 7287 7286 1922
4 2160 7288 7291 7290
4 7288 2300 7289 7291
4 7291 7289 2372 7239
4 7290 7291 7239 2111
4 779 4813 7294 7293
4 4813 719 6375 7294
4 7294 6375 815 7292
4 7293 7294 7292 853
4 2312 7295 7299 7298
4 7295 2248 7296 7299
4 7299 7296 2279 7297
4 7298 7299 7297 2390
4 941 7300 7304 7303
4 7300 1008 7301 7304
4 7304 7301 919 7302
4 7303 7304 7302 875
4 830 7305 7306 3499
4 7305 695 5207 7306
4 7306 5207 611 5032
4 3499 7306 5032 648
4 1236 4631 7309 7308
4 4631 1307 5192 7309
4 7309 5192 1268 7307
4 7308 7309 7307 1242
4 1920 3156 7313 7312
4 3156 1896 7310 7313
4 7313 7310 1848 7311
4 7312 7313 7311 1883
4 953 7314 7316 3642
4 7314 912 4528 7316
4 7316 4528 987 7315
4 3642 7316 7315 1018
4 802 5261 7319 7318
4 5261 859 7317 7319
4 7319 7317 876 5408
4 7318 7319 5408 842
4 1337 5746 7321 4634
4 5746 1359 7320 7321
4 7321 7320 1322 5190
4 4634 7321 5190 1307
4 854 5110 7323 5996
4 5110 928 7322 7323
4 7323 7322 903 3220
4 5996 7323 3220 845
4 2511 7324 7327 7326
4 7324 2427 7059 7327
4 7327 7059 2444 7325
4 7326 7327 7325 2523
4 1122 6129 7328 6871
4 6129 1032 5924 7328
4 7328 5924 1090 4283
4 6871 7328 4283 1121
4 878 7329 7332 7331
4 7329 837 6780 7332
4 7332 6780 907 7330
4 7331 7332 7330 957
4 2522 5767 7335 7334
4 5767 2550 3680 7335
4 7335 3680 2424 7333
4 7334 7335 7333 2425
4 1245 3262 7336 3602
4 3262 1166 3769 7336
4 7336 3769 1211 4408
4 3602 7336 4408 1271
4 899 6320 7338 7337
4 6320 868 3459 7338
4 7338 3459 808 5364
4 7337 7338 5364 838
4 739 4241 7339 7272
4 4241 693 4897 7339
4 7339 4897 711 4878
4 7272 7339 4878 753
4 2710 7340 7342 2949
4 7340 2621 5168 7342
4 7342 5168 2545 7341
4 2949 7342 7341 2557
4 1984 6225 7345 3029
4 6225 2006 7343 7345
4 7345 7343 1931 7344
4 3029 7345 7344 1881
4 1204 6566 7347 7346
4 6566 1254 4888 7347
4 7347 4888 1182 6658
4 7346 7347 6658 1138
4 1016 3618 7349 7348
4 3618 949 6262 7349
4 7349 6262 1085 6749
4 7348 7349 6749 1052
4 2559 7350 7352 7351
4 7350 2532 4681 7352
4 7352 4681 2333 5870
4 7351 7352 5870 2573
4 1175 7353 7355 7354
4 7353 1139 3953 7355
4 7355 3953 1193 5826
4 7354 7355 5826 1198
4 1532 6186 7358 7357
4 6186 1576 7247 7358
4 7358 7247 1547 7356
4 7357 7358 7356 1504
4 2435 4363 7361 7360
4 4363 309 308 7361
4 7361 308 307 7359
4 7360 7361 7359 2675
4 1182 4887 7363 6659
4 4887 1140 3360 7363
4 7363 3360 1070 7362
4 6659 7363 7362 1112
4 2477 6725 7364 7181
4 6725 2647 6716 7364
4 7364 6716 2602 3046
4 7181 7364 3046 2397
4 2154 7365 7368 7367
4 7365 2240 6203 7368
4 7368 6203 2191 7366
4 7367 7368 7366 2114
4 2352 5216 7371 3639
4 5216 1437 7369 7371
4 7371 7369 2429 7370
4 3639 7371 7370 2434
4 727 4331 7374 7373
4 4331 771 7372 7374
4 7374 7372 806 6810
4 7373 7374 6810 758
4 1707 7268 7376 5886
4 7268 1750 7375 7376
4 7376 7375 1645 5562
4 5886 7376 5562 1686
4 843 5963 7379 6812
4 5963 961 7377 7379
4 7379 7377 925 7378
4 6812 7379 7378 889
4 1980 5470 7382 7189
4 5470 1938 7380 7382
4 7382 7380 1999 7381
4 7189 7382 7381 2057
4 1285 7383 7387 7386
4 7383 1239 7384 7387
4 7387 7384 1267 7385
4 7386 7387 7385 1299
4 2818 4805 7390 6962
4 4805 2848 7388 7390
4 7390 7388 2616 7389
4 6962 7390 7389 2796
4 2772 6588 7392 7391
4 6588 2694 3175 7392
4 7392 3175 1918 4152
4 7391 7392 4152 2821
4 2584 4275 7396 7395
4 4275 2472 7393 7396
4 7396 7393 2668 7394
4 7395 7396 7394 2746
4 1792 7397 7399 3199
4 7397 1815 7398 7399
4 7399 7398 1812 6797
4 3199 7399 6797 1795
4 822 4583 7400 6338
4 4583 850 3188 7400
4 7400 3188 934 6721
4 6338 7400 6721 882
4 1201 7401 7404 7027
4 7401 1163 7402 7404
4 7404 7402 1260 7403
4 7027 7404 7403 1217
4 1943 7405 7407 7406
4 7405 1993 3841 7407
4 7407 3841 2097 5821
4 7406 7407 5821 2049
4 2474 4011 7410 7409
4 4011 2428 7408 7410
4 7410 7408 2434 7370
4 7409 7410 7370 2429
4 2345 7411 7414 7413
4 7411 2401 7412 7414
4 7414 7412 2470 3225
4 7413 7414 3225 2430
4 2501 3905 7417 7416
4 3905 1929 6550 7417
4 7417 6550 1966 7415
4 7416 7417 7415 2583
4 1013 7418 7421 7420
4 7418 1005 4939 7421
4 7421 4939 1029 7419
4 7420 7421 7419 1050
4 1728 4950 7423 4356
4 4950 1685 7422 7423
4 7423 7422 1665 3065
4 4356 7423 3065 1838
4 1797 7424 7426 7425
4 7424 1950 3522 7426
4 7426 3522 1835 3353
4 7425 7426 3353 1851
4 852 6449 7429 7428
4 6449 820 5089 7429
4 7429 5089 804 7427
4 7428 7429 7427 860
4 825 7430 7432 4749
4 7430 809 7431 7432
4 7432 7431 867 6416
4 4749 7432 6416 896
4 1456 7433 7436 7435
4 7433 1423 5587 7436
4 7436 5587 1482 7434
4 7435 7436 7434 1507
4 2300 7288 7439 7111
4 7288 2160 7437 7439
4 7439 7437 2117 7438
4 7111 7439 7438 2309
4 1927 7440 7442 7441
4 7440 1873 6824 7442
4 7442 6824 1908 6775
4 7441 7442 6775 2051
4 1474 7443 7446 6876
4 7443 1511 7444 7446
4 7446 7444 1467 7445
4 6876 7446 7445 1446
4 2237 7447 7449 6131
4 7447 2346 7448 7449
4 7449 7448 2288 6360
4 6131 7449 6360 2202
4 805 4562 7452 7451
4 4562 759 7450 7452
4 7452 7450 729 4245
4 7451 7452 4245 787
4 2094 3426 7454 6609
4 3426 1946 3867 7454
4 7454 3867 2123 7453
4 6609 7454 7453 2167
4 2222 7455 7458 7457
4 7455 1802 7456 7458
4 7458 7456 1906 3745
4 7457 7458 3745 2315
4 1995 7459 7461 6763
4 7459 1947 3634 7461
4 7461 3634 1987 7460
4 6763 7461 7460 2043
4 1813 5753 7465 7464
4 5753 1768 7462 7465
4 7465 7462 1733 7463
4 7464 7465 7463 1819
4 628 6078 7467 4707
4 6078 700 6830 7467
4 7467 6830 734 7466
4 4707 7467 7466 776
4 2398 2966 7469 3241
4 2966 2687 6218 7469
4 7469 6218 2606 7468
4 3241 7469 7468 2507
4 1189 5284 7471 6964
4 5284 1183 4377 7471
4 7471 4377 1149 7470
4 6964 7471 7470 1057
4 2045 6211 7474 7473
4 6211 2009 6756 7474
4 7474 6756 2089 7472
4 7473 7474 7472 2070
4 907 4285 7476 7330
4 4285 997 7475 7476
4 7476 7475 979 6883
4 7330 7476 6883 957
4 1095 7477 7479 5592
4 7477 1148 5413 7479
4 7479 5413 1078 7478
4 5592 7479 7478 1023
4 14 6656 7481 13
4 6656 2737 7480 7481
4 7481 7480 2674 7202
4 13 7481 7202 12
4 2262 7482 7485 7484
4 7482 2144 7483 7485
4 7485 7483 2326 3809
4 7484 7485 3809 2294
4 1008 7300 7489 7488
4 7300 941 7486 7489
4 7489 7486 1045 7487
4 7488 7489 7487 1031
4 2919 6668 7491 7066
4 6668 2906 7490 7491
4 7491 7490 2923 3837
4 7066 7491 3837 2908
4 1648 5047 7494 7493
4 5047 1759 7492 7494
4 7494 7492 1719 5862
4 7493 7494 5862 1672
4 2196 7495 7498 7497
4 7495 2297 3710 7498
4 7498 3710 2253 7496
4 7497 7498 7496 2174
4 830 3498 7500 7499
4 3498 681 6046 7500
4 7500 6046 720 5161
4 7499 7500 5161 786
4 2705 7501 7505 7504
4 7501 2611 7502 7505
4 7505 7502 2664 7503
4 7504 7505 7503 2786
4 2921 3274 7508 7507
4 3274 2851 7506 7508
4 7508 7506 2896 3285
4 7507 7508 3285 2090
4 613 6652 7510 4082
4 6652 725 7509 7510
4 7510 7509 735 5153
4 4082 7510 5153 584
4 2295 7511 7514 7058
4 7511 2234 7512 7514
4 7514 7512 2365 7513
4 7058 7514 7513 2444
4 1740 6939 7516 4355
4 6939 1782 7515 7516
4 7516 7515 1710 4951
4 4355 7516 4951 1728
4 732 7517 7518 6612
4 7517 716 3576 7518
4 7518 3576 694 5212
4 6612 7518 5212 782
4 864 5608 7521 7520
4 5608 828 3525 7521
4 7521 3525 788 7519
4 7520 7521 7519 800
4 1408 7522 7524 3421
4 7522 1445 7523 7524
4 7524 7523 1428 3277
4 3421 7524 3277 1350
4 1821 6798 7527 7526
4 6798 1812 7525 7527
4 7527 7525 1860 6524
4 7526 7527 6524 1902
4 1939 7528 7532 7531
4 7528 1957 7529 7532
4 7532 7529 2040 7530
4 7531 7532 7530 2011
4 1954 7533 7535 7534
4 7533 1835 3521 7535
4 7535 3521 1912 5751
4 7534 7535 5751 1871
4 809 7536 7540 7539
4 7536 790 7537 7540
4 7540 7537 754 7538
4 7539 7540 7538 870
4 1933 5895 7543 7542
4 5895 2004 6915 7543
4 7543 6915 1965 7541
4 7542 7543 7541 1890
4 2557 7341 7545 7544
4 7341 2545 6315 7545
4 7545 6315 2413 6927
4 7544 7545 6927 2524
4 869 7546 7549 3194
4 7546 888 7547 7549
4 7549 7547 833 7548
4 3194 7549 7548 799
4 253 252 7551 3857
4 252 251 7550 7551
4 7551 7550 1403 4470
4 3857 7551 4470 2773
4 2189 7552 7556 7555
4 7552 2080 7553 7556
4 7556 7553 2149 7554
4 7555 7556 7554 2259
4 2331 7557 7560 5335
4 7557 2466 7558 7560
4 7560 7558 2598 7559
4 5335 7560 7559 2445
4 2633 7561 7563 3162
4 7561 2601 3226 7563
4 7563 3226 2470 7562
4 3162 7563 7562 2646
4 1496 7564 7565 3593
4 7564 1474 6875 7565
4 7565 6875 1450 6502
4 3593 7565 6502 1469
4 1391 7566 7569 7568
4 7566 1362 7567 7569
4 7569 7567 1423 7433
4 7568 7569 7433 1456
4 2379 7570 7572 7571
4 7570 2257 6778 7572
4 7572 6778 2310 6843
4 7571 7572 6843 2443
4 2139 3875 7576 7575
4 3875 2101 7573 7576
4 7576 7573 2145 7574
4 7575 7576 7574 2148
4 925 7377 7579 2971
4 7377 961 7577 7579
4 7579 7577 986 7578
4 2971 7579 7578 958
4 1617 7580 7583 5312
4 7580 1592 7581 7583
4 7583 7581 1542 7582
4 5312 7583 7582 1594
4 2452 7584 7586 3324
4 7584 2487 7585 7586
4 7586 7585 2324 3230
4 3324 7586 3230 2392
4 2150 6556 7588 6802
4 6556 2196 7497 7588
4 7588 7497 2174 7587
4 6802 7588 7587 2075
4 1134 7589 7593 7592
4 7589 1181 7590 7593
4 7593 7590 1155 7591
4 7592 7593 7591 1127
4 2031 7160 7596 7595
4 7160 1976 7594 7596
4 7596 7594 2039 3395
4 7595 7596 3395 2074
4 771 7597 7600 7372
4 7597 829 7598 7600
4 7600 7598 839 7599
4 7372 7600 7599 806
4 1107 7601 7604 7603
4 7601 1082 7602 7604
4 7604 7602 1029 4938
4 7603 7604 4938 1066
4 1736 5972 7606 5369
4 5972 1803 3791 7606
4 7606 3791 1952 7605
4 5369 7606 7605 1791
4 1255 7607 7610 7609
4 7607 1227 3414 7610
4 7610 3414 1208 7608
4 7609 7610 7608 1272
4 2274 6867 7613 7612
4 6867 2408 7611 7613
4 7613 7611 2505 5146
4 7612 7613 5146 2356
4 1345 6603 7616 7615
4 6603 1335 7102 7616
4 7616 7102 1397 7614
4 7615 7616 7614 1358
4 887 7617 7620 7619
4 7617 864 7520 7620
4 7620 7520 800 7618
4 7619 7620 7618 844
4 2504 7621 7624 7623
4 7621 2627 6973 7624
4 7624 6973 2547 7622
4 7623 7624 7622 2471
4 2530 7625 7627 3177
4 7625 2487 7626 7627
4 7627 7626 2534 4012
4 3177 7627 4012 2474
4 2005 7628 7632 7631
4 7628 1944 7629 7632
4 7632 7629 1895 7630
4 7631 7632 7630 1983
4 2355 3961 7635 7634
4 3961 2233 6260 7635
4 7635 6260 2302 7633
4 7634 7635 7633 2442
4 1704 7636 7638 7637
4 7636 1733 7462 7638
4 7638 7462 1768 6975
4 7637 7638 6975 1743
4 2296 7639 7641 3901
4 7639 2198 7640 7641
4 7641 7640 2260 6712
4 3901 7641 6712 2281
4 2852 7642 7645 7644
4 7642 2060 5844 7645
4 7645 5844 2808 7643
4 7644 7645 7643 2857
4 1680 7646 7650 7649
4 7646 1620 7647 7650
4 7650 7647 1653 7648
4 7649 7650 7648 1721
4 686 7651 7654 5442
4 7651 781 7652 7654
4 7654 7652 726 7653
4 5442 7654 7653 702
4 2035 7219 7657 7656
4 7219 2141 7655 7657
4 7657 7655 2091 7186
4 7656 7657 7186 2000
4 2292 7658 7662 7661
4 7658 2242 7659 7662
4 7662 7659 2357 7660
4 7661 7662 7660 2421
4 981 7663 7666 7665
4 7663 964 3897 7666
4 7666 3897 1055 7664
4 7665 7666 7664 1073
4 2627 7621 7670 7669
4 7621 2504 7667 7670
4 7670 7667 2752 7668
4 7669 7670 7668 2644
4 826 5347 7672 6172
4 5347 902 5427 7672
4 7672 5427 847 7671
4 6172 7672 7671 769
4 1361 6826 7675 7674
4 6826 1319 4480 7675
4 7675 4480 1376 7673
4 7674 7675 7673 1386
4 995 7169 7679 7678
4 7169 920 7676 7679
4 7679 7676 956 7677
4 7678 7679 7677 1093
4 1548 6162 7682 7681
4 6162 1560 7680 7682
4 7682 7680 1536 6987
4 7681 7682 6987 1512
4 645 5228 7684 7243
4 5228 705 7683 7684
4 7684 7683 723 6577
4 7243 7684 6577 676
4 2180 3043 7687 7686
4 3043 2104 6461 7687
4 7687 6461 2236 7685
4 7686 7687 7685 2206
4 2664 7688 7691 7690
4 7688 2463 6950 7691
4 7691 6950 2582 7689
4 7690 7691 7689 2712
4 1175 7692 7695 7353
4 7692 1177 7693 7695
4 7695 7693 1145 7694
4 7353 7695 7694 1139
4 2833 7696 7699 7698
4 7696 2469 6061 7699
4 7699 6061 2709 7697
4 7698 7699 7697 2799
4 1808 3454 7701 4564
4 3454 1889 3743 7701
4 7701 3743 1906 7700
4 4564 7701 7700 1864
4 1499 7702 7705 3215
4 7702 1464 7703 7705
4 7705 7703 1404 7704
4 3215 7705 7704 1443
4 2907 3877 7708 7707
4 3877 2924 7706 7708
4 7708 7706 2904 3838
4 7707 7708 3838 2923
4 807 3135 7710 7709
4 3135 734 6829 7710
4 7710 6829 773 4666
4 7709 7710 4666 849
4 1208 3413 7713 7712
4 3413 1177 7692 7713
4 7713 7692 1175 7711
4 7712 7713 7711 1241
4 1051 6263 7716 5856
4 6263 1010 7714 7716
4 7716 7714 950 7715
4 5856 7716 7715 992
4 1360 7717 7721 7720
4 7717 1388 7718 7721
4 7721 7718 1329 7719
4 7720 7721 7719 1299
4 1927 7722 7724 7440
4 7722 1972 7227 7724
4 7724 7227 1804 7723
4 7440 7724 7723 1873
4 909 4636 7726 5488
4 4636 955 6109 7726
4 7726 6109 877 7725
4 5488 7726 7725 891
4 1881 7344 7728 5626
4 7344 1931 7727 7728
4 7728 7727 1856 6940
4 5626 7728 6940 1810
4 837 7329 7730 6340
4 7329 878 7729 7730
4 7730 7729 815 6374
4 6340 7730 6374 795
4 1416 5771 7733 6177
4 5771 1384 7731 7733
4 7733 7731 1375 7732
4 6177 7733 7732 1378
4 1611 3082 7735 7734
4 3082 1571 3679 7735
4 7735 3679 1591 3159
4 7734 7735 3159 1623
4 2189 7736 7738 7552
4 7736 2250 3887 7738
4 7738 3887 2082 7737
4 7552 7738 7737 2080
4 1747 4740 7739 6553
4 4740 1749 6549 7739
4 7739 6549 1929 3904
4 6553 7739 3904 1949
4 2658 4829 7741 3588
4 4829 940 6522 7741
4 7741 6522 2536 7740
4 3588 7741 7740 2726
4 2679 7742 7744 7743
4 7742 1403 7550 7744
4 7744 7550 251 250
4 7743 7744 250 249
4 924 4820 7747 7746
4 4820 960 3485 7747
4 7747 3485 998 7745
4 7746 7747 7745 944
4 1989 6081 7750 7192
4 6081 1988 7748 7750
4 7750 7748 1955 7749
4 7192 7750 7749 2085
4 2109 6801 7753 7752
4 6801 2058 4725 7753
4 7753 4725 1981 7751
4 7752 7753 7751 2158
4 2070 7472 7755 7167
4 7472 2089 6736 7755
4 7755 6736 2126 7754
4 7167 7755 7754 2166
4 2127 7756 7759 6434
4 7756 2069 7757 7759
4 7759 7757 2164 7758
4 6434 7759 7758 2205
4 1689 7760 7762 6770
4 7760 1738 7761 7762
4 7762 7761 1777 3972
4 6770 7762 3972 1708
4 813 5275 7764 6427
4 5275 927 7763 7764
4 7764 7763 886 5999
4 6427 7764 5999 855
4 2480 6925 7766 7765
4 6925 2370 3467 7766
4 7766 3467 2316 6818
4 7765 7766 6818 2454
4 2369 6791 7768 5118
4 6791 2432 7044 7768
4 7768 7044 1886 7767
4 5118 7768 7767 2298
4 2447 3729 7770 7769
4 3729 2423 4353 7770
4 7770 4353 2503 6868
4 7769 7770 6868 2342
4 1089 4910 7773 7772
4 4910 991 7771 7773
4 7773 7771 1007 5939
4 7772 7773 5939 1048
4 585 5390 7774 4349
4 5390 630 5546 7774
4 7774 5546 697 6653
4 4349 7774 6653 654
4 2030 7165 7777 4402
4 7165 2110 7775 7777
4 7777 7775 2173 7776
4 4402 7777 7776 2088
4 1853 3126 7780 3538
4 3126 1882 7778 7780
4 7780 7778 1840 7779
4 3538 7780 7779 1815
4 2284 6689 7781 6557
4 6689 2348 5321 7781
4 7781 5321 2297 7495
4 6557 7781 7495 2196
4 1973 3013 7784 7783
4 3013 1928 3017 7784
4 7784 3017 2001 7782
4 7783 7784 7782 2056
4 1376 4483 7787 7786
4 4483 1417 7785 7787
4 7787 7785 1443 7704
4 7786 7787 7704 1404
4 1978 5277 7789 5028
4 5277 2048 5875 7789
4 7789 5875 2037 7788
4 5028 7789 7788 2007
4 2292 7661 7791 6169
4 7661 2421 5381 7791
4 7791 5381 2332 7790
4 6169 7791 7790 2291
4 2614 7792 7796 7795
4 7792 2739 7793 7796
4 7796 7793 2690 7794
4 7795 7796 7794 2570
4 2850 7797 7799 6397
4 7797 2538 3152 7799
4 7799 3152 2901 7798
4 6397 7799 7798 2910
4 600 5208 7800 4360
4 5208 631 5467 7800
4 7800 5467 698 6622
4 4360 7800 6622 655
4 2820 3322 7802 7801
4 3322 2725 6905 7802
4 7802 6905 2788 5177
4 7801 7802 5177 2770
4 2630 6233 7806 7805
4 6233 2736 7803 7806
4 7806 7803 2793 7804
4 7805 7806 7804 2745
4 2381 3637 7807 6480
4 3637 2498 5131 7807
4 7807 5131 2442 7633
4 6480 7807 7633 2302
4 2577 7808 7811 7810
4 7808 2727 3117 7811
4 7811 3117 2644 7809
4 7810 7811 7809 2531
4 831 3444 7813 7812
4 3444 680 6181 7813
4 7813 6181 743 7137
4 7812 7813 7137 785
4 1582 7814 7817 7816
4 7814 1544 5142 7817
4 7817 5142 1598 7815
4 7816 7817 7815 1634
4 827 7818 7821 7256
4 7818 781 7819 7821
4 7821 7819 789 7820
4 7256 7821 7820 801
4 781 7651 7823 7819
4 7651 686 5618 7823
4 7823 5618 742 7822
4 7819 7823 7822 789
4 1826 7824 7825 6904
4 7824 1735 5295 7825
4 7825 5295 1789 5178
4 6904 7825 5178 2788
4 2637 2973 7828 7827
4 2973 2558 7826 7828
4 7828 7826 2496 3451
4 7827 7828 3451 2551
4 2649 5472 7831 7222
4 5472 2719 7829 7831
4 7831 7829 2552 7830
4 7222 7831 7830 2678
4 1633 7832 7834 6766
4 7832 1606 6403 7834
4 7834 6403 1621 7833
4 6766 7834 7833 1652
4 2743 2989 7837 7836
4 2989 2714 6672 7837
4 7837 6672 2792 7835
4 7836 7837 7835 2768
4 2134 6035 7839 5914
4 6035 198 199 7839
4 7839 199 200 7838
4 5914 7839 7838 2683
4 1727 7840 7844 7843
4 7840 1675 7841 7844
4 7844 7841 1700 7842
4 7843 7844 7842 1758
4 877 3186 7845 7725
4 3186 850 6753 7845
4 7845 6753 798 5951
4 7725 7845 5951 891
4 2579 4840 7846 3645
4 4840 677 5371 7846
4 7846 5371 2485 5455
4 3645 7846 5455 2676
4 1372 7847 7850 7849
4 7847 1317 7848 7850
4 7850 7848 1342 6991
4 7849 7850 6991 1400
4 2147 7851 7853 6353
4 7851 2221 5333 7853
4 7853 5333 2525 7852
4 6353 7853 7852 2107
4 772 6044 7855 7854
4 6044 633 5157 7855
4 7855 5157 702 7653
4 7854 7855 7653 726
4 833 7856 7858 7548
4 7856 772 7854 7858
4 7858 7854 726 7857
4 7548 7858 7857 799
4 1060 3255 7860 7859
4 3255 1039 4638 7860
4 7860 4638 983 2948
4 7859 7860 2948 1028
4 2003 7861 7865 7864
4 7861 1923 7862 7865
4 7865 7862 1962 7863
4 7864 7865 7863 2042
4 1007 7771 7869 7868
4 7771 991 7866 7869
4 7869 7866 917 7867
4 7868 7869 7867 973
4 1578 7176 7873 7872
4 7176 1600 7870 7873
4 7873 7870 1549 7871
4 7872 7873 7871 1525
4 980 7874 7877 7876
4 7874 1009 6323 7877
4 7877 6323 967 7875
4 7876 7877 7875 908
4 2708 7878 7881 7880
4 7878 2657 7879 7881
4 7881 7879 2547 6972
4 7880 7881 6972 2744
4 703 5652 7884 7273
4 5652 746 7882 7884
4 7884 7882 814 7883
4 7273 7884 7883 763
4 2135 4934 7886 3585
4 4934 1056 5510 7886
4 7886 5510 2072 7885
4 3585 7886 7885 2175
4 1320 5355 7890 7889
4 5355 1306 7887 7890
4 7890 7887 1289 7888
4 7889 7890 7888 1318
4 249 248 7893 7743
4 248 247 7891 7893
4 7893 7891 2254 7892
4 7743 7893 7892 2679
4 609 5231 7894 4418
4 5231 629 5213 7894
4 7894 5213 694 3575
4 4418 7894 3575 650
4 588 5158 7895 4421
4 5158 633 6047 7895
4 7895 6047 681 3497
4 4421 7895 3497 648
4 1113 6296 7897 6308
4 6296 1185 6582 7897
4 7897 6582 1147 7896
4 6308 7897 7896 1096
4 2306 7898 7901 7900
4 7898 2449 7899 7901
4 7901 7899 2350 3862
4 7900 7901 3862 2225
4 1940 7902 7905 7904
4 7902 1985 3130 7905
4 7905 3130 1854 7903
4 7904 7905 7903 1890
4 712 5460 7908 4292
4 5460 740 7906 7908
4 7908 7906 817 7907
4 4292 7908 7907 766
4 2074 7909 7912 7595
4 7909 2161 7910 7912
4 7912 7910 2125 7911
4 7595 7912 7911 2031
4 2601 7913 7915 3227
4 7913 2482 7914 7915
4 7915 7914 2275 3329
4 3227 7915 3329 2430
4 1896 5624 7917 7310
4 5624 1872 3346 7917
4 7917 3346 1798 7916
4 7310 7917 7916 1848
4 751 4293 7920 7919
4 4293 766 7918 7920
4 7920 7918 800 7519
4 7919 7920 7519 788
4 766 7907 7922 7918
4 7907 817 7921 7922
4 7922 7921 844 7618
4 7918 7922 7618 800
4 2428 7923 7926 7408
4 7923 2344 7924 7926
4 7926 7924 2373 7925
4 7408 7926 7925 2434
4 1626 3821 7928 7206
4 3821 1596 7927 7928
4 7928 7927 1567 3631
4 7206 7928 3631 1614
4 1875 7929 7931 4963
4 7929 1770 7226 7931
4 7931 7226 1844 7930
4 4963 7931 7930 2050
4 885 4622 7934 7933
4 4622 913 7932 7934
4 7934 7932 807 7709
4 7933 7934 7709 849
4 886 7763 7938 7937
4 7763 927 7935 7938
4 7938 7935 951 7936
4 7937 7938 7936 908
4 1802 6486 7939 7456
4 6486 1734 5258 7939
4 7939 5258 1864 7700
4 7456 7939 7700 1906
4 1065 7940 7944 7943
4 7940 1054 7941 7944
4 7944 7941 1087 7942
4 7943 7944 7942 1109
4 586 5172 7945 4461
4 5172 632 6182 7945
4 7945 6182 680 3443
4 4461 7945 3443 646
4 1551 7946 7949 3389
4 7946 1498 7947 7949
4 7949 7947 1530 7948
4 3389 7949 7948 1575
4 599 6120 7950 4415
4 6120 737 6310 7950
4 7950 6310 675 6190
4 4415 7950 6190 652
4 1588 7951 7953 5325
4 7951 1659 6768 7953
4 7953 6768 1669 7952
4 5325 7953 7952 1641
4 2539 7954 7957 5722
4 7954 2634 7955 7957
4 7957 7955 2544 7956
4 5722 7957 7956 2393
4 582 6686 7958 4411
4 6686 736 6171 7958
4 7958 6171 682 6121
4 4411 7958 6121 653
4 1679 7959 7961 7960
4 7959 1704 7637 7961
4 7961 7637 1743 3033
4 7960 7961 3033 1705
4 2314 6956 7964 7963
4 6956 2287 3835 7964
4 7964 3835 2682 7962
4 7963 7964 7962 2193
4 1329 7718 7965 4266
4 7718 1388 3419 7965
4 7965 3419 1350 3276
4 4266 7965 3276 1300
4 2557 7544 7967 7966
4 7544 2524 3196 7967
4 7967 3196 2402 6515
4 7966 7967 6515 2639
4 1579 7968 7970 6146
4 7968 1552 7969 7970
4 7970 7969 1606 7832
4 6146 7970 7832 1633
4 821 7971 7973 7972
4 7971 759 4561 7973
4 7973 4561 841 3048
4 7972 7973 3048 857
4 1062 7974 7977 7976
4 7974 981 7665 7977
4 7977 7665 1073 7975
4 7976 7977 7975 1108
4 2141 6598 7979 7655
4 6598 2263 7978 7979
4 7979 7978 2121 6559
4 7655 7979 6559 2091
4 1951 7980 7982 7981
4 7980 1940 3102 7982
4 7982 3102 1955 7748
4 7981 7982 7748 1988
4 1497 6898 7983 4550
4 6898 1470 6911 7983
4 7983 6911 1448 5605
4 4550 7983 5605 1481
4 1256 4380 7985 7984
4 4380 1190 6873 7985
4 7985 6873 1153 6695
4 7984 7985 6695 1213
4 722 5465 7986 5439
4 5465 778 6428 7986
4 7986 6428 855 5998
4 5439 7986 5998 796
4 2895 3666 7988 7987
4 3666 2809 3296 7988
4 7988 3296 2866 6447
4 7987 7988 6447 2806
4 2133 7989 7991 7990
4 7989 2918 3286 7991
4 7991 3286 2896 3307
4 7990 7991 3307 2887
4 1763 5074 7993 6009
4 5074 1746 7992 7993
4 7993 7992 1780 6003
4 6009 7993 6003 1836
4 2029 7994 7998 7997
4 7994 2093 7995 7998
4 7998 7995 1991 7996
4 7997 7998 7996 2002
4 1507 7999 8001 8000
4 7999 1520 5910 8001
4 8001 5910 1531 5374
4 8000 8001 5374 1476
4 2370 6924 8005 8004
4 6924 2431 8002 8005
4 8005 8002 2279 8003
4 8004 8005 8003 2266
4 2014 8006 8009 8008
4 8006 2111 7241 8009
4 8009 7241 2527 8007
4 8008 8009 8007 2098
4 2234 8010 8013 8012
4 8010 2195 8011 8013
4 8013 8011 2207 5531
4 8012 8013 5531 2307
4 1258 8014 8018 8017
4 8014 1194 8015 8018
4 8018 8015 1199 8016
4 8017 8018 8016 1288
4 1485 8019 8020 3691
4 8019 1528 3557 8020
4 8020 3557 1502 5504
4 3691 8020 5504 1457
4 2489 6493 8022 3513
4 6493 2399 3980 8022
4 8022 3980 2554 8021
4 3513 8022 8021 2642
4 874 8023 8025 7170
4 8023 869 3193 8025
4 8025 3193 840 8024
4 7170 8025 8024 920
4 769 8026 8027 6173
4 8026 810 6311 8027
4 8027 6311 737 6122
4 6173 8027 6122 682
4 888 8028 8032 8031
4 8028 929 8029 8032
4 8032 8029 950 8030
4 8031 8032 8030 836
4 2265 8033 8037 8036
4 8033 2383 8034 8037
4 8037 8034 2306 8035
4 8036 8037 8035 2215
4 815 7729 8039 7292
4 7729 878 8038 8039
4 8039 8038 933 3405
4 7292 8039 3405 853
4 2613 8040 8044 8043
4 8040 2560 8041 8044
4 8044 8041 2748 8042
4 8043 8044 8042 2698
4 1266 8045 8046 4265
4 8045 1285 7386 8046
4 8046 7386 1299 7719
4 4265 8046 7719 1329
4 1442 7013 8050 8049
4 7013 1411 8047 8050
4 8050 8047 1478 8048
4 8049 8050 8048 1503
4 1317 3148 8051 7848
4 3148 1258 8017 8051
4 8051 8017 1288 5756
4 7848 8051 5756 1342
4 1005 7418 8054 8053
4 7418 1013 3846 8054
4 8054 3846 932 8052
4 8053 8054 8052 943
4 906 5422 8055 6236
4 5422 952 5433 8055
4 8055 5433 931 6272
4 6236 8055 6272 881
4 1394 8056 8059 8058
4 8056 1457 5503 8059
4 8059 5503 1425 8057
4 8058 8059 8057 1364
4 637 4273 8061 4796
4 4273 730 6932 8061
4 8061 6932 692 8060
4 4796 8061 8060 647
4 767 5610 8062 6878
4 5610 846 5952 8062
4 8062 5952 798 6752
4 6878 8062 6752 721
4 2493 8063 8065 5383
4 8063 2711 8064 8065
4 8065 8064 2672 3208
4 5383 8065 3208 2563
4 2440 5956 8068 8067
4 5956 299 298 8068
4 8068 298 297 8066
4 8067 8068 8066 2680
4 1689 8069 8071 7760
4 8069 1672 5861 8071
4 8071 5861 1701 8070
4 7760 8071 8070 1738
4 1832 5654 8072 3480
4 5654 1699 6506 8072
4 8072 6506 1770 7929
4 3480 8072 7929 1875
4 2614 8073 8076 8075
4 8073 2550 5766 8076
4 8076 5766 2648 8074
4 8075 8076 8074 2700
4 1331 5630 8078 7031
4 5630 1270 5764 8078
4 8078 5764 1297 8077
4 7031 8078 8077 1369
4 1558 8079 8083 8082
4 8079 1461 8080 8083
4 8083 8080 1445 8081
4 8082 8083 8081 1483
4 2819 8084 8087 3000
4 8084 2844 8085 8087
4 8087 8085 2837 8086
4 3000 8087 8086 2756
4 752 4338 8090 8089
4 4338 768 8088 8090
4 8090 8088 801 7820
4 8089 8090 7820 789
4 2325 8091 8093 3040
4 8091 2229 8092 8093
4 8093 8092 2343 3907
4 3040 8093 3907 2461
4 1831 5566 8095 8094
4 5566 1698 6552 8095
4 8095 6552 1769 7230
4 8094 8095 7230 1874
4 2023 3217 8097 3090
4 3217 1948 8096 8097
4 8097 8096 1973 7783
4 3090 8097 7783 2056
4 1013 7420 8099 3847
4 7420 1050 8098 8099
4 8099 8098 984 4624
4 3847 8099 4624 972
4 2314 7963 8103 8102
4 7963 2193 8100 8103
4 8103 8100 2209 8101
4 8102 8103 8101 2223
4 2633 8104 8105 7561
4 8104 2556 6514 8105
4 8105 6514 2482 7913
4 7561 8105 7913 2601
4 861 5671 8107 6289
4 5671 880 8106 8107
4 8107 8106 936 7041
4 6289 8107 7041 832
4 1014 4280 8108 5435
4 4280 1090 5923 8108
4 8108 5923 918 5425
4 5435 8108 5425 971
4 941 8109 8112 7486
4 8109 969 8110 8112
4 8112 8110 988 8111
4 7486 8112 8111 1045
4 1023 7478 8113 7025
4 7478 1078 5946 8113
4 8113 5946 979 7475
4 7025 8113 7475 997
4 2548 8114 8116 8115
4 8114 2646 7562 8116
4 8116 7562 2470 7412
4 8115 8116 7412 2401
4 1666 8117 8120 8119
4 8117 1607 8118 8120
4 8120 8118 1620 7646
4 8119 8120 7646 1680
4 1164 8121 8124 8123
4 8121 1177 3415 8124
4 8124 3415 1227 8122
4 8123 8124 8122 1169
4 2491 6959 8125 7043
4 6959 2651 3816 8125
4 8125 3816 2571 5815
4 7043 8125 5815 2587
4 2834 8126 8128 8127
4 8126 2628 6348 8128
4 8128 6348 2716 2939
4 8127 8128 2939 2871
4 1070 8129 8130 7362
4 8129 1040 2944 8130
4 8130 2944 1026 3293
4 7362 8130 3293 1112
4 957 6882 8131 7331
4 6882 1006 6532 8131
4 8131 6532 933 8038
4 7331 8131 8038 878
4 1993 7405 8134 8133
4 7405 1943 8132 8134
4 8134 8132 1964 7261
4 8133 8134 7261 2034
4 789 7822 8136 8089
4 7822 742 5188 8136
4 8136 5188 687 8135
4 8089 8136 8135 752
4 2329 8137 8139 8138
4 8137 2222 7457 8139
4 8139 7457 2315 5343
4 8138 8139 5343 2422
4 1644 3822 8141 8140
4 3822 1626 7205 8141
4 8141 7205 1653 7647
4 8140 8141 7647 1620
4 1059 8142 8144 3121
4 8142 1131 8143 8144
4 8144 8143 1139 7694
4 3121 8144 7694 1145
4 2493 8145 8146 8063
4 8145 2464 3150 8146
4 8146 3150 2538 4041
4 8063 8146 4041 2711
4 2730 5165 8147 5379
4 5165 1290 3915 8147
4 8147 3915 2643 5666
4 5379 8147 5666 2789
4 1359 5400 8148 7320
4 5400 1422 6895 8148
4 8148 6895 1392 5429
4 7320 8148 5429 1322
4 2087 8149 8153 8152
4 8149 2028 8150 8153
4 8153 8150 2119 8151
4 8152 8153 8151 2144
4 607 5234 8155 4431
4 5234 710 8154 8155
4 8155 8154 704 6362
4 4431 8155 6362 649
4 1235 8156 8159 8158
4 8156 1289 7887 8159
4 8159 7887 1306 8157
4 8158 8159 8157 1343
4 2560 8040 8162 3312
4 8040 2613 8160 8162
4 8162 8160 2466 8161
4 3312 8162 8161 2420
4 2289 8163 8165 3476
4 8163 2189 7555 8165
4 8165 7555 2259 8164
4 3476 8165 8164 2376
4 1465 8166 8168 6468
4 8166 1495 8167 8168
4 8168 8167 1482 5586
4 6468 8168 5586 1447
4 1670 3160 8170 3210
4 3160 1591 5571 8170
4 8170 5571 1618 8169
4 3210 8170 8169 1694
4 2354 3851 8174 8173
4 3851 2317 8171 8174
4 8174 8171 2183 8172
4 8173 8174 8172 2271
4 862 4667 8177 8176
4 4667 823 5781 8177
4 8177 5781 774 8175
4 8176 8177 8175 811
4 730 4272 8179 6933
4 4272 784 8178 8179
4 8179 8178 811 8175
4 6933 8179 8175 774
4 757 8180 8181 6313
4 8180 816 5521 8181
4 8181 5521 738 6191
4 6313 8181 6191 675
4 844 8182 8183 7619
4 8182 889 7378 8183
4 8183 7378 925 2970
4 7619 8183 2970 887
4 1932 5650 8185 7185
4 5650 792 4128 8185
4 8185 4128 1975 8184
4 7185 8185 8184 2000
4 2094 6608 8186 3427
4 6608 2036 7199 8186
4 8186 7199 1920 7312
4 3427 8186 7312 1883
4 1130 8187 8190 8189
4 8187 1060 7859 8190
4 8190 7859 1028 8188
4 8189 8190 8188 1065
4 788 3524 8192 7919
4 3524 741 5200 8192
4 8192 5200 685 8191
4 7919 8192 8191 751
4 728 4970 8193 6530
4 4970 761 5365 8193
4 8193 5365 808 3458
4 6530 8193 3458 775
4 959 6238 8195 8194
4 6238 899 7337 8195
4 8195 7337 838 6568
4 8194 8195 6568 923
4 2084 6086 8198 5877
4 6086 2163 8196 8198
4 8198 8196 2214 8197
4 5877 8198 8197 2130
4 1366 8199 8202 8201
4 8199 1336 8200 8202
4 8202 8200 1389 7011
4 8201 8202 7011 1424
4 2217 8203 8205 8204
4 8203 2179 3422 8205
4 8205 3422 2158 7751
4 8204 8205 7751 1981
4 605 6189 8206 4425
4 6189 738 5522 8206
4 8206 5522 699 6345
4 4425 8206 6345 651
4 2243 6054 8208 8207
4 6054 2195 8010 8208
4 8208 8010 2234 7511
4 8207 8208 7511 2295
4 696 7270 8209 4812
4 7270 831 7812 8209
4 8209 7812 785 6372
4 4812 8209 6372 719
4 2505 7611 8211 3782
4 7611 2408 8210 8211
4 8211 8210 2446 3182
4 3782 8211 3182 2578
4 1799 8212 8213 6008
4 8212 1857 3331 8213
4 8213 3331 1781 5075
4 6008 8213 5075 1763
4 1588 8214 8216 7951
4 8214 1619 5048 8216
4 8216 5048 1648 8215
4 7951 8216 8215 1659
4 2479 8217 8220 8219
4 8217 2403 8218 8220
4 8220 8218 2431 6923
4 8219 8220 6923 2564
4 1764 5851 8223 8222
4 5851 1816 8221 8223
4 8223 8221 1848 7916
4 8222 8223 7916 1798
4 1347 3115 8225 8224
4 3115 1263 3149 8225
4 8225 3149 1317 7847
4 8224 8225 7847 1372
4 1429 7196 8228 2998
4 7196 1383 8226 8228
4 8228 8226 1455 8227
4 2998 8228 8227 1475
4 1529 8229 8232 3723
4 8229 1558 8230 8232
4 8232 8230 1510 8231
4 3723 8232 8231 1586
4 2509 5462 8234 5330
4 5462 1924 8233 8234
4 8234 8233 2424 3682
4 5330 8234 3682 2599
4 1054 3357 8236 7941
4 3357 986 8235 8236
4 8236 8235 1033 3305
4 7941 8236 3305 1087
4 2065 6275 8240 8239
4 6275 2155 8237 8240
4 8240 8237 2218 8238
4 8239 8240 8238 2264
4 1678 6564 8243 8242
4 6564 1718 8241 8243
4 8243 8241 1658 7178
4 8242 8243 7178 1627
4 2466 8160 8245 7558
4 8160 2613 8244 8245
4 8245 8244 2650 3828
4 7558 8245 3828 2598
4 1517 8246 8248 8247
4 8246 1548 7681 8248
4 8248 7681 1512 4495
4 8247 8248 4495 1493
4 1498 8249 8251 7947
4 8249 1487 3660 8251
4 8251 3660 1472 8250
4 7947 8251 8250 1530
4 2396 8252 8254 5601
4 8252 2569 8253 8254
4 8254 8253 2540 3279
4 5601 8254 3279 2494
4 2784 8255 8256 6760
4 8255 2876 3429 8256
4 8256 3429 2817 7153
4 6760 8256 7153 2830
4 2879 8257 8261 8260
4 8257 2903 8258 8261
4 8261 8258 2757 8259
4 8260 8261 8259 2838
4 1120 6331 8263 8262
4 6331 1172 4976 8263
4 8263 4976 1216 6474
4 8262 8263 6474 1146
4 1939 8264 8267 8266
4 8264 1954 7534 8267
4 8267 7534 1871 8265
4 8266 8267 8265 1884
4 874 4642 8268 8023
4 4642 929 8028 8268
4 8268 8028 888 7546
4 8023 8268 7546 869
4 1111 8269 8272 8271
4 8269 1066 4937 8272
4 8272 4937 1037 8270
4 8271 8272 8270 1031
4 2063 3069 8275 3092
4 3069 2108 8273 8275
4 8275 8273 2079 8274
4 3092 8275 8274 2023
4 1181 7589 8278 8277
4 7589 1134 8276 8278
4 8278 8276 1166 3261
4 8277 8278 3261 1197
4 1552 8279 8280 7969
4 8279 1523 3550 8280
4 8280 3550 1573 6401
4 7969 8280 6401 1606
4 2577 7810 8282 8281
4 7810 2531 2956 8282
4 8282 2956 2412 3824
4 8281 8282 3824 2635
4 642 6832 8283 5641
4 6832 715 4335 8283
4 8283 4335 752 8135
4 5641 8283 8135 687
4 2349 4187 8286 8285
4 4187 34 35 8286
4 8286 35 36 8284
4 8285 8286 8284 2920
4 1136 8287 8290 8289
4 8287 1098 8288 8290
4 8290 8288 1082 7601
4 8289 8290 7601 1107
4 2738 8291 8293 8292
4 8291 2632 3253 8293
4 8293 3253 1 413
4 8292 8293 413 2
4 2097 3840 8296 5818
4 3840 2068 8294 8296
4 8296 8294 2117 8295
4 5818 8296 8295 2078
4 851 8297 8301 8300
4 8297 860 8298 8301
4 8301 8298 814 8299
4 8300 8301 8299 762
4 746 5539 8303 7882
4 5539 678 8302 8303
4 8303 8302 762 8299
4 7882 8303 8299 814
4 2008 8304 8306 8305
4 8304 2086 6355 8306
4 8306 6355 2046 6755
4 8305 8306 6755 1971
4 2866 3295 8309 6444
4 3295 2751 8307 8309
4 8309 8307 2872 8308
4 6444 8309 8308 2836
4 879 3221 8312 8311
4 3221 903 8310 8312
4 8312 8310 912 7314
4 8311 8312 7314 953
4 1733 8313 8316 7463
4 8313 1711 8314 8316
4 8316 8314 1793 8315
4 7463 8316 8315 1819
4 1833 8317 8319 8318
4 8317 1903 7284 8319
4 8319 7284 1841 4389
4 8318 8319 4389 1766
4 1525 7871 8322 8321
4 7871 1549 8320 8322
4 8322 8320 1503 8048
4 8321 8322 8048 1478
4 1616 3686 8323 6017
4 3686 2806 6446 8323
4 8323 6446 2793 7803
4 6017 8323 7803 2736
4 2464 8145 8325 8324
4 8145 2493 5382 8325
4 8325 5382 2421 7660
4 8324 8325 7660 2357
4 1360 7092 8327 7717
4 7092 1458 6572 8327
4 8327 6572 1414 8326
4 7717 8327 8326 1388
4 2187 8328 8331 3138
4 8328 2177 8329 8331
4 8331 8329 2220 8330
4 3138 8331 8330 2230
4 1798 3345 8332 8222
4 3345 1783 7217 8332
4 8332 7217 1731 6845
4 8222 8332 6845 1764
4 2179 8203 8333 7277
4 8203 2217 7036 8333
4 8333 7036 1959 3388
4 7277 8333 3388 2116
4 1071 6291 8336 8335
4 6291 1158 8334 8336
4 8336 8334 1124 3124
4 8335 8336 3124 1036
4 641 6834 8337 5683
4 6834 713 4290 8337
4 8337 4290 751 8191
4 5683 8337 8191 685
4 893 8338 8339 5732
4 8338 917 7866 8339
4 8339 7866 991 4909
4 5732 8339 4909 962
4 1194 8014 8342 8341
4 8014 1258 8340 8342
4 8342 8340 1225 3271
4 8341 8342 3271 1161
4 1041 6254 8344 6984
4 6254 1114 6292 8344
4 8344 6292 1071 8343
4 6984 8344 8343 989
4 2482 6513 8345 7914
4 6513 2402 3195 8345
4 8345 3195 2363 5692
4 7914 8345 5692 2275
4 1991 5279 8346 7996
4 5279 1922 7286 8346
4 8346 7286 1967 7144
4 7996 8346 7144 2002
4 1887 3655 8348 6391
4 3655 2058 6800 8348
4 8348 6800 2075 8347
4 6391 8348 8347 2138
4 2810 8349 8352 8351
4 8349 1958 5559 8352
4 8352 5559 2776 8350
4 8351 8352 8350 2838
4 1833 8353 8355 8317
4 8353 1790 6440 8355
4 8355 6440 1861 8354
4 8317 8355 8354 1903
4 2285 8356 8359 8358
4 8356 2265 3741 8359
4 8359 3741 2192 8357
4 8358 8359 8357 2368
4 1304 5288 8362 8361
4 5288 1264 7259 8362
4 8362 7259 1330 8360
4 8361 8362 8360 1324
4 1944 8363 8365 7629
4 8363 1870 8364 8365
4 8365 8364 1851 3355
4 7629 8365 3355 1895
4 1156 6420 8367 8366
4 6420 1075 6644 8367
4 8367 6644 1119 3583
4 8366 8367 3583 1195
4 1797 8368 8370 7424
4 8368 1741 8369 8370
4 8370 8369 1705 3035
4 7424 8370 3035 1950
4 2299 4147 8373 8372
4 4147 1879 6777 8373
4 8373 6777 2257 8371
4 8372 8373 8371 2341
4 917 8338 8375 8374
4 8338 893 6782 8375
4 8375 6782 863 5265
4 8374 8375 5265 812
4 1286 3435 8377 4520
4 3435 1224 8376 8377
4 8377 8376 1242 7307
4 4520 8377 7307 1268
4 2224 3704 8379 6692
4 3704 2203 6586 8379
4 8379 6586 2211 8378
4 6692 8379 8378 2201
4 2473 5872 8380 3340
4 5872 2355 7634 8380
4 8380 7634 2442 5130
4 3340 8380 5130 2593
4 1485 7122 8382 8019
4 7122 1441 7016 8382
4 8382 7016 1501 8381
4 8019 8382 8381 1528
4 1313 3603 8384 8383
4 3603 1271 3269 8384
4 8384 3269 1336 8199
4 8383 8384 8199 1366
4 731 8385 8386 3491
4 8385 678 5538 8386
4 8386 5538 658 4238
4 3491 8386 4238 587
4 928 7210 8387 7322
4 7210 968 4529 8387
4 8387 4529 912 8310
4 7322 8387 8310 903
4 2887 8388 8390 8389
4 8388 2860 4019 8390
4 8390 4019 2877 4004
4 8389 8390 4004 2902
4 671 4117 8391 7086
4 4117 627 5225 8391
4 8391 5225 647 8060
4 7086 8391 8060 692
4 2165 5689 8394 8393
4 5689 2245 6215 8394
4 8394 6215 2184 8392
4 8393 8394 8392 2146
4 948 6706 8396 6983
4 6706 884 7038 8396
4 8396 7038 936 8395
4 6983 8396 8395 1011
4 1519 6256 8397 6900
4 6256 1569 5830 8397
4 8397 5830 1545 3249
4 6900 8397 3249 1526
4 2038 5896 8400 8399
4 5896 1969 8398 8400
4 8400 8398 2007 7788
4 8399 8400 7788 2037
4 2061 6995 8401 7214
4 6995 2165 8393 8401
4 8401 8393 2146 3431
4 7214 8401 3431 2129
4 2447 7769 8403 7240
4 7769 2342 5805 8403
4 8403 5805 2170 8402
4 7240 8403 8402 2527
4 2552 7829 8406 6141
4 7829 2719 8404 8406
4 8406 8404 2616 8405
4 6141 8406 8405 2467
4 1721 7648 8408 3758
4 7648 1653 7207 8408
4 8408 7207 1688 8407
4 3758 8408 8407 1712
4 1665 7422 8410 8409
4 7422 1685 5846 8410
4 8410 5846 1622 5016
4 8409 8410 5016 1635
4 958 8411 8413 2972
4 8411 945 5486 8413
4 8413 5486 922 8412
4 2972 8413 8412 887
4 982 8414 8417 8416
4 8414 1068 3303 8417
4 8417 3303 1033 8415
4 8416 8417 8415 910
4 2341 8371 8419 8418
4 8371 2257 7570 8419
4 8419 7570 2379 4736
4 8418 8419 4736 2411
4 2203 3706 8421 6584
4 3706 2323 8420 8421
4 8421 8420 2259 7554
4 6584 8421 7554 2149
4 810 3737 8423 6312
4 3737 898 8422 8423
4 8423 8422 834 3770
4 6312 8423 3770 757
4 2463 7688 8425 8424
4 7688 2664 7502 8425
4 8425 7502 2611 6944
4 8424 8425 6944 2592
4 1792 8426 8428 7397
4 8426 1758 8427 8428
4 8428 8427 1772 3536
4 7397 8428 3536 1815
4 2758 3099 8430 7104
4 3099 2865 6124 8430
4 8430 6124 2832 8429
4 7104 8430 8429 2803
4 1502 3559 8432 5505
4 3559 1553 6187 8432
4 8432 6187 1532 8431
4 5505 8432 8431 1477
4 1383 8433 8436 8226
4 8433 1355 8434 8436
4 8436 8434 1419 8435
4 8226 8436 8435 1455
4 1218 7007 8439 8438
4 7007 1223 3606 8439
4 8439 3606 1143 8437
4 8438 8439 8437 1168
4 1494 5375 8440 4553
4 5375 1550 6257 8440
4 8440 6257 1519 6899
4 4553 8440 6899 1497
4 1955 3104 8443 7749
4 3104 2021 8441 8443
4 8443 8441 2053 8442
4 7749 8443 8442 2085
4 2766 8444 8447 8446
4 8444 2816 6680 8447
4 8447 6680 2767 8445
4 8446 8447 8445 2712
4 1286 4523 8449 3436
4 4523 1338 6858 8449
4 8449 6858 1314 8448
4 3436 8449 8448 1232
4 1145 7693 8451 3122
4 7693 1177 8121 8451
4 8451 8121 1164 8450
4 3122 8451 8450 1111
4 2778 5967 8452 5665
4 5967 2802 3683 8452
4 8452 3683 2779 5377
4 5665 8452 5377 2789
4 1261 7029 8455 5763
4 7029 1371 8453 8455
4 8455 8453 1343 8454
4 5763 8455 8454 1297
4 1035 5944 8457 8456
4 5944 1115 5250 8457
4 8457 5250 1069 2952
4 8456 8457 2952 988
4 1315 4473 8458 7088
4 4473 1256 7984 8458
4 8458 7984 1213 6423
4 7088 8458 6423 1276
4 1596 3097 8461 7927
4 3097 1490 8459 8461
4 8461 8459 1556 8460
4 7927 8461 8460 1567
4 1837 3929 8463 8462
4 3929 1796 3855 8463
4 8463 3855 1741 8368
4 8462 8463 8368 1797
4 273 8464 8466 274
4 8464 2133 8465 8466
4 8466 8465 2870 7004
4 274 8466 7004 275
4 695 7305 8467 4874
4 7305 830 7499 8467
4 8467 7499 786 7127
4 4874 8467 7127 747
4 966 3085 8469 3641
4 3085 904 8468 8469
4 8469 8468 879 8311
4 3641 8469 8311 953
4 1192 8470 8472 3882
4 8470 1206 8471 8472
4 8472 8471 1195 3582
4 3882 8472 3582 1160
4 1717 8473 8475 5795
4 8473 1702 6638 8475
4 8475 6638 1737 8474
4 5795 8475 8474 1787
4 990 8476 8480 8479
4 8476 943 8477 8480
4 8480 8477 914 8478
4 8479 8480 8478 977
4 983 4637 8482 2946
4 4637 909 5487 8482
4 8482 5487 945 8481
4 2946 8482 8481 1021
4 2180 8483 8485 3044
4 8483 2119 8150 8485
4 8485 8150 2028 8484
4 3044 8485 8484 2077
4 1507 7434 8487 7999
4 7434 1482 8167 8487
4 8487 8167 1495 8486
4 7999 8487 8486 1520
4 1936 5025 8489 8488
4 5025 2007 8398 8489
4 8489 8398 1969 5783
4 8488 8489 5783 1900
4 2405 5879 8493 8492
4 5879 2437 8490 8493
4 8493 8490 2278 8491
4 8492 8493 8491 2371
4 2642 8021 8496 8495
4 8021 2554 3861 8496
4 8496 3861 2749 8494
4 8495 8496 8494 2750
4 1305 8497 8500 8499
4 8497 1241 8498 8500
4 8500 8498 1273 4235
4 8499 8500 4235 1327
4 1321 3466 8502 6230
4 3466 1394 8058 8502
4 8502 8058 1364 8501
4 6230 8502 8501 1295
4 1026 8503 8505 3291
4 8503 1019 8504 8505
4 8505 8504 1049 6394
4 3291 8505 6394 1061
4 2068 3839 8507 8506
4 3839 1993 8133 8507
4 8507 8133 2034 6267
4 8506 8507 6267 2137
4 1330 7258 8510 8509
4 7258 1291 6827 8510
4 8510 6827 1361 8508
4 8509 8510 8508 1355
4 1163 6293 8511 7402
4 6293 1114 6253 8511
4 8511 6253 1103 3185
4 7402 8511 3185 1260
4 2777 8512 8514 6386
4 8512 2698 3889 8514
4 8514 3889 2846 8513
4 6386 8514 8513 2805
4 1584 8515 8518 5569
4 8515 1562 8516 8518
4 8518 8516 1564 8517
4 5569 8518 8517 1595
4 2840 6399 8521 5966
4 6399 2880 8519 8521
4 8521 8519 2853 8520
4 5966 8521 8520 2802
4 1522 3243 8523 4770
4 3243 1484 6574 8523
4 8523 6574 1506 8522
4 4770 8523 8522 1468
4 2417 8524 8528 8527
4 8524 2460 8525 8528
4 8528 8525 2347 8526
4 8527 8528 8526 2492
4 2178 3742 8530 6266
4 3742 2265 8036 8530
4 8530 8036 2215 8529
4 6266 8530 8529 2137
4 2555 8531 8533 8532
4 8531 2692 3238 8533
4 8533 3238 2511 7326
4 8532 8533 7326 2523
4 930 5777 8535 5832
4 5777 871 3771 8535
4 8535 3771 834 8534
4 5832 8535 8534 872
4 871 5776 8536 3772
4 5776 897 5184 8536
4 8536 5184 816 8180
4 3772 8536 8180 757
4 2201 8537 8538 6693
4 8537 1960 5397 8538
4 8538 5397 2256 5657
4 6693 8538 5657 2320
4 610 4648 8539 4404
4 4648 635 5134 8539
4 8539 5134 683 6687
4 4404 8539 6687 656
4 1857 8540 8542 3332
4 8540 1928 3012 8542
4 8542 3012 1892 8541
4 3332 8542 8541 1814
4 1963 8543 8545 8544
4 8543 1931 7343 8545
4 8545 7343 2006 2963
4 8544 8545 2963 2039
4 1568 8546 8548 7000
4 8546 1637 8547 8548
4 8548 8547 1613 3597
4 7000 8548 3597 1543
4 1508 6467 8552 8551
4 6467 1406 8549 8552
4 8552 8549 1454 8550
4 8551 8552 8550 1471
4 1217 7403 8555 8554
4 7403 1260 3184 8555
4 8555 3184 1137 8553
4 8554 8555 8553 1173
4 2619 3806 8559 8558
4 3806 2811 8556 8559
4 8559 8556 2762 8557
4 8558 8559 8557 2701
4 1308 5615 8562 8561
4 5615 1252 8560 8562
4 8562 8560 1282 6604
4 8561 8562 6604 1345
4 1517 8563 8567 8566
4 8563 1638 8564 8567
4 8567 8564 1602 8565
4 8566 8567 8565 1566
4 1419 8568 8571 8570
4 8568 1386 8569 8571
4 8571 8569 1451 3530
4 8570 8571 3530 1480
4 1629 8572 8574 8573
4 8572 1697 3343 8574
4 8574 3343 1647 3258
4 8573 8574 3258 1673
4 1473 8575 8578 8577
4 8575 1535 8576 8578
4 8578 8576 1513 3579
4 8577 8578 3579 1439
4 1464 8579 8581 7703
4 8579 1505 3531 8581
4 8581 3531 1451 8580
4 7703 8581 8580 1404
4 2074 3397 8584 7909
4 3397 2096 8582 8584
4 8584 8582 2103 8583
4 7909 8584 8583 2161
4 1863 4512 8587 8586
4 4512 1775 8585 8587
4 8587 8585 1910 4726
4 8586 8587 4726 2022
4 1667 8588 8590 8589
4 8588 1716 2985 8590
4 8590 2985 1678 8242
4 8589 8590 8242 1627
4 1375 8591 8594 8593
4 8591 1320 7889 8594
4 8594 7889 1318 8592
4 8593 8594 8592 1326
4 799 7857 8596 8595
4 7857 726 7652 8596
4 8596 7652 781 7818
4 8595 8596 7818 827
4 840 3192 8598 8597
4 3192 799 8595 8598
4 8598 8595 827 7255
4 8597 8598 7255 976
4 1300 8599 8602 4263
4 8599 1328 8600 8602
4 8602 8600 1269 8601
4 4263 8602 8601 1243
4 1294 5801 8604 8603
4 5801 1234 6107 8604
4 8604 6107 1287 3763
4 8603 8604 3763 1304
4 1750 7267 8607 8606
4 7267 1825 6004 8607
4 8607 6004 1780 8605
4 8606 8607 8605 1706
4 2323 8608 8609 8420
4 8608 2453 2935 8609
4 8609 2935 2376 8164
4 8420 8609 8164 2259
4 2419 8610 8612 8611
4 8610 2514 3298 8612
4 8612 3298 2335 7113
4 8611 8612 7113 2384
4 2639 8613 8615 7966
4 8613 2634 8614 8615
4 8615 8614 2741 2950
4 7966 8615 2950 2557
4 2645 8616 8620 8619
4 8616 2722 8617 8620
4 8620 8617 2640 8618
4 8619 8620 8618 2479
4 2898 5899 8621 7067
4 5899 2060 7642 8621
4 8621 7642 2852 6669
4 7067 8621 6669 2919
4 2724 6283 8624 8623
4 6283 2828 8622 8624
4 8624 8622 2820 7801
4 8623 8624 7801 2770
4 2424 8233 8625 7333
4 8233 1924 5404 8625
4 8625 5404 2362 3766
4 7333 8625 3766 2425
4 211 210 8626 6907
4 210 0 4835 8626
4 8626 4835 2475 3957
4 6907 8626 3957 2506
4 1161 8627 8629 8628
4 8627 1130 8189 8629
4 8629 8189 1065 7943
4 8628 8629 7943 1109
4 1194 8341 8632 8631
4 8341 1161 8628 8632
4 8632 8628 1109 8630
4 8631 8632 8630 1135
4 1572 8633 8635 8634
4 8633 1639 3078 8635
4 8635 3078 1614 3630
4 8634 8635 3630 1541
4 992 7715 8636 4988
4 7715 950 8029 8636
4 8636 8029 929 4641
4 4988 8636 4641 963
4 939 7021 8637 4984
4 7021 1001 5115 8637
4 8637 5115 905 6418
4 4984 8637 6418 926
4 2188 8638 8640 3141
4 8638 2154 8639 8640
4 8640 8639 2139 7575
4 3141 8640 7575 2148
4 758 8641 8642 7373
4 8641 817 7906 8642
4 8642 7906 740 5659
4 7373 8642 5659 727
4 2583 7052 8644 7416
4 7052 2662 8643 8644
4 8644 8643 2539 5721
4 7416 8644 5721 2501
4 2497 6886 8647 8646
4 6886 2580 3871 8647
4 8647 3871 2092 8645
4 8646 8647 8645 2026
4 2214 8648 8652 8651
4 8648 2312 8649 8652
4 8652 8649 2247 8650
4 8651 8652 8650 2162
4 2420 8161 8654 6678
4 8161 2466 7557 8654
4 8654 7557 2331 8653
4 6678 8654 8653 2273
4 2540 8655 8656 3280
4 8655 2619 8558 8656
4 8656 8558 2701 3336
4 3280 8656 3336 2659
4 2358 7232 8658 5345
4 7232 1885 5723 8658
4 8658 5723 2393 8657
4 5345 8658 8657 2502
4 1131 8142 8660 2954
4 8142 1059 8659 8660
4 8660 8659 1045 8111
4 2954 8660 8111 988
4 2076 6913 8663 8662
4 6913 2004 5897 8663
4 8663 5897 2038 8661
4 8662 8663 8661 2067
4 1146 8664 8666 8262
4 8664 1076 3801 8666
4 8666 3801 1034 8665
4 8262 8666 8665 1120
4 2043 7460 8668 7077
4 7460 1987 3870 8668
4 8668 3870 2018 8667
4 7077 8668 8667 2064
4 2079 8669 8673 8672
4 8669 2177 8670 8673
4 8673 8670 2145 8671
4 8672 8673 8671 2040
4 2237 3053 8675 7447
4 3053 2322 6382 8675
4 8675 6382 2391 8674
4 7447 8675 8674 2346
4 2170 7278 8677 8402
4 7278 2116 8676 8677
4 8677 8676 2098 8007
4 8402 8677 8007 2527
4 2728 6385 8681 8680
4 6385 2769 8678 8681
4 8681 8678 2624 8679
4 8680 8681 8679 2637
4 2656 4135 8683 3750
4 4135 2618 8682 8683
4 8683 8682 2704 3830
4 3750 8683 3830 2771
4 1404 8580 8684 7786
4 8580 1451 8569 8684
4 8684 8569 1386 7673
4 7786 8684 7673 1376
4 2400 8685 8686 5319
4 8685 2523 7325 8686
4 8686 7325 2444 7513
4 5319 8686 7513 2365
4 2210 3284 8688 8687
4 3284 2218 8237 8688
4 8688 8237 2155 6359
4 8687 8688 6359 2246
4 2220 8689 8691 8690
4 8689 2108 3071 8691
4 8691 3071 2262 7484
4 8690 8691 7484 2294
4 2454 8692 8694 7765
4 8692 2605 8693 8694
4 8694 8693 2661 3202
4 7765 8694 3202 2480
4 245 244 8696 8695
4 244 243 6245 8696
4 8696 6245 2182 4682
4 8695 8696 4682 2455
4 1869 5097 8699 8698
4 5097 1806 5205 8699
4 8699 5205 1862 8697
4 8698 8699 8697 1888
4 1344 3703 8702 4297
4 3703 1356 8700 8702
4 8702 8700 1363 8701
4 4297 8702 8701 1302
4 1215 4893 8703 4924
4 4893 1249 3761 8703
4 8703 3761 1287 6106
4 4924 8703 6106 1165
4 1377 8704 8706 8705
4 8704 1363 8700 8706
4 8706 8700 1356 3457
4 8705 8706 3457 1434
4 1456 7435 8708 8707
4 7435 1507 8000 8708
4 8708 8000 1476 5293
4 8707 8708 5293 1418
4 2863 8709 8711 4766
4 8709 2804 4223 8711
4 8711 4223 2882 8710
4 4766 8711 8710 2855
4 2258 3004 8713 8712
4 3004 2071 2942 8713
4 8713 2942 2261 4038
4 8712 8713 4038 2199
4 2312 8648 8714 7295
4 8648 2214 8196 8714
4 8714 8196 2163 6617
4 7295 8714 6617 2248
4 1608 8715 8719 8718
4 8715 1570 8716 8719
4 8719 8716 1636 8717
4 8718 8719 8717 1660
4 710 4708 8721 8154
4 4708 717 6288 8721
4 8721 6288 791 8720
4 8154 8721 8720 704
4 2083 7055 8722 6704
4 7055 2157 5854 8722
4 8722 5854 2122 3315
4 6704 8722 3315 2062
4 1662 6031 8725 8724
4 6031 1590 8723 8725
4 8725 8723 1631 3400
4 8724 8725 3400 1687
4 1755 3786 8727 8726
4 3786 1708 3974 8727
4 8727 3974 1793 8314
4 8726 8727 8314 1711
4 2589 3970 8729 8728
4 3970 2510 6040 8729
4 8729 6040 2512 5710
4 8728 8729 5710 2681
4 1903 8354 8731 7285
4 8354 1861 8730 8731
4 8731 8730 1953 7145
4 7285 8731 7145 1967
4 873 6000 8732 7211
4 6000 886 7937 8732
4 8732 7937 908 7875
4 7211 8732 7875 967
4 2847 8733 8735 3552
4 8733 2785 8734 8735
4 8735 8734 2888 3628
4 3552 8735 3628 2922
4 2426 3477 8738 8737
4 3477 2376 2934 8738
4 8738 2934 2451 8736
4 8737 8738 8736 2361
4 1332 5107 8741 7047
4 5107 1265 8739 8741
4 8741 8739 1231 8740
4 7047 8741 8740 1292
4 1631 8742 8744 3398
4 8742 1565 8743 8744
4 8744 8743 1600 7179
4 3398 8744 7179 1658
4 995 7678 8747 3896
4 7678 1093 8745 8747
4 8747 8745 1126 8746
4 3896 8747 8746 1055
4 2290 6928 8749 8748
4 6928 2413 6317 8749
4 8749 6317 2330 3401
4 8748 8749 3401 2271
4 2895 7987 8750 5686
4 7987 2806 3688 8750
4 8750 3688 2861 4746
4 5686 8750 4746 2856
4 1781 3330 8752 5076
4 3330 1814 8751 8752
4 8752 8751 1738 8070
4 5076 8752 8070 1701
4 2164 7757 8756 8755
4 7757 2069 8753 8756
4 8756 8753 2120 8754
4 8755 8756 8754 2193
4 1490 3096 8760 8759
4 3096 1515 8757 8760
4 8760 8757 1510 8758
4 8759 8760 8758 1435
4 1164 8761 8762 8450
4 8761 1107 7603 8762
4 8762 7603 1066 8269
4 8450 8762 8269 1111
4 2728 8680 8763 3572
4 8680 2637 7827 8763
4 8763 7827 2551 3829
4 3572 8763 3829 2650
4 2593 5129 8765 3341
4 5129 2575 8764 8765
4 8765 8764 2607 5881
4 3341 8765 5881 2499
4 2868 6103 8767 3777
4 6103 2801 7147 8767
4 8767 7147 2886 8766
4 3777 8767 8766 2913
4 2260 8768 8770 6709
4 8768 2110 7164 8770
4 8770 7164 2166 8769
4 6709 8770 8769 2190
4 1288 8016 8772 5757
4 8016 1199 8771 8772
4 8772 8771 1232 8448
4 5757 8772 8448 1314
4 2809 8773 8774 3294
4 8773 2842 6334 8774
4 8774 6334 2754 5474
4 3294 8774 5474 2751
4 2249 6477 8775 5866
4 6477 2290 8748 8775
4 8775 8748 2271 8172
4 5866 8775 8172 2183
4 1564 8516 8778 3596
4 8516 1562 8776 8778
4 8778 8776 1524 8777
4 3596 8778 8777 1543
4 1472 8779 8782 8250
4 8779 1453 8780 8782
4 8782 8780 1504 8781
4 8250 8782 8781 1530
4 1961 3505 8784 4693
4 3505 2055 7220 8784
4 8784 7220 2035 8783
4 4693 8784 8783 2012
4 2208 6615 8787 8786
4 6615 2118 8785 8787
4 8787 8785 2142 6632
4 8786 8787 6632 2152
4 2706 8788 8790 3408
4 8788 2763 8789 8790
4 8790 8789 2710 2951
4 3408 8790 2951 2741
4 1240 6090 8792 7140
4 6090 1237 8791 8792
4 8792 8791 1209 4955
4 7140 8792 4955 1186
4 1866 8793 8795 8794
4 8793 1777 7761 8795
4 8795 7761 1738 8751
4 8794 8795 8751 1814
4 981 8796 8797 7663
4 8796 1043 4989 8797
4 8797 4989 963 4644
4 7663 8797 4644 964
4 2854 4958 8800 8799
4 4958 2859 8798 8800
4 8800 8798 2805 8513
4 8799 8800 8513 2846
4 2140 3010 8802 6080
4 3010 1893 8801 8802
4 8802 8801 1951 7981
4 6080 8802 7981 1988
4 2308 6487 8804 5119
4 6487 1802 7455 8804
4 8804 7455 2222 8803
4 5119 8804 8803 2382
4 1884 3496 8805 8266
4 3496 1948 3216 8805
4 8805 3216 1957 7528
4 8266 8805 7528 1939
4 1561 8806 8808 5418
4 8806 1492 8807 8808
4 8808 8807 1529 3722
4 5418 8808 3722 1574
4 1687 8809 8811 8724
4 8809 1753 8810 8811
4 8811 8810 1713 6280
4 8724 8811 6280 1662
4 2569 8252 8814 8813
4 8252 2396 8812 8814
4 8814 8812 2507 7468
4 8813 8814 7468 2606
4 2090 8815 8816 7507
4 8815 269 268 8816
4 8816 268 267 7129
4 7507 8816 7129 2921
4 1347 8224 8819 8818
4 8224 1372 8817 8819
4 8819 8817 1379 3392
4 8818 8819 3392 1352
4 2880 8820 8822 8519
4 8820 2905 3590 8822
4 8822 3590 2889 8821
4 8519 8822 8821 2853
4 724 8823 8824 7080
4 8823 784 4271 8824
4 8824 4271 706 4664
4 7080 8824 4664 688
4 1318 7888 8827 8826
4 7888 1289 8825 8827
4 8827 8825 1255 7609
4 8826 8827 7609 1272
4 1238 8828 8831 8830
4 8828 1253 5643 8831
4 8831 5643 1281 8829
4 8830 8831 8829 1311
4 2036 6607 8832 7200
4 6607 2124 6996 8832
4 8832 6996 2061 7213
4 7200 8832 7213 1998
4 1511 8833 8835 7444
4 8833 1554 5093 8835
4 8835 5093 1537 8834
4 7444 8835 8834 1467
4 1977 6212 8837 3520
4 6212 2045 8836 8837
4 8837 8836 1996 7162
4 3520 8837 7162 1934
4 1725 8838 8842 8841
4 8838 1693 8839 8842
4 8842 8839 1703 8840
4 8841 8842 8840 1739
4 2796 7389 8843 5904
4 7389 2616 8404 8843
4 8843 8404 2719 3056
4 5904 8843 3056 2916
4 2835 8844 8848 8847
4 8844 2409 8845 8848
4 8848 8845 2875 8846
4 8847 8848 8846 2438
4 2398 3240 8852 8851
4 3240 2337 8849 8852
4 8852 8849 2277 8850
4 8851 8852 8850 2456
4 1694 8169 8855 8854
4 8169 1618 6860 8855
4 8855 6860 1656 8853
4 8854 8855 8853 1722
4 1612 6164 8857 3780
4 6164 1581 5326 8857
4 8857 5326 1641 8856
4 3780 8857 8856 1624
4 1141 6332 8861 8860
4 6332 1132 8858 8861
4 8861 8858 1099 8859
4 8860 8861 8859 1155
4 768 6580 8862 8088
4 6580 821 7972 8862
4 8862 7972 857 7253
4 8088 8862 7253 801
4 1022 7023 8863 5673
4 7023 1036 3123 8863
4 8863 3123 1057 7470
4 5673 8863 7470 1149
4 1351 8864 8868 8867
4 8864 1339 8865 8868
4 8868 8865 1325 8866
4 8867 8868 8866 1391
4 1414 2991 8870 8326
4 2991 1435 8869 8870
4 8870 8869 1408 3420
4 8326 8870 3420 1388
4 2696 3566 8872 8871
4 3566 2652 5983 8872
4 8872 5983 2591 6349
4 8871 8872 6349 2628
4 2699 6714 8874 6759
4 6714 2647 6728 8874
4 8874 6728 2740 8873
4 6759 8874 8873 2784
4 1012 3843 8876 6646
4 3843 913 4625 8876
4 8876 4625 984 8875
4 6646 8876 8875 1053
4 879 8468 8879 3219
4 8468 904 8877 8879
4 8879 8877 851 8878
4 3219 8879 8878 845
4 1348 8880 8881 7049
4 8880 1406 6469 8881
4 8881 6469 1447 5589
4 7049 8881 5589 1387
4 1847 8882 8884 6655
4 8882 2722 8616 8884
4 8884 8616 2645 8883
4 6655 8884 8883 2737
4 1688 3079 8886 8407
4 3079 1639 3933 8886
4 8886 3933 1654 8885
4 8407 8886 8885 1712
4 1498 7946 8889 8888
4 7946 1551 8887 8889
4 8889 8887 1525 8321
4 8888 8889 8321 1478
4 2893 8890 8893 8892
4 8890 2913 8891 8893
4 8893 8891 2891 6335
4 8892 8893 6335 2842
4 1858 7096 8894 7131
4 7096 1936 8488 8894
4 8894 8488 1900 6430
4 7131 8894 6430 1817
4 1151 3731 8897 8896
4 3731 1186 4954 8897
4 8897 4954 1117 8895
4 8896 8897 8895 1062
4 2069 7756 8899 8898
4 7756 2127 7191 8899
4 8899 7191 2085 8442
4 8898 8899 8442 2053
4 1443 7785 8901 3213
4 7785 1417 8900 8901
4 8901 8900 1459 6808
4 3213 8901 6808 1486
4 1576 6185 8903 7245
4 6185 1604 8902 8903
4 8903 8902 1661 7264
4 7245 8903 7264 1625
4 2185 8904 8907 8906
4 8904 2223 8101 8907
4 8907 8101 2209 8905
4 8906 8907 8905 2105
4 1362 7566 8909 5106
4 7566 1391 8866 8909
4 8909 8866 1325 8908
4 5106 8909 8908 1298
4 1134 8910 8911 8276
4 8910 1096 7896 8911
4 8911 7896 1147 3767
4 8276 8911 3767 1166
4 946 8912 8914 8913
4 8912 923 6570 8914
4 8914 6570 938 3086
4 8913 8914 3086 966
4 1410 8915 8917 8916
4 8915 1463 5306 8917
4 8917 5306 1473 8577
4 8916 8917 8577 1439
4 1439 8918 8920 8916
4 8918 1415 3393 8920
4 8920 3393 1379 8919
4 8916 8920 8919 1410
4 2723 8921 8922 6240
4 8921 2783 6285 8922
4 8922 6285 2726 7740
4 6240 8922 7740 2536
4 2613 8043 8923 8244
4 8043 2698 8512 8923
4 8923 8512 2777 3573
4 8244 8923 3573 2650
4 2923 8924 8925 7707
4 8924 2917 3363 8925
4 8925 3363 2894 5493
4 7707 8925 5493 2907
4 1393 8926 8928 8927
4 8926 1454 8549 8928
4 8928 8549 1406 8880
4 8927 8928 8880 1348
4 988 8110 8929 8456
4 8110 969 6533 8929
4 8929 6533 1006 6881
4 8456 8929 6881 1035
4 951 8930 8932 8931
4 8930 1016 7348 8932
4 8932 7348 1052 6642
4 8931 8932 6642 1017
4 1179 7275 8934 8933
4 7275 1141 8860 8934
4 8934 8860 1155 7590
4 8933 8934 7590 1181
4 1002 5792 8937 8936
4 5792 996 2945 8937
4 8937 2945 1040 8935
4 8936 8937 8935 1126
4 1167 3290 8939 8938
4 3290 1224 3434 8939
4 8939 3434 1232 8771
4 8938 8939 8771 1199
4 1753 8940 8941 8810
4 8940 1833 8318 8941
4 8941 8318 1766 6388
4 8810 8941 6388 1713
4 2530 3179 8944 8943
4 3179 2590 8942 8944
4 8944 8942 2484 3908
4 8943 8944 3908 2343
4 1503 8320 8948 8947
4 8320 1549 8945 8948
4 8948 8945 1518 8946
4 8947 8948 8946 1471
4 805 8949 8951 4559
4 8949 824 6783 8951
4 8951 6783 865 8950
4 4559 8951 8950 895
4 1637 8952 8955 3342
4 8952 1666 8953 8955
4 8955 8953 1693 8954
4 3342 8955 8954 1647
4 836 8030 8956 3076
4 8030 950 7714 8956
4 8956 7714 1010 5517
4 3076 8956 5517 935
4 2560 3314 8958 8041
4 3314 2833 7698 8958
4 8958 7698 2799 8957
4 8041 8958 8957 2748
4 2147 8959 8961 7851
4 8959 2200 7099 8961
4 8961 7099 2227 8960
4 7851 8961 8960 2221
4 2566 8962 8965 8964
4 8962 2532 7350 8965
4 8965 7350 2559 8963
4 8964 8965 8963 2624
4 2305 5244 8966 6459
4 5244 2159 6435 8966
4 8966 6435 2235 6785
4 6459 8966 6785 2374
4 1438 3911 8968 8967
4 3911 1426 5773 8968
4 8968 5773 1446 7445
4 8967 8968 7445 1467
4 2198 8969 8970 7640
4 8969 2173 7775 8970
4 8970 7775 2110 8768
4 7640 8970 8768 2260
4 2717 8971 8973 8972
4 8971 2672 8064 8973
4 8973 8064 2711 4043
4 8972 8973 4043 2765
4 1746 5860 8975 7992
4 5860 1719 8974 8975
4 8975 8974 1706 8605
4 7992 8975 8605 1780
4 1753 8976 8977 8940
4 8976 1718 6563 8977
4 8977 6563 1790 8353
4 8940 8977 8353 1833
4 2535 7071 8980 3036
4 7071 2457 8978 8980
4 8980 8978 2390 8979
4 3036 8980 8979 2403
4 1549 7870 8982 8945
4 7870 1600 8743 8982
4 8982 8743 1565 8981
4 8945 8982 8981 1518
4 1603 4590 8983 5828
4 4590 1615 6483 8983
4 8983 6483 1655 3966
4 5828 8983 3966 1628
4 2268 8984 8986 3247
4 8984 2161 8985 8986
4 8986 8985 2317 3853
4 3247 8986 3853 2519
4 762 8987 8988 8300
4 8987 819 5994 8988
4 8988 5994 845 8878
4 8300 8988 8878 851
4 678 8385 8990 8302
4 8385 731 8989 8990
4 8990 8989 819 8987
4 8302 8990 8987 762
4 2239 3224 8992 8991
4 3224 2448 3461 8992
4 8992 3461 2371 8491
4 8991 8992 8491 2278
4 1089 7772 8993 6393
4 7772 1048 6519 8993
4 8993 6519 1123 6624
4 6393 8993 6624 1105
4 1326 8592 8996 8995
4 8592 1318 8826 8996
4 8996 8826 1272 8994
4 8995 8996 8994 1305
4 1228 8997 8998 6456
4 8997 1231 8739 8998
4 8998 8739 1265 5005
4 6456 8998 5005 1246
4 1504 8780 8999 7357
4 8780 1453 6023 8999
4 8999 6023 1477 8431
4 7357 8999 8431 1532
4 1819 8315 9001 9000
4 8315 1793 3973 9001
4 9001 3973 1777 8793
4 9000 9001 8793 1866
4 2632 8291 9004 9003
4 8291 2738 4026 9004
4 9004 4026 2782 9002
4 9003 9004 9002 2835
4 836 3075 9006 8031
4 3075 794 9005 9006
4 9006 9005 833 7547
4 8031 9006 7547 888
4 794 5162 9007 9005
4 5162 720 6045 9007
4 9007 6045 772 7856
4 9005 9007 7856 833
4 2241 4659 9009 9008
4 4659 2216 3432 9009
4 9009 3432 2146 8392
4 9008 9009 8392 2184
4 2361 9010 9014 9013
4 9010 2230 9011 9014
4 9014 9011 2286 9012
4 9013 9014 9012 2433
4 2787 6193 9016 9015
4 6193 1925 3996 9016
4 9016 3996 2819 3002
4 9015 9016 3002 2822
4 1410 8919 9018 9017
4 8919 1379 8817 9018
4 9018 8817 1372 7849
4 9017 9018 7849 1400
4 1050 7419 9021 9020
4 7419 1029 7602 9021
4 9021 7602 1082 9019
4 9020 9021 9019 1086
4 2156 9022 9025 9024
4 9022 2173 8969 9025
4 9025 8969 2198 9023
4 9024 9025 9023 2252
4 2401 9026 9027 8115
4 9026 2494 3281 9027
4 9027 3281 2659 6671
4 8115 9027 6671 2548
4 1683 7156 9028 6033
4 7156 1714 4778 9028
4 9028 4778 1652 7833
4 6033 9028 7833 1621
4 1127 7591 9031 9030
4 7591 1155 8859 9031
4 9031 8859 1099 9029
4 9030 9031 9029 1072
4 2766 8446 9033 5700
4 8446 2712 7689 9033
4 9033 7689 2582 9032
4 5700 9033 9032 2610
4 904 9034 9035 8877
4 9034 852 7428 9035
4 9035 7428 860 8297
4 8877 9035 8297 851
4 1613 9036 9037 3598
4 9036 1629 6861 9037
4 9037 6861 1595 8517
4 3598 9037 8517 1564
4 2289 9038 9040 8163
4 9038 2368 9039 9040
4 9040 9039 2250 7736
4 8163 9040 7736 2189
4 1343 8157 9042 8454
4 8157 1306 5354 9042
4 9042 5354 1367 9041
4 8454 9042 9041 1297
4 1321 6229 9043 3464
4 6229 1308 8561 9043
4 9043 8561 1345 7615
4 3464 9043 7615 1358
4 1442 8049 9044 3621
4 8049 1503 8947 9044
4 9044 8947 1471 8550
4 3621 9044 8550 1454
4 860 7427 9045 8298
4 7427 804 4502 9045
4 9045 4502 763 7883
4 8298 9045 7883 814
4 2621 7340 9048 9047
4 7340 2710 8789 9048
4 9048 8789 2763 9046
4 9047 9048 9046 2814
4 1602 8564 9050 9049
4 8564 1638 3250 9050
4 9050 3250 1545 5829
4 9049 9050 5829 1628
4 1572 8634 9052 9051
4 8634 1541 4768 9052
4 9052 4768 1513 8576
4 9051 9052 8576 1535
4 1673 3260 9055 9054
4 3260 1709 5811 9055
4 9055 5811 1732 9053
4 9054 9055 9053 1729
4 1084 9056 9058 5727
4 9056 1067 5483 9058
4 9058 5483 1150 9057
4 5727 9058 9057 1102
4 1064 9059 9060 3625
4 9059 1106 3333 9060
4 9060 3333 1068 8414
4 3625 9060 8414 982
4 2117 8294 9063 7438
4 8294 2068 9061 9063
4 9063 9061 2172 9062
4 7438 9063 9062 2309
4 1983 9064 9066 7631
4 9064 2011 9065 9066
4 9066 9065 2032 5933
4 7631 9066 5933 2005
4 1292 8740 9070 9069
4 8740 1231 9067 9070
4 9070 9067 1283 9068
4 9069 9070 9068 1334
4 1210 6298 9073 9072
4 6298 1156 8366 9073
4 9073 8366 1195 9071
4 9072 9073 9071 1257
4 1948 3495 9075 8096
4 3495 1855 9074 9075
4 9075 9074 1892 3014
4 8096 9075 3014 1973
4 2526 9076 9078 9077
4 9076 2607 8764 9078
4 9078 8764 2575 4858
4 9077 9078 4858 2688
4 892 5960 9080 9079
4 5960 843 6811 9080
4 9080 6811 806 7599
4 9079 9080 7599 839
4 1299 7385 9081 7720
4 7385 1267 3173 9081
4 9081 3173 1341 7093
4 7720 9081 7093 1360
4 2612 7053 9083 6903
4 7053 2583 7415 9083
4 9083 7415 1966 9082
4 6903 9083 9082 1826
4 2279 8002 9084 7297
4 8002 2431 8218 9084
4 9084 8218 2403 8979
4 7297 9084 8979 2390
4 2415 3721 9086 6140
4 3721 2594 9085 9086
4 9086 9085 2678 7830
4 6140 9086 7830 2552
4 1610 3390 9090 9089
4 3390 1575 9087 9090
4 9090 9087 1642 9088
4 9089 9090 9088 1667
4 2511 3237 9092 7324
4 3237 2546 3818 9092
4 9092 3818 2495 9091
4 7324 9092 9091 2427
4 784 8823 9094 8178
4 8823 724 5262 9094
4 9094 5262 802 9093
4 8178 9094 9093 811
4 842 9095 9096 7318
4 9095 862 8176 9096
4 9096 8176 811 9093
4 7318 9096 9093 802
4 1611 9097 9098 3083
4 9097 1635 5015 9098
4 9098 5015 1563 5448
4 3083 9098 5448 1539
4 2080 9099 9101 7553
4 9099 1999 9100 9101
4 9101 9100 2143 3382
4 7553 9101 3382 2149
4 1654 3932 9105 9104
4 3932 1643 9102 9105
4 9105 9102 1657 9103
4 9104 9105 9103 1679
4 1116 4213 9106 3257
4 4213 1104 4219 9106
4 9106 4219 1074 6805
4 3257 9106 6805 1039
4 1762 9107 9109 5916
4 9107 1779 3111 9109
4 9109 3111 1801 9108
4 5916 9109 9108 1786
4 1398 9110 9112 5357
4 9110 1432 3165 9112
4 9112 3165 1381 9111
4 5357 9112 9111 1367
4 2502 9113 9116 5342
4 9113 2686 9114 9116
4 9116 9114 2597 9115
4 5342 9116 9115 2422
4 1970 9117 9119 6740
4 9117 2044 9118 9119
4 9119 9118 2018 3869
4 6740 9119 3869 1941
4 2225 9120 9122 7900
4 9120 2172 9121 9122
4 9122 9121 2215 8035
4 7900 9122 8035 2306
4 1107 8761 9124 8289
4 8761 1164 8123 9124
4 9124 8123 1169 9123
4 8289 9124 9123 1136
4 2410 9125 9127 7115
4 9125 2452 3326 9127
4 9127 3326 2528 9126
4 7115 9127 9126 2339
4 1320 8591 9129 5356
4 8591 1375 7731 9129
4 9129 7731 1384 9128
4 5356 9129 9128 1398
4 1015 4823 9130 3137
4 4823 793 4395 9130
4 9130 4395 776 7466
4 3137 9130 7466 734
4 2558 9131 9133 9132
4 9131 2573 5869 9133
4 9133 5869 2473 3339
4 9132 9133 3339 2499
4 2610 9134 9135 5701
4 9134 2440 8067 9135
4 9135 8067 2680 3176
4 5701 9135 3176 2694
4 1926 3511 9136 5549
4 3511 2798 6495 9136
4 9136 6495 2804 8709
4 5549 9136 8709 2863
4 1610 9089 9138 9137
4 9089 1667 8589 9138
4 9138 8589 1627 7177
4 9137 9138 7177 1578
4 2138 8347 9139 5988
4 8347 2075 7587 9139
4 9139 7587 2174 3546
4 5988 9139 3546 2131
4 1253 8828 9141 4979
4 8828 1238 9140 9141
4 9141 9140 1170 6471
4 4979 9141 6471 1216
4 2176 9142 9144 3616
4 9142 1972 7722 9144
4 9144 7722 1927 9143
4 3616 9144 9143 1994
4 2826 9145 9147 9146
4 9145 2718 7251 9147
4 9147 7251 2764 7074
4 9146 9147 7074 2827
4 1455 8435 9150 9149
4 8435 1419 8570 9150
4 9150 8570 1480 9148
4 9149 9150 9148 1500
4 1687 3399 9151 8809
4 3399 1658 8241 9151
4 9151 8241 1718 8976
4 8809 9151 8976 1753
4 832 7040 9153 6287
4 7040 870 7538 9153
4 9153 7538 754 9152
4 6287 9153 9152 791
4 1527 9154 9156 3560
4 9154 1480 3532 9156
4 9156 3532 1505 9155
4 3560 9156 9155 1546
4 1675 9157 9158 7841
4 9157 1651 5847 9158
4 9158 5847 1684 3410
4 7841 9158 3410 1700
4 1488 9159 9161 9160
4 9159 1558 8229 9161
4 9161 8229 1529 8807
4 9160 9161 8807 1492
4 1538 3594 9163 7002
4 3594 1469 9162 9163
4 9163 9162 1492 8806
4 7002 9163 8806 1561
4 1385 5534 9166 9165
4 5534 1354 4233 9166
4 9166 4233 1301 9164
4 9165 9166 9164 1328
4 2144 8151 9168 7483
4 8151 2119 9167 9168
4 9168 9167 2151 4225
4 7483 9168 4225 2326
4 2340 9169 9171 3039
4 9169 2360 6204 9171
4 9171 6204 2240 9170
4 3039 9171 9170 2325
4 2619 8655 9172 3807
4 8655 2540 8253 9172
4 9172 8253 2569 2981
4 3807 9172 2981 2900
4 2906 3591 9173 7490
4 3591 2905 3999 9173
4 9173 3999 2917 8924
4 7490 9173 8924 2923
4 1880 4124 9174 3437
4 4124 2855 8710 9174
4 9174 8710 2882 3626
4 3437 9174 3626 2888
4 2807 3308 9177 9176
4 3308 2896 7506 9177
4 9177 7506 2851 9175
4 9176 9177 9175 2759
4 859 6772 9180 7317
4 6772 890 9178 9180
4 9180 9178 914 9179
4 7317 9180 9179 876
4 2620 2979 9182 9181
4 2979 2569 8813 9182
4 9182 8813 2606 6217
4 9181 9182 6217 2713
4 1334 3529 9183 9069
4 3529 1393 8927 9183
4 9183 8927 1348 7048
4 9069 9183 7048 1292
4 2236 6460 9185 9184
4 6460 2374 3647 9185
4 9185 3647 2351 6948
4 9184 9185 6948 2327
4 2909 9186 9187 3753
4 9186 2615 3364 9187
4 9187 3364 2917 4001
4 3753 9187 4001 2927
4 2624 8678 9189 8964
4 8678 2769 3569 9189
4 9189 3569 2721 9188
4 8964 9189 9188 2566
4 1228 6455 9191 9190
4 6455 1179 8933 9191
4 9191 8933 1181 8277
4 9190 9191 8277 1197
4 1787 8474 9193 6628
4 8474 1737 6796 9193
4 9193 6796 1821 9192
4 6628 9193 9192 1859
4 1566 8565 9195 5324
4 8565 1602 9194 9195
4 9195 9194 1619 8214
4 5324 9195 8214 1588
4 2901 9196 9198 7798
4 9196 2537 9197 9198
4 9198 9197 2909 3752
4 7798 9198 3752 2910
4 1064 5728 9200 9059
4 5728 1102 3309 9200
4 9200 3309 1144 9199
4 9059 9200 9199 1106
4 1106 9199 9203 9202
4 9199 1144 3288 9203
4 9203 3288 1167 9201
4 9202 9203 9201 1135
4 1184 9204 9206 9205
4 9204 1108 3361 9206
4 9206 3361 1140 4890
4 9205 9206 4890 1205
4 803 6270 9207 6438
4 6270 848 5348 9207
4 9207 5348 770 6683
4 6438 9207 6683 718
4 996 5793 9208 2943
4 5793 978 3983 9208
4 9208 3983 1019 8503
4 2943 9208 8503 1026
4 1999 7380 9210 9100
4 7380 1938 5496 9210
4 9210 5496 1979 9209
4 9100 9210 9209 2143
4 305 5889 9211 306
4 5889 2328 3544 9211
4 9211 3544 2675 7359
4 306 9211 7359 307
4 2604 9212 9214 3038
4 9212 2626 9213 9214
4 9214 9213 2542 3088
4 3038 9214 3088 2535
4 2714 9215 9217 6673
4 9215 2663 9216 9217
4 9217 9216 2646 8114
4 6673 9217 8114 2548
4 2558 9132 9219 7826
4 9132 2499 5880 9219
4 9219 5880 2405 9218
4 7826 9219 9218 2496
4 1741 3854 9221 8369
4 3854 1756 3759 9221
4 9221 3759 1712 9220
4 8369 9221 9220 1705
4 1505 8579 9223 9155
4 8579 1464 3144 9223
4 9223 3144 1521 9222
4 9155 9223 9222 1546
4 985 3369 9226 9225
4 3369 959 9224 9226
4 9226 9224 994 3802
4 9225 9226 3802 1076
4 1490 8759 9227 8459
4 8759 1435 2993 9227
4 9227 2993 1484 3245
4 8459 9227 3245 1556
4 2051 5819 9229 7441
4 5819 2078 9228 9229
4 9229 9228 1994 9143
4 7441 9229 9143 1927
4 2344 7117 9231 7924
4 7117 2303 3698 9231
4 9231 3698 2304 9230
4 7924 9231 9230 2373
4 2441 9232 9234 9233
4 9232 2324 7585 9234
4 9234 7585 2487 7625
4 9233 9234 7625 2530
4 1981 4727 9236 8204
4 4727 1910 9235 9236
4 9236 9235 1952 3793
4 8204 9236 3793 2217
4 2826 9237 9239 9145
4 9237 2873 6496 9239
4 9239 6496 2798 9238
4 9145 9239 9238 2718
4 2272 5602 9241 9240
4 5602 2494 9026 9241
4 9241 9026 2401 7411
4 9240 9241 7411 2345
4 1876 9242 9244 9243
4 9242 2099 3865 9244
4 9244 3865 1946 3425
4 9243 9244 3425 1883
4 716 9245 9246 3577
4 9245 636 4945 9246
4 9246 4945 580 5030
4 3577 9246 5030 650
4 1391 7568 9247 8867
4 7568 1456 8707 9247
4 9247 8707 1418 6028
4 8867 9247 6028 1351
4 2243 8207 9249 9248
4 8207 2295 7057 9249
4 9249 7057 2378 6842
4 9248 9249 6842 2232
4 2563 3207 9252 6463
4 3207 2636 9250 9252
4 9252 9250 2691 9251
4 6463 9252 9251 2476
4 870 7039 9253 7539
4 7039 884 6707 9253
4 9253 6707 867 7431
4 7539 9253 7431 809
4 2586 5620 9254 3675
4 5620 2483 5329 9254
4 9254 5329 2570 7794
4 3675 9254 7794 2690
4 1452 9255 9258 9257
4 9255 1377 8705 9258
4 9258 8705 1434 9256
4 9257 9258 9256 1487
4 2867 5514 9260 3664
4 5514 1958 8349 9260
4 9260 8349 2810 9259
4 3664 9260 9259 2858
4 1657 9102 9263 9262
4 9102 1643 9261 9263
4 9263 9261 1592 7580
4 9262 9263 7580 1617
4 1311 8829 9265 9264
4 8829 1281 5003 9265
4 9265 5003 1298 8908
4 9264 9265 8908 1325
4 797 9266 9269 9268
4 9266 853 3404 9269
4 9269 3404 916 9267
4 9268 9269 9267 875
4 744 5544 9270 6718
4 5544 779 7293 9270
4 9270 7293 853 9266
4 6718 9270 9266 797
4 1767 9271 9275 9274
4 9271 1877 9272 9275
4 9275 9272 1915 9273
4 9274 9275 9273 1842
4 1280 6231 9277 7139
4 6231 1295 9276 9277
4 9277 9276 1262 6091
4 7139 9277 6091 1240
4 1840 6098 9278 7779
4 6098 1860 7525 9278
4 9278 7525 1812 7398
4 7779 9278 7398 1815
4 1031 7487 9279 8271
4 7487 1045 8659 9279
4 9279 8659 1059 3120
4 8271 9279 3120 1111
4 1294 8603 9280 6413
4 8603 1304 8361 9280
4 9280 8361 1324 7194
4 6413 9280 7194 1399
4 1634 7815 9283 9282
4 7815 1598 4488 9283
4 9283 4488 1649 9281
4 9282 9283 9281 1682
4 1587 3145 9284 5717
4 3145 1464 7702 9284
4 9284 7702 1499 5705
4 5717 9284 5705 1533
4 2829 3684 9287 9286
4 3684 2802 8520 9287
4 9287 8520 2853 9285
4 9286 9287 9285 2857
4 2781 9288 9289 3568
4 9288 2740 6727 9289
4 9289 6727 2572 6369
4 3568 9289 6369 2652
4 1176 9290 9291 3311
4 9290 1242 8376 9291
4 9291 8376 1224 3289
4 3311 9291 3289 1144
4 1235 9292 9295 9294
4 9292 1217 8554 9295
4 9295 8554 1173 9293
4 9294 9295 9293 1200
4 1125 3486 9297 9296
4 3486 960 5778 9297
4 9297 5778 930 5835
4 9296 9297 5835 999
4 2513 7281 9298 3450
4 7281 2445 7559 9298
4 9298 7559 2598 3827
4 3450 9298 3827 2551
4 1333 9299 9301 9300
4 9299 1262 9276 9301
4 9301 9276 1295 8501
4 9300 9301 8501 1364
4 2411 6820 9303 8418
4 6820 2522 7334 9303
4 9303 7334 2425 9302
4 8418 9303 9302 2341
4 892 9079 9305 9304
4 9079 839 3775 9305
4 9305 3775 924 7746
4 9304 9305 7746 944
4 2772 7391 9306 7154
4 7391 2821 5935 9306
4 9306 5935 2845 3662
4 7154 9306 3662 2858
4 1387 5588 9307 7046
4 5588 1423 7567 9307
4 9307 7567 1362 5105
4 7046 9307 5105 1332
4 1495 8166 9309 9308
4 8166 1465 4669 9309
4 9309 4669 1523 8279
4 9308 9309 8279 1552
4 908 7936 9311 7876
4 7936 951 8931 9311
4 9311 8931 1017 9310
4 7876 9311 9310 980
4 1072 3366 9314 9030
4 3366 1009 9312 9314
4 9314 9312 1094 9313
4 9030 9314 9313 1127
4 2890 5685 9316 9315
4 5685 2349 8285 9316
4 9316 8285 2920 3564
4 9315 9316 3564 2893
4 1555 5449 9318 5719
4 5449 1563 5014 9318
4 9318 5014 1599 9317
4 5719 9318 9317 1609
4 2204 2931 9321 9320
4 2931 2267 9319 9321
4 9321 9319 2152 3599
4 9320 9321 3599 2113
4 1552 7968 9322 9308
4 7968 1579 5908 9322
4 9322 5908 1520 8486
4 9308 9322 8486 1495
4 2704 9323 9325 3831
4 9323 2790 9324 9325
4 9325 9324 2744 6971
4 3831 9325 6971 2791
4 1092 9326 9329 9328
4 9326 1097 9327 9329
4 9329 9327 1058 6137
4 9328 9329 6137 1047
4 759 7971 9330 7450
4 7971 821 6579 9330
4 9330 6579 745 5194
4 7450 9330 5194 729
4 922 5950 9331 8412
4 5950 846 5609 9331
4 9331 5609 864 7617
4 8412 9331 7617 887
4 2020 5387 9332 3483
4 5387 1960 8537 9332
4 9332 8537 2201 8378
4 3483 9332 8378 2211
4 1654 9104 9333 8885
4 9104 1679 7960 9333
4 9333 7960 1705 9220
4 8885 9333 9220 1712
4 1231 8997 9335 9067
4 8997 1228 9190 9335
4 9335 9190 1197 9334
4 9067 9335 9334 1283
4 1242 9290 9337 7308
4 9290 1176 9336 9337
4 9337 9336 1226 3320
4 7308 9337 3320 1236
4 1913 3441 9338 3633
4 3441 1843 6741 9338
4 9338 6741 1941 3868
4 3633 9338 3868 1987
4 2343 8092 9340 8943
4 8092 2229 9339 9340
4 9340 9339 2441 9233
4 8943 9340 9233 2530
4 2242 7658 9342 9341
4 7658 2292 6168 9342
4 9342 6168 2205 7758
4 9341 9342 7758 2164
4 961 5962 9343 7577
4 5962 910 8415 9343
4 9343 8415 1033 8235
4 7577 9343 8235 986
4 2811 3808 9345 4032
4 3808 2900 9344 9345
4 9345 9344 2847 3551
4 4032 9345 3551 2869
4 2252 9023 9348 9347
4 9023 2198 7639 9348
4 9348 7639 2296 9346
4 9347 9348 9346 2366
4 2774 4161 9349 3746
4 4161 2703 5378 9349
4 9349 5378 2779 3685
4 3746 9349 3685 2829
4 2132 3586 9351 4689
4 3586 2175 5529 9351
4 9351 5529 2207 9350
4 4689 9351 9350 2171
4 2209 8100 9353 9352
4 8100 2193 8754 9353
4 9353 8754 2120 6698
4 9352 9353 6698 2181
4 2581 3819 9356 6821
4 3819 2546 9354 9356
4 9356 9354 2625 9355
4 6821 9356 9355 2665
4 2510 3969 9357 6038
4 3969 2555 8532 9357
4 9357 8532 2523 8685
4 6038 9357 8685 2400
4 2353 5677 9359 3636
4 5677 1650 9358 9359
4 9359 9358 2395 4860
4 3636 9359 4860 2498
4 2484 8942 9360 6885
4 8942 2590 3061 9360
4 9360 3061 2565 5912
4 6885 9360 5912 2580
4 973 3169 9361 7868
4 3169 835 4885 9361
4 9361 4885 947 5937
4 7868 9361 5937 1007
4 1566 5323 9362 8566
4 5323 1581 6163 9362
4 9362 6163 1548 8246
4 8566 9362 8246 1517
4 2187 9363 9364 8328
4 9363 2148 7574 9364
4 9364 7574 2145 8670
4 8328 9364 8670 2177
4 2069 8898 9366 8753
4 8898 2053 9365 9366
4 9366 9365 2027 6699
4 8753 9366 6699 2120
4 2339 9367 9368 7116
4 9367 2323 3705 9368
4 9368 3705 2224 6691
4 7116 9368 6691 2303
4 1326 9369 9370 8593
4 9369 1374 5065 9370
4 9370 5065 1378 7732
4 8593 9370 7732 1375
4 2677 5981 9371 3403
4 5981 2462 3383 9371
4 9371 3383 2354 8173
4 3403 9371 8173 2271
4 1178 9372 9373 5001
4 9372 1203 6917 9373
4 9373 6917 1148 7477
4 5001 9373 7477 1095
4 1203 9372 9375 9374
4 9372 1178 7173 9375
4 9375 7173 1243 8601
4 9374 9375 8601 1269
4 1192 6096 9377 8470
4 6096 1157 4956 9377
4 9377 4956 1209 9376
4 8470 9377 9376 1206
4 1199 8015 9378 8938
4 8015 1194 8631 9378
4 9378 8631 1135 9201
4 8938 9378 9201 1167
4 2679 9379 9380 7742
4 9379 2566 9188 9380
4 9380 9188 2721 4471
4 7742 9380 4471 1403
4 2759 9381 9384 9176
4 9381 2748 9382 9384
4 9384 9382 2623 9383
4 9176 9384 9383 2807
4 2125 9385 9386 7911
4 9385 2086 8304 9386
4 9386 8304 2008 7158
4 7911 9386 7158 2031
4 1715 9387 9390 9389
4 9387 1726 9388 9390
4 9390 9388 1649 4491
4 9389 9390 4491 1690
4 1428 7523 9392 9391
4 7523 1445 8080 9392
4 9392 8080 1461 5535
4 9391 9392 5535 1385
4 2254 3535 9393 7892
4 3535 2532 8962 9393
4 9393 8962 2566 9379
4 7892 9393 9379 2679
4 2195 6053 9394 8011
4 6053 2112 5490 9394
4 9394 5490 2171 9350
4 8011 9394 9350 2207
4 1818 9395 9398 9397
4 9395 1730 9396 9398
4 9398 9396 1782 6941
4 9397 9398 6941 1856
4 2026 6840 9401 8646
4 6840 2490 9399 9401
4 9401 9399 2574 9400
4 8646 9401 9400 2497
4 1711 8313 9404 9403
4 8313 1733 7636 9404
4 9404 7636 1704 9402
4 9403 9404 9402 1696
4 2786 9405 9408 7504
4 9405 2878 9406 9408
4 9408 9406 2834 9407
4 7504 9408 9407 2705
4 2392 3229 9412 9411
4 3229 2269 9409 9412
4 9412 9409 2313 9410
4 9411 9412 9410 2451
4 1805 5125 9413 6390
4 5125 1863 8586 9413
4 9413 8586 2022 3653
4 6390 9413 3653 1887
4 1430 3689 9415 9414
4 3689 1457 8056 9415
4 9415 8056 1394 3465
4 9414 9415 3465 1358
4 1163 7401 9417 6294
4 7401 1201 6936 9417
4 9417 6936 1188 9416
4 6294 9417 9416 1158
4 2844 9418 9420 9419
4 9418 2849 5948 9420
4 9420 5948 2897 3438
4 9419 9420 3438 2888
4 1522 4769 9421 3244
4 4769 1541 3629 9421
4 9421 3629 1567 8460
4 3244 9421 8460 1556
4 2554 3979 9423 3859
4 3979 2517 4007 9423
4 9423 4007 2609 9422
4 3859 9423 9422 2608
4 1017 6641 9425 9310
4 6641 1075 6421 9425
4 9425 6421 1024 9424
4 9310 9425 9424 980
4 2223 3719 9426 8102
4 3719 2415 6139 9426
4 9426 6139 2334 6957
4 8102 9426 6957 2314
4 1542 9427 9429 7582
4 9427 1491 3023 9429
4 9429 3023 1585 9428
4 7582 9429 9428 1594
4 2740 9288 9430 8873
4 9288 2781 3095 9430
4 9430 3095 2876 8255
4 8873 9430 8255 2784
4 2194 4864 9432 9431
4 4864 2109 7752 9432
4 9432 7752 2158 3424
4 9431 9432 3424 2251
4 2885 6200 9434 9433
4 6200 1489 5219 9434
4 9434 5219 2912 6794
4 9433 9434 6794 2926
4 1846 5785 9435 6953
4 5785 1933 7542 9435
4 9435 7542 1890 7903
4 6953 9435 7903 1854
4 1874 9436 9437 8094
4 9436 1889 3453 9437
4 9437 3453 1822 4782
4 8094 9437 4782 1831
4 2881 5906 9439 9438
4 5906 2891 8891 9439
4 9439 8891 2913 8766
4 9438 9439 8766 2886
4 1758 7842 9442 8427
4 7842 1700 9440 9442
4 9442 9440 1730 9441
4 8427 9442 9441 1772
4 1711 9403 9444 8726
4 9403 1696 9443 9444
4 9444 9443 1646 3008
4 8726 9444 3008 1755
4 1036 7022 9445 8335
4 7022 939 4983 9445
4 9445 4983 989 8343
4 8335 9445 8343 1071
4 2093 6083 9446 7995
4 6083 2084 5876 9446
4 9446 5876 2048 5280
4 7995 9446 5280 1991
4 1547 9447 9448 7356
4 9447 1575 7948 9448
4 9448 7948 1530 8781
4 7356 9448 8781 1504
4 1679 9103 9450 7959
4 9103 1657 9449 9450
4 9450 9449 1696 9402
4 7959 9450 9402 1704
4 2269 3142 9451 9409
4 3142 2148 9363 9451
4 9451 9363 2187 3140
4 9409 9451 3140 2313
4 2685 9452 9455 9454
4 9452 2568 9453 9455
4 9455 9453 2025 7203
4 9454 9455 7203 2674
4 1605 9456 9458 9457
4 9456 1607 5415 9458
4 9458 5415 1574 3724
4 9457 9458 3724 1586
4 2156 9024 9460 3697
4 9024 2252 9459 9460
4 9460 9459 2204 9320
4 3697 9460 9320 2113
4 2632 9003 9462 3254
4 9003 2835 8847 9462
4 9462 8847 2438 9461
4 3254 9462 9461 2595
4 1895 3354 9464 7630
4 3354 1835 7533 9464
4 9464 7533 1954 9463
4 7630 9464 9463 1983
4 1855 9465 9467 9466
4 9465 1813 7464 9467
4 9467 7464 1819 9000
4 9466 9467 9000 1866
4 1577 9468 9470 3611
4 9468 1534 3796 9470
4 9470 3796 1559 9469
4 3611 9470 9469 1597
4 2106 6865 9472 3473
4 6865 2707 9471 9472
4 9472 9471 2727 7808
4 3473 9472 7808 2577
4 2857 9285 9473 7644
4 9285 2853 8821 9473
4 9473 8821 2889 6667
4 7644 9473 6667 2852
4 2603 3833 9475 9474
4 3833 2287 6955 9475
4 9475 6955 2414 5149
4 9474 9475 5149 2529
4 1030 3623 9477 7125
4 3623 982 9476 9477
4 9477 9476 944 7745
4 7125 9477 7745 998
4 2670 3555 9479 6499
4 3555 2351 3649 9479
4 9479 3649 2450 9478
4 6499 9479 9478 2416
4 2790 9480 9481 9324
4 9480 2794 3025 9481
4 9481 3025 2708 7880
4 9324 9481 7880 2744
4 2846 3891 9484 8799
4 3891 2915 9482 9484
4 9484 9482 2892 9483
4 8799 9484 9483 2854
4 1516 3917 9486 5447
4 3917 1514 9485 9486
4 9486 9485 1537 5092
4 5447 9486 5092 1539
4 2472 4278 9488 9487
4 4278 2329 8138 9488
4 9488 8138 2422 9115
4 9487 9488 9115 2597
4 1205 6250 9489 9205
4 6250 1282 8560 9489
4 9489 8560 1252 7083
4 9205 9489 7083 1184
4 1739 8840 9492 9491
4 8840 1703 9490 9492
4 9492 9490 1756 3856
4 9491 9492 3856 1796
4 1945 9493 9496 9495
4 9493 1915 9494 9496
4 9496 9494 1891 6157
4 9495 9496 6157 1982
4 1283 9334 9498 9497
4 9334 1197 3263 9498
4 9498 3263 1245 3604
4 9497 9498 3604 1313
4 1801 6732 9500 9108
4 6732 1909 9499 9500
4 9500 9499 1876 3375
4 9108 9500 3375 1786
4 2497 9400 9501 6887
4 9400 2574 3755 9501
4 9501 3755 2340 3041
4 6887 9501 3041 2461
4 2366 3020 9504 9503
4 3020 2500 9502 9504
4 9504 9502 2407 6816
4 9503 9504 6816 2282
4 2252 9347 9506 9459
4 9347 2366 9503 9506
4 9506 9503 2282 9505
4 9459 9506 9505 2204
4 2389 2977 9510 9509
4 2977 2288 9507 9510
4 9510 9507 2406 9508
4 9509 9510 9508 2456
4 2380 3640 9512 6207
4 3640 2434 7925 9512
4 9512 7925 2373 9511
4 6207 9512 9511 2301
4 2797 9513 9515 9514
4 9513 2685 9454 9515
4 9515 9454 2674 7480
4 9514 9515 7480 2737
4 1578 7872 9516 9137
4 7872 1525 8887 9516
4 9516 8887 1551 3391
4 9137 9516 3391 1610
4 2336 6380 9519 9518
4 6380 2228 9517 9519
4 9519 9517 2293 6205
4 9518 9519 6205 2360
4 2805 8798 9520 6384
4 8798 2859 5237 9520
4 9520 5237 2824 3570
4 6384 9520 3570 2769
4 2341 9302 9521 8372
4 9302 2425 3765 9521
4 9521 3765 2377 5735
4 8372 9521 5735 2299
4 1097 6472 9523 9327
4 6472 1170 9522 9523
4 9523 9522 1154 5103
4 9327 9523 5103 1058
4 2915 9524 9526 9482
4 9524 2759 9175 9526
4 9526 9175 2851 9525
4 9482 9526 9525 2892
4 1352 7094 9527 8818
4 7094 1341 3172 9527
4 9527 3172 1293 3116
4 8818 9527 3116 1347
4 1137 3183 9530 9529
4 3183 1103 6993 9530
4 9530 6993 1081 9528
4 9529 9530 9528 1098
4 1842 9531 9534 9274
4 9531 1898 9532 9534
4 9534 9532 1807 9533
4 9274 9534 9533 1767
4 1073 9535 9536 7975
4 9535 1040 8129 9536
4 9536 8129 1070 3359
4 7975 9536 3359 1108
4 2669 9537 9538 4020
4 9537 2404 3556 9538
4 9538 3556 2670 6498
4 4020 9538 6498 2588
4 2892 9525 9539 3734
4 9525 2851 3273 9539
4 9539 3273 2024 6015
4 3734 9539 6015 2884
4 2276 9540 9543 7070
4 9540 2185 9541 9543
4 9543 9541 2247 9542
4 7070 9543 9542 2457
4 2372 7289 9544 3728
4 7289 2300 7110 9544
4 9544 7110 2335 3297
4 3728 9544 3297 2423
4 1060 8187 9546 3256
4 8187 1130 9545 9546
4 9546 9545 1143 3605
4 3256 9546 3605 1116
4 1930 6665 9547 4966
4 6665 1852 5542 9547
4 9547 5542 1809 3481
4 4966 9547 3481 1875
4 920 8024 9549 7676
4 8024 840 8597 9549
4 9549 8597 976 9548
4 7676 9549 9548 956
4 2585 3783 9551 5709
4 3783 2578 9550 9551
4 9551 9550 2669 4022
4 5709 9551 4022 2681
4 1577 5143 9553 9468
4 5143 1544 9552 9553
4 9553 9552 1501 7019
4 9468 9553 7019 1534
4 1883 7311 9554 9243
4 7311 1848 8221 9554
4 9554 8221 1816 3376
4 9243 9554 3376 1876
4 987 3658 9557 7315
4 3658 1088 9555 9557
4 9557 9555 1027 9556
4 7315 9557 9556 1018
4 1557 9558 9560 3549
4 9558 1518 8981 9560
4 9560 8981 1565 9559
4 3549 9560 9559 1573
4 1894 9561 9563 9562
4 9561 1818 9397 9563
4 9563 9397 1856 7727
4 9562 9563 7727 1931
4 1970 9564 9565 9117
4 9564 1944 7628 9565
4 9565 7628 2005 5932
4 9117 9565 5932 2044
4 1180 6919 9566 5252
4 6919 1221 5823 9566
4 9566 5823 1193 3952
4 5252 9566 3952 1162
4 889 8182 9567 6813
4 8182 844 7921 9567
4 9567 7921 817 8641
4 6813 9567 8641 758
4 1440 3206 9568 6504
4 3206 1488 9160 9568
4 9568 9160 1492 9162
4 6504 9568 9162 1469
4 2823 3430 9569 5699
4 3430 2876 3094 9569
4 9569 3094 2816 8444
4 5699 9569 8444 2766
4 1198 6849 9570 7354
4 6849 1273 8498 9570
4 9570 8498 1241 7711
4 7354 9570 7711 1175
4 1328 9164 9572 8600
4 9164 1301 6850 9572
4 9572 6850 1244 9571
4 8600 9572 9571 1269
4 1221 6918 9573 5824
4 6918 1203 9374 9573
4 9573 9374 1269 9571
4 5824 9573 9571 1244
4 1238 8830 9576 9575
4 8830 1311 9574 9576
4 9576 9574 1277 5081
4 9575 9576 5081 1214
4 1651 9157 9577 5788
4 9157 1675 3797 9577
4 9577 3797 1660 8717
4 5788 9577 8717 1636
4 1721 3760 9579 7649
4 3760 1756 9490 9579
4 9579 9490 1703 9578
4 7649 9579 9578 1680
4 1168 3272 9582 8438
4 3272 1225 9580 9582
4 9582 9580 1233 9581
4 8438 9582 9581 1218
4 1553 3558 9585 6184
4 3558 1528 9583 9585
4 9585 9583 1582 9584
4 6184 9585 9584 1604
4 875 7302 9586 9268
4 7302 919 3470 9586
4 9586 3470 858 6719
4 9268 9586 6719 797
4 2873 9237 9588 4034
4 9237 2826 9587 9588
4 9588 9587 2762 8556
4 4034 9588 8556 2811
4 2045 7473 9589 8836
4 7473 2070 7166 9589
4 9589 7166 2030 4401
4 8836 9589 4401 1996
4 1460 2999 9590 5086
4 2999 1475 7017 9590
4 9590 7017 1441 7121
4 5086 9590 7121 1413
4 2700 8074 9593 9592
4 8074 2648 9591 9593
4 9593 9591 2717 8972
4 9592 9593 8972 2765
4 2192 3740 9595 9594
4 3740 2178 3693 9595
4 9595 3693 2121 7978
4 9594 9595 7978 2263
4 1559 9596 9598 9469
4 9596 1527 3562 9598
4 9598 3562 1583 9597
4 9469 9598 9597 1597
4 2831 3747 9599 4721
4 3747 2829 9286 9599
4 9599 9286 2857 7643
4 4721 9599 7643 2808
4 2671 3474 9601 2959
4 3474 2577 8281 9601
4 9601 8281 2635 9600
4 2959 9601 9600 2800
4 2028 8149 9604 9603
4 8149 2087 9602 9604
4 9604 9602 2001 3016
4 9603 9604 3016 1956
4 2764 7250 9605 7075
4 7250 2660 5444 9605
4 9605 5444 2553 3646
4 7075 9605 3646 2676
4 1354 5533 9606 4234
4 5533 1431 7064 9606
4 9606 7064 1401 3849
4 4234 9606 3849 1327
4 2771 3832 9607 3119
4 3832 2791 6970 9607
4 9607 6970 2627 7669
4 3119 9607 7669 2644
4 2858 9259 9609 7152
4 9259 2810 9608 9609
4 9609 9608 2874 3133
4 7152 9609 3133 2830
4 819 8989 9610 5995
4 8989 731 3493 9610
4 9610 3493 755 6117
4 5995 9610 6117 765
4 2274 7612 9611 5803
4 7612 2356 3447 9611
4 9611 3447 2194 9431
4 5803 9611 9431 2251
4 2239 9612 9613 3222
4 9612 2190 8769 9613
4 9613 8769 2166 7754
4 3222 9613 7754 2126
4 880 4252 9614 8106
4 4252 942 5696 9614
4 9614 5696 1011 8395
4 8106 9614 8395 936
4 2304 5656 9615 9230
4 5656 2238 6070 9615
4 9615 6070 2301 9511
4 9230 9615 9511 2373
4 2502 8657 9616 9113
4 8657 2393 7956 9616
4 9616 7956 2544 3946
4 9113 9616 3946 2686
4 2095 9617 9619 9618
4 9617 2003 7864 9619
4 9619 7864 2042 3155
4 9618 9619 3155 2136
4 2324 9232 9621 3228
4 9232 2441 9620 9621
4 9621 9620 2188 3143
4 3228 9621 3143 2269
4 1910 8585 9622 9235
4 8585 1775 4601 9622
4 9622 4601 1791 7605
4 9235 9622 7605 1952
4 1921 7159 9624 9623
4 7159 2008 8305 9624
4 9624 8305 1971 6407
4 9623 9624 6407 1899
4 1285 8045 9627 9626
4 8045 1266 7174 9627
4 9627 7174 1207 9625
4 9626 9627 9625 1259
4 2605 9628 9630 9629
4 9628 2515 3958 9630
4 9630 3958 2475 4834
4 9629 9630 4834 2689
4 1034 3800 9634 9633
4 3800 994 9631 9634
4 9634 9631 946 9632
4 9633 9634 9632 1128
4 1884 8265 9635 3494
4 8265 1871 5754 9635
4 9635 5754 1813 9465
4 3494 9635 9465 1855
4 2345 9636 9637 9240
4 9636 2241 9008 9637
4 9637 9008 2184 6214
4 9240 9637 6214 2272
4 2327 5633 9639 9184
4 5633 2226 9638 9639
4 9639 9638 2206 7685
4 9184 9639 7685 2236
4 1923 9640 9643 9642
4 9640 1968 9641 9643
4 9643 9641 1898 9531
4 9642 9643 9531 1842
4 1956 3011 9644 9603
4 3011 2140 3030 9644
4 9644 3030 2077 8484
4 9603 9644 8484 2028
4 938 6569 9645 3084
4 6569 894 6450 9645
4 9645 6450 852 9034
4 3084 9645 9034 904
4 1674 9646 9648 4446
4 9646 1682 9647 9648
4 9648 9647 1702 8473
4 4446 9648 8473 1717
4 634 6344 9649 4330
4 6344 699 3191 9649
4 9649 3191 829 7597
4 4330 9649 7597 771
4 1732 3234 9651 9053
4 3234 1779 9107 9651
4 9651 9107 1762 9650
4 9053 9651 9650 1729
4 1636 8716 9652 5789
4 8716 1570 5062 9652
4 9652 5062 1609 9317
4 5789 9652 9317 1599
4 958 7578 9653 8411
4 7578 986 3356 9653
4 9653 3356 1021 8481
4 8411 9653 8481 945
4 1411 9654 9656 8047
4 9654 1377 9255 9656
4 9656 9255 1452 9655
4 8047 9656 9655 1478
4 2690 9657 9658 3676
4 9657 2720 5663 9658
4 9658 5663 2643 3914
4 3676 9658 3914 2549
4 2909 9197 9659 9186
4 9197 2537 5151 9659
4 9659 5151 2562 3066
4 9186 9659 3066 2615
4 2594 9660 9661 9085
4 9660 2276 7069 9661
4 9661 7069 2521 7223
4 9085 9661 7223 2678
4 2219 4030 9662 3601
4 4030 2095 9618 9662
4 9662 9618 2136 3695
4 3601 9662 3695 2113
4 1136 9123 9665 9664
4 9123 1169 9663 9665
4 9665 9663 1200 9293
4 9664 9665 9293 1173
4 1173 8553 9666 9664
4 8553 1137 9529 9666
4 9666 9529 1098 8287
4 9664 9666 8287 1136
4 2200 8959 9668 9667
4 8959 2147 6352 9668
4 9668 6352 2086 9385
4 9667 9668 9385 2125
4 1604 9584 9670 8902
4 9584 1582 7816 9670
4 9670 7816 1634 9669
4 8902 9670 9669 1661
4 1890 7541 9672 7904
4 7541 1965 9671 9672
4 9672 9671 2021 3103
4 7904 9672 3103 1940
4 1108 9204 9673 7976
4 9204 1184 7084 9673
4 9673 7084 1151 8896
4 7976 9673 8896 1062
4 2625 9674 9676 9675
4 9674 2636 3209 9676
4 9676 3209 2672 8971
4 9675 9676 8971 2717
4 1893 3009 9678 9677
4 3009 1956 3015 9678
4 9678 3015 1928 8540
4 9677 9678 8540 1857
4 937 9679 9681 5042
4 9679 898 3739 9681
4 9681 3739 900 9680
4 5042 9681 9680 975
4 2033 6703 9683 2962
4 6703 2062 9682 9683
4 9683 9682 2096 3396
4 2962 9683 3396 2039
4 2742 3751 9684 5314
4 3751 2771 3118 9684
4 9684 3118 2727 9471
4 5314 9684 9471 2707
4 1715 9389 9686 9685
4 9389 1690 3790 9686
4 9686 3790 1723 3508
4 9685 9686 3508 1760
4 2496 9218 9687 3449
4 9218 2405 8492 9687
4 9687 8492 2371 3463
4 3449 9687 3463 2513
4 1313 8383 9688 9497
4 8383 1366 3527 9688
4 9688 3527 1334 9068
4 9497 9688 9068 1283
4 1389 9689 9690 7012
4 9689 1363 8704 9690
4 9690 8704 1377 9654
4 7012 9690 9654 1411
4 1739 9491 9692 9691
4 9491 1796 3928 9692
4 9692 3928 1778 6592
4 9691 9692 6592 1757
4 1088 9693 9694 9555
4 9693 1099 8858 9694
4 9694 8858 1132 4540
4 9555 9694 4540 1027
4 2890 9315 9695 3665
4 9315 2893 8892 9695
4 9695 8892 2842 8773
4 3665 9695 8773 2809
4 2253 5530 9696 7496
4 5530 2175 7885 9696
4 9696 7885 2072 3547
4 7496 9696 3547 2174
4 2185 8906 9698 9541
4 8906 2105 9697 9698
4 9698 9697 2162 8650
4 9541 9698 8650 2247
4 2042 7863 9699 3153
4 7863 1962 3709 9699
4 9699 3709 2015 4399
4 3153 9699 4399 2088
4 2000 8184 9700 7656
4 8184 1975 5508 9700
4 9700 5508 2012 8783
4 7656 9700 8783 2035
4 2382 8803 9701 3516
4 8803 2222 8137 9701
4 9701 8137 2329 4277
4 3516 9701 4277 2394
4 2762 9587 9704 9703
4 9587 2826 9146 9704
4 9704 9146 2827 9702
4 9703 9704 9702 2768
4 2872 8307 9706 9705
4 8307 2751 5473 9706
4 9706 5473 2649 7224
4 9705 9706 7224 2542
4 2370 8004 9708 3468
4 8004 2266 9707 9708
4 9708 9707 2267 2933
4 3468 9708 2933 2387
4 943 8052 9709 8477
4 8052 932 5409 9709
4 9709 5409 876 9179
4 8477 9709 9179 914
4 2456 9508 9712 9711
4 9508 2406 9710 9712
4 9712 9710 2752 7667
4 9711 9712 7667 2504
4 2474 7409 9714 3178
4 7409 2429 9713 9714
4 9714 9713 2576 3062
4 3178 9714 3062 2590
4 1293 3171 9717 3114
4 3171 1267 9715 9717
4 9717 9715 1233 9716
4 3114 9717 9716 1263
4 2927 4000 9718 3754
4 4000 2905 8820 9718
4 9718 8820 2880 6398
4 3754 9718 6398 2910
4 1417 4482 9719 8900
4 4482 1353 7033 9719
4 9719 7033 1381 3167
4 8900 9719 3167 1459
4 1237 9720 9722 8791
4 9720 1279 9721 9722
4 9722 9721 1206 9376
4 8791 9722 9376 1209
4 1943 9723 9725 8132
4 9723 1869 8698 9725
4 9725 8698 1888 9724
4 8132 9725 9724 1964
4 2708 3024 9728 9727
4 3024 2775 9726 9728
4 9728 9726 2822 3001
4 9727 9728 3001 2756
4 2662 3409 9729 8643
4 3409 2741 8614 9729
4 9729 8614 2634 7954
4 8643 9729 7954 2539
4 1997 4964 9731 3387
4 4964 2050 9730 9731
4 9731 9730 2098 8676
4 3387 9731 8676 2116
4 2592 4904 9732 8424
4 4904 2435 7360 9732
4 9732 7360 2675 3543
4 8424 9732 3543 2463
4 946 8913 9734 9632
4 8913 966 3643 9734
4 9734 3643 1018 9733
4 9632 9734 9733 1128
4 2638 2960 9736 9735
4 2960 2800 4027 9736
4 9736 4027 2738 8292
4 9735 9736 8292 2
4 2136 3154 9737 3696
4 3154 2088 7776 9737
4 9737 7776 2173 9022
4 3696 9737 9022 2156
4 2452 9125 9739 7584
4 9125 2410 9738 9739
4 9739 9738 2534 7626
4 7584 9739 7626 2487
4 1818 9740 9741 9395
4 9740 1853 3537 9741
4 9741 3537 1772 9441
4 9395 9741 9441 1730
4 2137 8529 9742 8506
4 8529 2215 9121 9742
4 9742 9121 2172 9061
4 8506 9742 9061 2068
4 2350 9743 9744 3863
4 9743 2458 2929 9744
4 9744 2929 2419 8611
4 3863 9744 8611 2384
4 2893 3563 9745 8890
4 3563 2270 6012 9745
4 9745 6012 2843 3778
4 8890 9745 3778 2913
4 1305 8994 9746 8497
4 8994 1272 7608 9746
4 9746 7608 1208 7712
4 8497 9746 7712 1241
4 2750 3417 9747 8495
4 3417 2526 9077 9747
4 9747 9077 2688 3609
4 8495 9747 3609 2642
4 2130 8197 9750 9749
4 8197 2214 8651 9750
4 9750 8651 2162 9748
4 9749 9750 9748 2067
4 38 6011 9751 37
4 6011 2270 3565 9751
4 9751 3565 2920 8284
4 37 9751 8284 36
4 2079 8672 9752 8274
4 8672 2040 7529 9752
4 9752 7529 1957 3218
4 8274 9752 3218 2023
4 1176 3310 9754 9336
4 3310 1102 9057 9754
4 9754 9057 1150 9753
4 9336 9754 9753 1226
4 1355 8433 9755 8509
4 8433 1383 7195 9755
4 9755 7195 1324 8360
4 8509 9755 8360 1330
4 2003 9756 9758 7861
4 9756 2047 9757 9758
4 9758 9757 1968 9640
4 7861 9758 9640 1923
4 1028 2947 9759 8188
4 2947 1021 3358 9759
4 9759 3358 1054 7940
4 8188 9759 7940 1065
4 2273 8653 9761 9760
4 8653 2331 5334 9761
4 9761 5334 2221 8960
4 9760 9761 8960 2227
4 1583 3561 9765 9764
4 3561 1546 9762 9765
4 9765 9762 1608 9763
4 9764 9765 9763 1632
4 1037 4936 9767 9766
4 4936 1005 8053 9767
4 9767 8053 943 8476
4 9766 9767 8476 990
4 2471 2964 9768 7623
4 2964 2398 8851 9768
4 9768 8851 2456 9711
4 7623 9768 9711 2504
4 2278 9769 9770 8991
4 9769 2375 6710 9770
4 9770 6710 2190 9612
4 8991 9770 9612 2239
4 2388 5245 9771 3032
4 5245 2305 6458 9771
4 9771 6458 2104 3042
4 3032 9771 3042 2077
4 2062 3317 9772 9682
4 3317 2319 5864 9772
4 9772 5864 2103 8582
4 9682 9772 8582 2096
4 1535 9773 9775 9051
4 9773 1542 7581 9775
4 9775 7581 1592 9774
4 9051 9775 9774 1572
4 2847 9344 9776 8733
4 9344 2900 2980 9776
4 9776 2980 2620 3108
4 8733 9776 3108 2785
4 2464 9777 9778 3151
4 9777 2529 5148 9778
4 9778 5148 2537 9196
4 3151 9778 9196 2901
4 1278 6051 9781 9780
4 6051 1210 9072 9781
4 9781 9072 1257 9779
4 9780 9781 9779 1279
4 1730 9440 9782 9396
4 9440 1700 3412 9782
4 9782 3412 1710 7515
4 9396 9782 7515 1782
4 2133 8464 9784 7989
4 8464 273 272 9784
4 9784 272 271 9783
4 7989 9784 9783 2918
4 1168 8437 9785 3270
4 8437 1143 9545 9785
4 9785 9545 1130 8627
4 3270 9785 8627 1161
4 1263 9716 9786 3147
4 9716 1233 9580 9786
4 9786 9580 1225 8340
4 3147 9786 8340 1258
4 1218 9581 9787 7008
4 9581 1233 9715 9787
4 9787 9715 1267 7384
4 7008 9787 7384 1239
4 2657 7878 9789 6220
4 7878 2708 9727 9789
4 9789 9727 2756 9788
4 6220 9789 9788 2713
4 2486 6526 9791 9790
4 6526 2025 9453 9791
4 9791 9453 2568 3203
4 9790 9791 3203 2661
4 2339 9126 9793 9367
4 9126 2528 9792 9793
4 9793 9792 2453 8608
4 9367 9793 8608 2323
4 1462 3489 9794 3659
4 3489 1427 3541 9794
4 9794 3541 1453 8779
4 3659 9794 8779 1472
4 1020 9795 9797 3379
4 9795 974 9796 9797
4 9797 9796 885 7933
4 3379 9797 7933 849
4 2280 3248 9799 9798
4 3248 2519 6511 9799
4 9799 6511 2418 7182
4 9798 9799 7182 2385
4 2625 9354 9801 9674
4 9354 2546 3239 9801
4 9801 3239 2692 9800
4 9674 9801 9800 2636
4 2078 8295 9802 9228
4 8295 2117 7437 9802
4 9802 7437 2160 3614
4 9228 9802 3614 1994
4 2375 9769 9805 9804
4 9769 2278 8490 9805
4 9805 8490 2437 9803
4 9804 9805 9803 2693
4 1170 9140 9806 9522
4 9140 1238 9575 9806
4 9806 9575 1214 4453
4 9522 9806 4453 1154
4 2776 4674 9808 8350
4 4674 2695 6967 9808
4 9808 6967 2815 9807
4 8350 9808 9807 2838
4 1165 6105 9810 4925
4 6105 1222 9809 9810
4 9810 9809 1191 6625
4 4925 9810 6625 1159
4 2208 8786 9812 9811
4 8786 2152 9319 9812
4 9812 9319 2267 9707
4 9811 9812 9707 2266
4 2313 3139 9813 9410
4 3139 2230 9010 9813
4 9813 9010 2361 8736
4 9410 9813 8736 2451
4 2451 2936 9814 9411
4 2936 2453 9792 9814
4 9814 9792 2528 3325
4 9411 9814 3325 2392
4 295 4153 9815 296
4 4153 1918 3174 9815
4 9815 3174 2680 8066
4 296 9815 8066 297
4 1624 8856 9816 3007
4 8856 1641 7952 9816
4 9816 7952 1669 3787
4 3007 9816 3787 1755
4 2064 9817 9819 7078
4 9817 2258 8712 9819
4 9819 8712 2199 9818
4 7078 9819 9818 2153
4 2725 3321 9820 6902
4 3321 2763 8788 9820
4 9820 8788 2706 7051
4 6902 9820 7051 2612
4 829 3190 9821 7598
4 3190 777 5182 9821
4 9821 5182 866 3773
4 7598 9821 3773 839
4 1471 8946 9822 8551
4 8946 1518 9558 9822
4 9822 9558 1557 4671
4 8551 9822 4671 1508
4 2244 3105 9823 3057
4 3105 2197 6981 9823
4 9823 6981 2210 8687
4 3057 9823 8687 2246
4 2317 8985 9824 8171
4 8985 2161 8583 9824
4 9824 8583 2103 5867
4 8171 9824 5867 2183
4 990 9825 9826 9766
4 9825 1008 7488 9826
4 9826 7488 1031 8270
4 9766 9826 8270 1037
4 1724 6846 9827 3212
4 6846 1731 7216 9827
4 9827 7216 1671 5809
4 3212 9827 5809 1670
4 1393 3528 9828 8926
4 3528 1366 8201 9828
4 9828 8201 1424 3622
4 8926 9828 3622 1454
4 812 6065 9829 8374
4 6065 756 3170 9829
4 9829 3170 973 7867
4 8374 9829 7867 917
4 1364 8057 9830 9300
4 8057 1425 6024 9830
4 9830 6024 1380 6746
4 9300 9830 6746 1333
4 1585 9831 9832 9428
4 9831 1560 6161 9832
4 9832 6161 1612 3779
4 9428 9832 3779 1594
4 2734 6945 9834 7062
4 6945 2611 7501 9834
4 9834 7501 2705 9833
4 7062 9834 9833 2795
4 2347 9835 9839 9838
4 9835 2459 9836 9839
4 9839 9836 2478 9837
4 9838 9839 9837 2608
4 2768 7835 9840 9703
4 7835 2792 3337 9840
4 9840 3337 2701 8557
4 9703 9840 8557 2762
4 977 3471 9841 8479
4 3471 919 7301 9841
4 9841 7301 1008 9825
4 8479 9841 9825 990
4 1859 9192 9842 6159
4 9192 1821 7526 9842
4 9842 7526 1902 3518
4 6159 9842 3518 1934
4 1726 6639 9843 9388
4 6639 1702 9647 9843
4 9843 9647 1682 9281
4 9388 9843 9281 1649
4 1336 3268 9844 8200
4 3268 1302 8701 9844
4 9844 8701 1363 9689
4 8200 9844 9689 1389
4 1127 9313 9845 7592
4 9313 1094 6305 9845
4 9845 6305 1096 8910
4 7592 9845 8910 1134
4 1976 6113 9847 7594
4 6113 2017 9846 9847
4 9847 9846 1963 8544
4 7594 9847 8544 2039
4 2014 9848 9850 9849
4 9848 1844 7228 9850
4 9850 7228 1972 9142
4 9849 9850 9142 2176
4 2698 8042 9851 3890
4 8042 2748 9381 9851
4 9851 9381 2759 9524
4 3890 9851 9524 2915
4 1382 6075 9853 9852
4 6075 1412 3813 9853
4 9853 3813 1395 5740
4 9852 9853 5740 1365
4 2715 3976 9854 2968
4 3976 2543 6490 9854
4 9854 6490 2630 7805
4 2968 9854 7805 2745
4 1882 6115 9855 7778
4 6115 1921 9623 9855
4 9855 9623 1899 6099
4 7778 9855 6099 1840
4 2285 9856 9858 8356
4 9856 2433 9857 9858
4 9858 9857 2383 8033
4 8356 9858 8033 2265
4 2013 4704 9859 3504
4 4704 1974 7188 9859
4 9859 7188 1992 5927
4 3504 9859 5927 2055
4 2359 5584 9860 5600
4 5584 2337 3242 9860
4 9860 3242 2507 8812
4 5600 9860 8812 2396
4 1279 9720 9861 3651
4 9720 1237 6089 9861
4 9861 6089 1303 3987
4 3651 9861 3987 1346
4 1386 8568 9862 7674
4 8568 1419 8434 9862
4 9862 8434 1355 8508
4 7674 9862 8508 1361
4 2404 9537 9863 6947
4 9537 2669 9550 9863
4 9863 9550 2578 3181
4 6947 9863 3181 2338
4 2247 8649 9864 9542
4 8649 2312 7298 9864
4 9864 7298 2390 8978
4 9542 9864 8978 2457
4 1696 9449 9865 9443
4 9449 1657 9262 9865
4 9865 9262 1617 5311
4 9443 9865 5311 1646
4 2073 5713 9866 4029
4 5713 2047 9756 9866
4 9866 9756 2003 9617
4 4029 9866 9617 2095
4 2226 3231 9868 9638
4 3231 2283 4226 9868
4 9868 4226 2151 9867
4 9638 9868 9867 2206
4 2783 8921 9870 3716
4 8921 2723 7061 9870
4 9870 7061 2761 9869
4 3716 9870 9869 2814
4 2574 9399 9872 9871
4 9399 2490 6072 9872
4 9872 6072 2595 9461
4 9871 9872 9461 2438
4 2589 9873 9875 3971
4 9873 2476 9251 9875
4 9875 9251 2691 9874
4 3971 9875 9874 2555
4 2731 4732 9876 3510
4 4732 2655 7249 9876
4 9876 7249 2718 9238
4 3510 9876 9238 2798
4 1727 3506 9877 7840
4 3506 1723 5839 9877
4 9877 5839 1691 3798
4 7840 9877 3798 1675
4 1656 6862 9879 9878
4 6862 1629 8573 9879
4 9879 8573 1673 9054
4 9878 9879 9054 1729
4 2322 3052 9881 6379
4 3052 2153 9818 9881
4 9881 9818 2199 9880
4 6379 9881 9880 2228
4 1644 9882 9884 3823
4 9882 1605 9883 9884
4 9884 9883 1515 3098
4 3823 9884 3098 1596
4 1466 3074 9885 3022
4 3074 1536 7680 9885
4 9885 7680 1560 9831
4 3022 9885 9831 1585
4 2225 3864 9886 9120
4 3864 2384 7112 9886
4 9886 7112 2309 9062
4 9120 9886 9062 2172
4 2286 9887 9890 9012
4 9887 2367 9888 9890
4 9890 9888 2449 9889
4 9012 9890 9889 2433
4 1328 8599 9891 9165
4 8599 1300 3278 9891
4 9891 3278 1428 9391
4 9165 9891 9391 1385
4 202 3950 9892 201
4 3950 2092 3873 9892
4 9892 3873 2683 7838
4 201 9892 7838 200
4 2697 3673 9893 7073
4 3673 2743 7836 9893
4 9893 7836 2768 9702
4 7073 9893 9702 2827
4 1760 9894 9896 9685
4 9894 1792 3198 9896
4 9896 3198 1754 9895
4 9685 9896 9895 1715
4 2242 9897 9899 7659
4 9897 2682 3834 9899
4 9899 3834 2603 9898
4 7659 9899 9898 2357
4 2291 7790 9900 6786
4 7790 2332 6465 9900
4 9900 6465 2416 9478
4 6786 9900 9478 2450
4 1434 3456 9901 9256
4 3456 1390 3490 9901
4 9901 3490 1462 3661
4 9256 9901 3661 1487
4 1390 4784 9902 3488
4 4784 1346 3989 9902
4 9902 3989 1373 6744
4 3488 9902 6744 1427
4 2455 3533 9903 8695
4 3533 2254 7891 9903
4 9903 7891 247 246
4 8695 9903 246 245
4 1804 6507 9904 7723
4 6507 1748 5841 9904
4 9904 5841 1868 3945
4 7723 9904 3945 1873
4 1222 4368 9905 9809
4 4368 1204 7346 9905
4 9905 7346 1138 5499
4 9809 9905 5499 1191
4 1493 6854 9906 8247
4 6854 1526 3251 9906
4 9906 3251 1638 8563
4 8247 9906 8563 1517
4 2500 9907 9910 9502
4 9907 2567 9908 9910
4 9910 9908 2515 9909
4 9502 9910 9909 2407
4 2839 3938 9913 9912
4 3938 2755 9911 9913
4 9913 9911 2700 9592
4 9912 9913 9592 2765
4 1463 8915 9914 6634
4 8915 1410 9017 9914
4 9914 9017 1400 6990
4 6634 9914 6990 1421
4 2899 5669 9915 3736
4 5669 2066 4959 9915
4 9915 4959 2854 9483
4 3736 9915 9483 2892
4 1866 8794 9916 9466
4 8794 1814 8541 9916
4 9916 8541 1892 9074
4 9466 9916 9074 1855
4 1311 9264 9917 9574
4 9264 1325 8865 9917
4 9917 8865 1339 4465
4 9574 9917 4465 1277
4 898 9679 9918 8422
4 9679 937 6042 9918
4 9918 6042 872 8534
4 8422 9918 8534 834
4 2019 9919 9920 6585
4 9919 1919 5457 9920
4 9920 5457 2052 3484
4 6585 9920 3484 2211
4 2105 9921 9922 9697
4 9921 2076 8662 9922
4 9922 8662 2067 9748
4 9697 9922 9748 2162
4 2143 9209 9923 3380
4 9209 1979 4678 9923
4 9923 4678 1919 9919
4 3380 9923 9919 2019
4 923 8912 9924 8194
4 8912 946 9631 9924
4 9924 9631 994 9224
4 8194 9924 9224 959
4 1351 6027 9925 8864
4 6027 1382 9852 9925
4 9925 9852 1365 4466
4 8864 9925 4466 1339
4 1667 9088 9926 8588
4 9088 1642 6538 9926
4 9926 6538 1692 3803
4 8588 9926 3803 1716
4 1413 7120 9927 5087
4 7120 1430 9414 9927
4 9927 9414 1358 7614
4 5087 9927 7614 1397
4 2700 9911 9929 8075
4 9911 2755 9928 9929
4 9929 9928 2739 7792
4 8075 9929 7792 2614
4 2364 4008 9930 3233
4 4008 2514 8610 9930
4 9930 8610 2419 2928
4 3233 9930 2928 2283
4 2709 7105 9932 7697
4 7105 2803 4017 9932
4 9932 4017 2860 9931
4 7697 9932 9931 2799
4 1632 5837 9933 9764
4 5837 1668 6303 9933
4 9933 6303 1597 9597
4 9764 9933 9597 1583
4 977 8478 9934 3472
4 8478 914 9178 9934
4 9934 9178 890 5394
4 3472 9934 5394 858
4 2337 5583 9935 8849
4 5583 2318 3106 9935
4 9935 3106 2244 3059
4 8849 9935 3059 2277
4 1158 9416 9936 8334
4 9416 1188 6648 9936
4 9936 6648 1133 6965
4 8334 9936 6965 1124
4 2067 8661 9937 9749
4 8661 2038 8399 9937
4 9937 8399 2037 5874
4 9749 9937 5874 2130
4 2123 9938 9939 7453
4 9938 2264 8238 9939
4 9939 8238 2218 3283
4 7453 9939 3283 2167
4 1511 7443 9942 9941
4 7443 1474 7564 9942
4 9942 7564 1496 9940
4 9941 9942 9940 1524
4 1568 5416 9943 8546
4 5416 1607 8117 9943
4 9943 8117 1666 8952
4 8546 9943 8952 1637
4 1296 3701 9944 3650
4 3701 1344 4296 9944
4 9944 4296 1278 9780
4 3650 9944 9780 1279
4 2056 7782 9946 3091
4 7782 2001 9602 9946
4 9946 9602 2087 9945
4 3091 9946 9945 2063
4 2277 3058 9947 8850
4 3058 2246 2978 9947
4 9947 2978 2389 9509
4 8850 9947 9509 2456
4 2014 8008 9948 9848
4 8008 2098 9730 9948
4 9948 9730 2050 7930
4 9848 9948 7930 1844
4 1016 8930 9949 3619
4 8930 951 7935 9949
4 9949 7935 927 5274
4 3619 9949 5274 883
4 1888 8697 9951 9950
4 8697 1862 5221 9951
4 9951 5221 1907 3885
4 9950 9951 3885 2010
4 1590 6402 9952 8723
4 6402 1573 9559 9952
4 9952 9559 1565 8742
4 8723 9952 8742 1631
4 1889 9436 9953 3744
4 9436 1874 7233 9953
4 9953 7233 2358 5344
4 3744 9953 5344 2315
4 962 4908 9954 5733
4 4908 1049 8504 9954
4 9954 8504 1019 3982
4 5733 9954 3982 921
4 1660 3799 9955 8718
4 3799 1691 5838 9955
4 9955 5838 1632 9763
4 8718 9955 9763 1608
4 1779 3236 9958 3112
4 3236 1794 9956 9958
4 9958 9956 1820 9957
4 3112 9958 9957 1878
4 2828 3717 9959 8622
4 3717 2814 9046 9959
4 9959 9046 2763 3323
4 8622 9959 3323 2820
4 2346 2957 9961 7448
4 2957 2531 9960 9961
4 9961 9960 2406 9507
4 7448 9961 9507 2288
4 1742 6847 9962 5917
4 6847 1724 3211 9962
4 9962 3211 1694 8854
4 5917 9962 8854 1722
4 2286 9011 9964 9963
4 9011 2230 8330 9964
4 9964 8330 2220 8690
4 9963 9964 8690 2294
4 2807 9383 9966 3306
4 9383 2623 9965 9966
4 9966 9965 2860 8388
4 3306 9966 8388 2887
4 1483 8081 9968 9967
4 8081 1445 7522 9968
4 9968 7522 1408 8869
4 9967 9968 8869 1435
4 2564 6922 9971 9970
4 6922 2480 3201 9971
4 9971 3201 2568 9969
4 9970 9971 9969 2753
4 2914 2983 9972 7148
4 2983 2841 6961 9972
4 9972 6961 2881 9438
4 7148 9972 9438 2886
4 1488 3205 9973 9159
4 3205 1431 5536 9973
4 9973 5536 1461 8079
4 9159 9973 8079 1558
4 2123 3866 9976 9938
4 3866 2099 9974 9976
4 9976 9974 2059 9975
4 9938 9976 9975 2264
4 1645 7375 9978 6484
4 7375 1750 8606 9978
4 9978 8606 1706 9977
4 6484 9978 9977 1677
4 1680 9578 9979 8119
4 9578 1703 8839 9979
4 9979 8839 1693 8953
4 8119 9979 8953 1666
4 970 4824 9980 3842
4 4824 1015 3136 9980
4 9980 3136 807 7932
4 3842 9980 7932 913
4 1757 5812 9982 9691
4 5812 1709 9981 9982
4 9982 9981 1725 8841
4 9691 9982 8841 1739
4 2654 3589 9983 4140
4 3589 2726 6284 9983
4 9983 6284 2724 3922
4 4140 9983 3922 2631
4 2410 7118 9984 9738
4 7118 2344 7923 9984
4 9984 7923 2428 4013
4 9738 9984 4013 2534
4 2266 8003 9985 9811
4 8003 2279 7296 9985
4 9985 7296 2248 6616
4 9811 9985 6616 2208
4 1402 5745 9986 3812
4 5745 1370 7089 9986
4 9986 7089 1323 5741
4 3812 9986 5741 1395
4 2775 3026 9988 9987
4 3026 2794 4024 9988
4 9988 4024 2617 6154
4 9987 9988 6154 2702
4 2833 3313 9989 7696
4 3313 2420 6677 9989
4 9989 6677 2397 3045
4 7696 9989 3045 2469
4 1911 9990 9991 6739
4 9990 1870 8363 9991
4 9991 8363 1944 9564
4 6739 9991 9564 1970
4 2686 3948 9993 9114
4 3948 2747 3301 9993
4 9993 3301 2556 9992
4 9114 9993 9992 2597
4 2607 9076 9994 5882
4 9076 2526 3416 9994
4 9994 3416 2693 9803
4 5882 9994 9803 2437
4 1759 5046 9996 9995
4 5046 1695 3967 9996
4 9996 3967 1655 6482
4 9995 9996 6482 1677
4 2446 8210 9998 9997
4 8210 2408 6869 9998
4 9998 6869 2503 4352
4 9997 9998 4352 2596
4 2839 9912 10000 9999
4 9912 2765 4042 10000
4 10000 4042 2538 7797
4 9999 10000 7797 2850
4 1050 9020 10001 8098
4 9020 1086 4915 10001
4 10001 4915 1053 8875
4 8098 10001 8875 984
4 1661 9669 10002 7265
4 9669 1634 9282 10002
4 10002 9282 1682 9646
4 7265 10002 9646 1674
4 2467 8405 10003 6661
4 8405 2616 7388 10003
4 10003 7388 2848 3067
4 6661 10003 3067 2562
4 2119 8483 10004 9167
4 8483 2180 7686 10004
4 10004 7686 2206 9867
4 9167 10004 9867 2151
4 1374 9369 10005 3848
4 9369 1326 8995 10005
4 10005 8995 1305 8499
4 3848 10005 8499 1327
4 847 5426 10007 10006
4 5426 918 5922 10007
4 10007 5922 975 9680
4 10006 10007 9680 900
4 1086 9019 10008 4916
4 9019 1082 8288 10008
4 10008 8288 1098 9528
4 4916 10008 9528 1081
4 1695 5045 10009 3968
4 5045 1619 9194 10009
4 10009 9194 1602 9049
4 3968 10009 9049 1628
4 2429 7369 10010 9713
4 7369 1437 5223 10010
4 10010 5223 2516 4016
4 9713 10010 4016 2576
4 255 3858 10011 256
4 3858 2773 5238 10011
4 10011 5238 2813 5749
4 256 10011 5749 257
4 1807 10012 10014 9533
4 10012 1914 3349 10014
4 10014 3349 1785 10013
4 9533 10014 10013 1767
4 1262 9299 10015 6088
4 9299 1333 6745 10015
4 10015 6745 1373 3988
4 6088 10015 3988 1303
4 900 3738 10016 10006
4 3738 810 8026 10016
4 10016 8026 769 7671
4 10006 10016 7671 847
4 1468 8522 10018 3578
4 8522 1506 10017 10018
4 10018 10017 1415 8918
4 3578 10018 8918 1439
4 2176 3615 10019 9849
4 3615 2160 7290 10019
4 10019 7290 2111 8006
4 9849 10019 8006 2014
4 2786 7503 10021 10020
4 7503 2664 7690 10021
4 10021 7690 2712 8445
4 10020 10021 8445 2767
4 2500 3019 10024 9907
4 3019 2417 10022 10024
4 10024 10022 2561 10023
4 9907 10024 10023 2567
4 1289 8156 10026 8825
4 8156 1235 9294 10026
4 10026 9294 1200 10025
4 8825 10026 10025 1255
4 809 7430 10028 7536
4 7430 825 6576 10028
4 10028 6576 723 10027
4 7536 10028 10027 790
4 1570 8715 10029 5063
4 8715 1608 9762 10029
4 10029 9762 1546 9222
4 5063 10029 9222 1521
4 980 9424 10030 7874
4 9424 1024 6306 10030
4 10030 6306 1094 9312
4 7874 10030 9312 1009
4 2684 10031 10032 2975
4 10031 2559 7351 10032
4 10032 7351 2573 9131
4 2975 10032 9131 2558
4 2541 5008 10033 2988
4 5008 2468 4456 10033
4 10033 4456 2663 9215
4 2988 10033 9215 2714
4 1368 6857 10034 6989
4 6857 1396 6601 10034
4 10034 6601 1433 3934
4 6989 10034 3934 1421
4 1087 3304 10036 7942
4 3304 1068 3335 10036
4 10036 3335 1129 10035
4 7942 10036 10035 1109
4 2385 6675 10037 9798
4 6675 2273 9760 10037
4 10037 9760 2227 7098
4 9798 10037 7098 2280
4 2294 3811 10039 9963
4 3811 2386 10038 10039
4 10039 10038 2367 9887
4 9963 10039 9887 2286
4 818 3501 10040 5392
4 3501 735 7509 10040
4 10040 7509 725 6197
4 5392 10040 6197 760
4 1985 7902 10042 3131
4 7902 1940 10041 10042
4 10042 10041 1839 6006
4 3131 10042 6006 1836
4 2426 10043 10044 3478
4 10043 2285 8358 10044
4 10044 8358 2368 9038
4 3478 10044 9038 2289
4 1826 9082 10045 7824
4 9082 1966 3669 10045
4 10045 3669 1776 5270
4 7824 10045 5270 1735
4 2471 7622 10046 2965
4 7622 2547 7879 10046
4 10046 7879 2657 6219
4 2965 10046 6219 2687
4 1672 8069 10047 7493
4 8069 1689 6769 10047
4 10047 6769 1659 8215
4 7493 10047 8215 1648
4 1885 7231 10048 5724
4 7231 1769 6554 10048
4 10048 6554 1949 3906
4 5724 10048 3906 2501
4 2139 8639 10049 3876
4 8639 2154 7367 10049
4 10049 7367 2114 7133
4 3876 10049 7133 2100
4 2433 9856 10050 9013
4 9856 2285 10043 10050
4 10050 10043 2426 8737
4 9013 10050 8737 2361
4 2641 7108 10053 10052
4 7108 2016 10051 10053
4 10053 10051 2567 10023
4 10052 10053 10023 2561
4 1878 9957 10054 6730
4 9957 1820 3442 10054
4 10054 3442 1913 3632
4 6730 10054 3632 1947
4 1554 10055 10056 5091
4 10055 1562 8515 10056
4 10056 8515 1584 3677
4 5091 10056 3677 1571
4 2640 2969 10059 10058
4 2969 2745 10057 10059
4 10059 10057 2626 9212
4 10058 10059 9212 2604
4 1837 8462 10060 4866
4 8462 1797 7425 10060
4 10060 7425 1851 8364
4 4866 10060 8364 1870
4 1807 10061 10062 10012
4 10061 1953 8730 10062
4 10062 8730 1861 6442
4 10012 10062 6442 1914
4 1438 10063 10064 6807
4 10063 1514 3916 10064
4 10064 3916 1509 5706
4 6807 10064 5706 1486
4 2605 8692 10065 9628
4 8692 2454 6817 10065
4 10065 6817 2407 9909
4 9628 10065 9909 2515
4 1538 7001 10066 3595
4 7001 1543 8777 10066
4 10066 8777 1524 9940
4 3595 10066 9940 1496
4 1125 9296 10067 7124
4 9296 999 5954 10067
4 10067 5954 1067 9056
4 7124 10067 9056 1084
4 1767 10013 10070 9271
4 10013 1785 10068 10070
4 10070 10068 1761 10069
4 9271 10070 10069 1877
4 1964 9724 10071 7262
4 9724 1888 9950 10071
4 10071 9950 2010 3894
4 7262 10071 3894 2041
4 1043 8796 10072 6179
4 8796 981 7974 10072
4 10072 7974 1062 8895
4 6179 10072 8895 1117
4 2458 10073 10074 2930
4 10073 2367 10038 10074
4 10074 10038 2386 4227
4 2930 10074 4227 2283
4 1544 7814 10075 9552
4 7814 1582 9583 10075
4 10075 9583 1528 8381
4 9552 10075 8381 1501
4 2841 2982 10076 5492
4 2982 2885 9433 10076
4 10076 9433 2926 3878
4 5492 10076 3878 2907
4 2599 3681 10077 5328
4 3681 2550 8073 10077
4 10077 8073 2614 7795
4 5328 10077 7795 2570
4 1726 9387 10078 6636
4 9387 1715 9895 10078
4 10078 9895 1754 3200
4 6636 10078 3200 1795
4 1072 9029 10079 3367
4 9029 1099 9693 10079
4 10079 9693 1088 3657
4 3367 10079 3657 1042
4 2458 9743 10080 10073
4 9743 2350 7899 10080
4 10080 7899 2449 9888
4 10073 10080 9888 2367
4 1947 7459 10083 6731
4 7459 1995 10081 10083
4 10083 10081 2059 10082
4 6731 10083 10082 1909
4 2395 9358 10084 3608
4 9358 1650 5893 10084
4 10084 5893 2520 3514
4 3608 10084 3514 2642
4 1963 9846 10086 8543
4 9846 2017 10085 10086
4 10086 10085 1894 9562
4 8543 10086 9562 1931
4 2722 10087 10088 8617
4 10087 2667 3977 10088
4 10088 3977 2715 2967
4 8617 10088 2967 2640
4 2902 4618 10089 8389
4 4618 2870 8465 10089
4 10089 8465 2133 7990
4 8389 10089 7990 2887
4 1527 9596 10090 9154
4 9596 1559 3795 10090
4 10090 3795 1500 9148
4 9154 10090 9148 1480
4 2479 8219 10092 8619
4 8219 2564 9970 10092
4 10092 9970 2753 10091
4 8619 10092 10091 2645
4 2479 8618 10093 8217
4 8618 2640 10058 10093
4 10093 10058 2604 3037
4 8217 10093 3037 2403
4 2232 5240 10094 9248
4 5240 2169 5597 10094
4 10094 5597 2213 3715
4 9248 10094 3715 2243
4 2430 3328 10095 7413
4 3328 2231 4660 10095
4 10095 4660 2241 9636
4 7413 10095 9636 2345
4 2702 6342 10096 9987
4 6342 2787 9015 10096
4 10096 9015 2822 9726
4 9987 10096 9726 2775
4 910 5961 10097 8416
4 5961 892 9304 10097
4 10097 9304 944 9476
4 8416 10097 9476 982
4 2850 6396 10098 9999
4 6396 2840 5965 10098
4 10098 5965 2825 3939
4 9999 10098 3939 2839
4 1092 10099 10100 9326
4 10099 1076 8664 10100
4 10100 8664 1146 6473
4 9326 10100 6473 1097
4 2665 9355 10101 5769
4 9355 2625 9675 10101
4 10101 9675 2717 9591
4 5769 10101 9591 2648
4 2594 3720 10102 9660
4 3720 2223 8904 10102
4 10102 8904 2185 9540
4 9660 10102 9540 2276
4 1491 9427 10103 5305
4 9427 1542 9773 10103
4 10103 9773 1535 8575
4 5305 10103 8575 1473
4 2477 7183 10104 6726
4 7183 2418 6510 10104
4 10104 6510 2533 6370
4 6726 10104 6370 2572
4 2126 6735 10105 3223
4 6735 2107 7852 10105
4 10105 7852 2525 7280
4 3223 10105 7280 2448
4 875 9267 10106 7303
4 9267 916 6534 10106
4 10106 6534 969 8109
4 7303 10106 8109 941
4 2336 10107 10110 6381
4 10107 2409 10108 10110
4 10110 10108 2735 10109
4 6381 10110 10109 2391
4 1516 5446 10111 3918
4 5446 1555 5718 10111
4 10111 5718 1533 5704
4 3918 10111 5704 1509
4 1939 7531 10112 8264
4 7531 2011 9064 10112
4 10112 9064 1983 9463
4 8264 10112 9463 1954
4 2691 9250 10113 9874
4 9250 2636 9800 10113
4 10113 9800 2692 8531
4 9874 10113 8531 2555
4 1800 10114 10115 6591
4 10114 1843 3440 10115
4 10115 3440 1820 9956
4 6591 10115 9956 1794
4 1761 7150 10117 10069
4 7150 1720 10116 10117
4 10117 10116 1917 7236
4 10069 10117 7236 1877
4 2770 5176 10118 8623
4 5176 1774 5202 10118
4 10118 5202 2729 3923
4 8623 10118 3923 2724
4 2589 8728 10119 9873
4 8728 2681 4021 10119
4 10119 4021 2588 6500
4 9873 10119 6500 2476
4 2874 9608 10120 3134
4 9608 2810 8351 10120
4 10120 8351 2838 8259
4 3134 10120 8259 2757
4 787 10121 10122 7451
4 10121 732 6611 10122
4 10122 6611 824 8949
4 7451 10122 8949 805
4 2864 4773 10123 3998
4 4773 2849 9418 10123
4 10123 9418 2844 8084
4 3998 10123 8084 2819
4 2478 9836 10126 10125
4 9836 2459 10124 10126
4 10126 10124 2693 3418
4 10125 10126 3418 2750
4 705 6363 10128 7683
4 6363 704 10127 10128
4 10128 10127 790 10027
4 7683 10128 10027 723
4 1458 7091 10129 6573
4 7091 1352 3394 10129
4 10129 3394 1415 10017
4 6573 10129 10017 1506
4 2412 2955 10130 3825
4 2955 2346 8674 10130
4 10130 8674 2391 10109
4 3825 10130 10109 2735
4 2438 8846 10132 9871
4 8846 2875 10131 10132
4 10132 10131 2673 3756
4 9871 10132 3756 2574
4 1452 9257 10133 9655
4 9257 1487 8249 10133
4 10133 8249 1498 8888
4 9655 10133 8888 1478
4 1500 3794 10134 9149
4 3794 1534 7018 10134
4 10134 7018 1475 8227
4 9149 10134 8227 1455
4 2608 9422 10135 9838
4 9422 2609 4036 10135
4 10135 4036 2492 8526
4 9838 10135 8526 2347
4 2311 3962 10136 6246
4 3962 2355 5871 10136
4 10136 5871 2333 4683
4 6246 10136 4683 2182
4 2100 7134 10138 3874
4 7134 2032 9065 10138
4 10138 9065 2011 10137
4 3874 10138 10137 2101
4 2282 6815 10139 9505
4 6815 2316 3469 10139
4 10139 3469 2387 2932
4 9505 10139 2932 2204
4 1131 2953 10140 8143
4 2953 1069 5249 10140
4 10140 5249 1162 3951
4 8143 10140 3951 1139
4 2795 9833 10141 3941
4 9833 2705 9407 10141
4 10141 9407 2834 8127
4 3941 10141 8127 2871
4 2029 5715 10142 7994
4 5715 2142 8785 10142
4 10142 8785 2118 6084
4 7994 10142 6084 2093
4 2924 6793 10143 7706
4 6793 2911 5901 10143
4 10143 5901 2925 3920
4 7706 10143 3920 2904
4 1909 10082 10144 9499
4 10082 2059 9974 10144
4 10144 9974 2099 9242
4 9499 10144 9242 1876
4 2704 8682 10145 9323
4 8682 2618 6144 10145
4 10145 6144 2733 3956
4 9323 10145 3956 2790
4 2144 7482 10146 8152
4 7482 2262 3070 10146
4 10146 3070 2063 9945
4 8152 10146 9945 2087
4 2298 7767 10147 5050
4 7767 1886 3899 10147
4 10147 3899 1827 5174
4 5050 10147 5174 1773
4 1510 8230 10148 8758
4 8230 1558 8082 10148
4 10148 8082 1483 9967
4 8758 10148 9967 1435
4 2837 3109 10149 8086
4 3109 2620 9181 10149
4 10149 9181 2713 9788
4 8086 10149 9788 2756
4 1623 5808 10150 7734
4 5808 1665 8409 10150
4 10150 8409 1635 9097
4 7734 10150 9097 1611
4 2561 10022 10152 10151
4 10022 2417 8527 10152
4 10152 8527 2492 4035
4 10151 10152 4035 2600
4 1785 3348 10153 10068
4 3348 1744 2986 10153
4 10153 2986 1716 3805
4 10068 10153 3805 1761
4 2357 9898 10154 8324
4 9898 2603 9474 10154
4 10154 9474 2529 9777
4 8324 10154 9777 2464
4 2347 8525 10156 9835
4 8525 2460 3902 10156
4 10156 3902 2281 10155
4 9835 10156 10155 2459
4 2745 7804 10158 10057
4 7804 2793 6445 10158
4 10158 6445 2836 10157
4 10057 10158 10157 2626
4 2321 3964 10159 4040
4 3964 2293 9517 10159
4 10159 9517 2228 9880
4 4040 10159 9880 2199
4 2747 3947 10160 3302
4 3947 2544 7955 10160
4 10160 7955 2634 8613
4 3302 10160 8613 2639
4 2903 8257 10162 10161
4 8257 2879 3100 10162
4 10162 3100 2758 7106
4 10161 10162 7106 2622
4 1620 8118 10163 8140
4 8118 1607 9456 10163
4 10163 9456 1605 9882
4 8140 10163 9882 1644
4 2531 7809 10164 9960
4 7809 2644 7668 10164
4 10164 7668 2752 9710
4 9960 10164 9710 2406
4 895 8950 10165 3372
4 8950 865 5730 10165
4 10165 5730 921 3981
4 3372 10165 3981 978
4 2875 8845 10167 10166
4 8845 2409 10107 10167
4 10167 10107 2336 9518
4 10166 10167 9518 2360
4 1647 8954 10168 3259
4 8954 1693 8838 10168
4 10168 8838 1725 9981
4 3259 10168 9981 1709
4 976 7254 10169 9548
4 7254 857 3050 10169
4 10169 3050 901 4901
4 9548 10169 4901 956
4 2325 9170 10171 8091
4 9170 2240 7365 10171
4 10171 7365 2154 10170
4 8091 10171 10170 2229
4 2624 8963 10172 8679
4 8963 2559 10031 10172
4 10172 10031 2684 2974
4 8679 10172 2974 2637
4 2610 9032 10173 9134
4 9032 2582 3726 10173
4 10173 3726 2518 5957
4 9134 10173 5957 2440
4 2026 8645 10174 6839
4 8645 2092 3949 10174
4 10174 3949 204 205
4 6839 10174 205 206
4 1100 6151 10175 5482
4 6151 1171 3318 10175
4 10175 3318 1226 9753
4 5482 10175 9753 1150
4 2258 9817 10176 3005
4 9817 2064 8667 10176
4 10176 8667 2018 9118
4 3005 10176 9118 2044
4 2460 8524 10177 3903
4 8524 2417 3018 10177
4 10177 3018 2366 9346
4 3903 10177 9346 2296
4 1593 6536 10178 7246
4 6536 1642 9087 10178
4 10178 9087 1575 9447
4 7246 10178 9447 1547
4 972 4623 10179 3845
4 4623 885 9796 10179
4 10179 9796 974 5406
4 3845 10179 5406 932
4 2814 9869 10180 9047
4 9869 2761 3942 10180
4 10180 3942 2871 2938
4 9047 10180 2938 2621
4 1853 9740 10181 3127
4 9740 1818 9561 10181
4 10181 9561 1894 10085
4 3127 10181 10085 2017
4 411 6889 10182 412
4 6889 2671 2958 10182
4 10182 2958 2638 9735
4 412 10182 9735 2
4 2495 4737 10183 9091
4 4737 2379 7571 10183
4 10183 7571 2443 3994
4 9091 10183 3994 2427
4 2663 4455 10184 9216
4 4455 2584 7395 10184
4 10184 7395 2746 3163
4 9216 10184 3163 2646
4 1881 5625 10185 3027
4 5625 1896 3158 10185
4 10185 3158 1986 6545
4 3027 10185 6545 1942
4 2040 8671 10186 7530
4 8671 2145 7573 10186
4 10186 7573 2101 10137
4 7530 10186 10137 2011
4 1357 6414 10187 5085
4 6414 1399 7197 10187
4 10187 7197 1429 2997
4 5085 10187 2997 1460
4 1799 10188 10189 8212
4 10188 1951 8801 10189
4 10189 8801 1893 9677
4 8212 10189 9677 1857
4 2782 4028 10191 10190
4 4028 2800 9600 10191
4 10191 9600 2635 3826
4 10190 10191 3826 2735
4 2790 3955 10192 9480
4 3955 1405 5078 10192
4 10192 5078 2732 4025
4 9480 10192 4025 2794
4 1169 8122 10193 9663
4 8122 1227 7607 10193
4 10193 7607 1255 10025
4 9663 10193 10025 1200
4 636 9245 10194 4248
4 9245 716 7517 10194
4 10194 7517 732 10121
4 4248 10194 10121 787
4 2561 10151 10195 10052
4 10151 2600 3986 10195
4 10195 3986 2653 6978
4 10052 10195 6978 2641
4 2338 3180 10196 5635
4 3180 2446 9997 10196
4 10196 9997 2596 4009
4 5635 10196 4009 2364
4 1943 7406 10197 9723
4 7406 2049 3991 10197
4 10197 3991 1905 5098
4 9723 10197 5098 1869
4 2368 8357 10198 9039
4 8357 2192 9594 10198
4 10198 9594 2263 6597
4 9039 10198 6597 2250
4 1719 7492 10199 8974
4 7492 1759 9995 10199
4 10199 9995 1677 9977
4 8974 10199 9977 1706
4 2628 8126 10201 8871
4 8126 2834 9406 10201
4 10201 9406 2878 10200
4 8871 10201 10200 2696
4 2261 2941 10202 4039
4 2941 2114 7366 10202
4 10202 7366 2191 3965
4 4039 10202 3965 2321
4 1962 7862 10204 3707
4 7862 1923 10203 10204
4 10204 10203 1945 9495
4 3707 10204 9495 1982
4 985 9225 10205 5420
4 9225 1076 10099 10205
4 10205 10099 1092 9328
4 5420 10205 9328 1047
4 2782 10190 10206 9002
4 10190 2735 10108 10206
4 10206 10108 2409 8844
4 9002 10206 8844 2835
4 2047 5712 10207 9757
4 5712 2029 7997 10207
4 10207 7997 2002 7143
4 9757 10207 7143 1968
4 2365 7512 10208 5320
4 7512 2234 8012 10208
4 10208 8012 2307 3711
4 5320 10208 3711 2297
4 2633 3164 10210 8104
4 3164 2746 7394 10210
4 10210 7394 2668 10209
4 8104 10210 10209 2556
4 2268 7100 10211 8984
4 7100 2200 9667 10211
4 10211 9667 2125 7910
4 8984 10211 7910 2161
4 2478 10125 10212 9837
4 10125 2750 8494 10212
4 10212 8494 2749 3860
4 9837 10212 3860 2608
4 1911 6742 10213 9990
4 6742 1843 10114 10213
4 10213 10114 1800 4867
4 9990 10213 4867 1870
4 2832 5991 10214 8429
4 5991 2812 4002 10214
4 10214 4002 2877 4018
4 8429 10214 4018 2803
4 1259 9625 10216 10215
4 9625 1207 4999 10216
4 10216 4999 1142 5254
4 10215 10216 5254 1174
4 2626 10157 10217 9213
4 10157 2836 8308 10217
4 10217 8308 2872 9705
4 9213 10217 9705 2542
4 1995 6762 10218 10081
4 6762 2065 8239 10218
4 10218 8239 2264 9975
4 10081 10218 9975 2059
4 1511 9941 10219 8833
4 9941 1524 8776 10219
4 10219 8776 1562 10055
4 8833 10219 10055 1554
4 2844 9419 10220 8085
4 9419 2888 8734 10220
4 10220 8734 2785 3110
4 8085 10220 3110 2837
4 2229 10170 10221 9339
4 10170 2154 8638 10221
4 10221 8638 2188 9620
4 9339 10221 9620 2441
4 2668 7393 10222 10209
4 7393 2472 9487 10222
4 10222 9487 2597 9992
4 10209 10222 9992 2556
4 2567 10051 10223 9908
4 10051 2016 6908 10223
4 10223 6908 2506 3959
4 9908 10223 3959 2515
4 1128 9733 10225 10224
4 9733 1018 9556 10225
4 10225 9556 1027 4539
4 10224 10225 4539 1091
4 704 8720 10226 10127
4 8720 791 9152 10226
4 10226 9152 754 7537
4 10127 10226 7537 790
4 2053 8441 10227 9365
4 8441 2021 9671 10227
4 10227 9671 1965 6914
4 9365 10227 6914 2027
4 1760 3507 10228 9894
4 3507 1727 7843 10228
4 10228 7843 1758 8426
4 9894 10228 8426 1792
4 2879 8260 10229 3101
4 8260 2838 9807 10229
4 10229 9807 2815 6968
4 3101 10229 6968 2865
4 2080 7737 10230 9099
4 7737 2082 3926 10230
4 10230 3926 2057 7381
4 9099 10230 7381 1999
4 1135 8630 10231 9202
4 8630 1109 10035 10231
4 10231 10035 1129 3334
4 9202 10231 3334 1106
4 1467 8834 10232 8967
4 8834 1537 9485 10232
4 10232 9485 1514 10063
4 8967 10232 10063 1438
4 269 8815 10233 270
4 8815 2090 3287 10233
4 10233 3287 2918 9783
4 270 10233 9783 271
4 1073 7664 10234 9535
4 7664 1055 8746 10234
4 10234 8746 1126 8935
4 9535 10234 8935 1040
4 1917 10116 10235 7237
4 10116 1720 6891 10235
4 10235 6891 1681 4448
4 7237 10235 4448 1752
4 1398 9128 10236 9110
4 9128 1384 5774 10236
4 10236 5774 1426 3910
4 9110 10236 3910 1432
4 2753 9969 10238 10237
4 9969 2568 9452 10238
4 10238 9452 2685 9513
4 10237 10238 9513 2797
4 1515 9883 10239 8757
4 9883 1605 9457 10239
4 10239 9457 1586 8231
4 8757 10239 8231 1510
4 2360 9169 10240 10166
4 9169 2340 3757 10240
4 10240 3757 2673 10131
4 10166 10240 10131 2875
4 1811 6627 10241 7235
4 6627 1891 9494 10241
4 10241 9494 1915 9272
4 7235 10241 9272 1877
4 1572 9774 10242 8633
4 9774 1592 9261 10242
4 10242 9261 1643 3931
4 8633 10242 3931 1639
4 2699 6758 10243 6715
4 6758 2757 8258 10243
4 10243 8258 2903 10161
4 6715 10243 10161 2622
4 1239 7383 10244 7006
4 7383 1285 9626 10244
4 10244 9626 1259 10215
4 7006 10244 10215 1174
4 2878 9405 10245 10200
4 9405 2786 10020 10245
4 10245 10020 2767 6681
4 10200 10245 6681 2696
4 2108 8689 10246 8273
4 8689 2220 8329 10246
4 10246 8329 2177 8669
4 8273 10246 8669 2079
4 1034 9633 10247 8665
4 9633 1128 10224 10247
4 10247 10224 1091 4538
4 8665 10247 4538 1120
4 1729 9650 10248 9878
4 9650 1762 5918 10248
4 10248 5918 1722 8853
4 9878 10248 8853 1656
4 2689 4833 10249 9629
4 4833 2486 9790 10249
4 10249 9790 2661 8693
4 9629 10249 8693 2605
4 1020 3378 10250 9795
4 3378 862 9095 10250
4 10250 9095 842 5407
4 9795 10250 5407 974
4 1697 8572 10251 3344
4 8572 1629 9036 10251
4 10251 9036 1613 8547
4 3344 10251 8547 1637
4 2682 9897 10252 7962
4 9897 2242 9341 10252
4 10252 9341 2164 8755
4 7962 10252 8755 2193
4 1945 10203 10253 9493
4 10203 1923 9642 10253
4 10253 9642 1842 9273
4 9493 10253 9273 1915
4 2739 9928 10254 7793
4 9928 2755 5737 10254
4 10254 5737 2720 9657
4 7793 10254 9657 2690
4 1206 9721 10255 8471
4 9721 1279 9779 10255
4 10255 9779 1257 9071
4 8471 10255 9071 1195
4 2105 8905 10256 9921
4 8905 2209 9352 10256
4 10256 9352 2181 6701
4 9921 10256 6701 2076
4 2459 10155 10257 10124
4 10155 2281 6711 10257
4 10257 6711 2375 9804
4 10124 10257 9804 2693
4 2623 9382 10258 9965
4 9382 2748 8957 10258
4 10258 8957 2799 9931
4 9965 10258 9931 2860
4 1002 8936 10259 4900
4 8936 1126 8745 10259
4 10259 8745 1093 7677
4 4900 10259 7677 956
4 1235 8158 10260 9292
4 8158 1343 8453 10260
4 10260 8453 1371 7028
4 9292 10260 7028 1217
4 2629 4696 10261 5297
4 4696 2667 10087 10261
4 10261 10087 2722 8882
4 5297 10261 8882 1847
4 2645 10091 10262 8883
4 10091 2753 10237 10262
4 10262 10237 2797 9514
4 8883 10262 9514 2737
4 2449 7898 10263 9889
4 7898 2306 8034 10263
4 10263 8034 2383 9857
4 9889 10263 9857 2433
4 1951 10188 10264 7980
4 10188 1799 6007 10264
4 10264 6007 1839 10041
4 7980 10264 10041 1940
4 1953 10061 10265 7142
4 10061 1807 9532 10265
4 10265 9532 1898 9641
4 7142 10265 9641 1968
4 1367 9111 10266 9041
4 9111 1381 7032 10266
4 10266 7032 1369 8077
4 9041 10266 8077 1297
4 2283 2928 10267 2930
4 2928 2419 2929 10267
4 2930 10267 2929 2458
4 2267 2931 10268 2933
4 2931 2204 2932 10268
4 2933 10268 2932 2387
4 2451 2934 10269 2936
4 2934 2376 2935 10269
4 2936 10269 2935 2453
4 2716 2937 10270 2939
4 2937 2621 2938 10270
4 2939 10270 2938 2871
4 2071 2940 10271 2942
4 2940 2114 2941 10271
4 2942 10271 2941 2261
4 996 2943 10272 2945
4 2943 1026 2944 10272
4 2945 10272 2944 1040
4 983 2946 10273 2948
4 2946 1021 2947 10273
4 2948 10273 2947 1028
4 2710 2949 10274 2951
4 2949 2557 2950 10274
4 2951 10274 2950 2741
4 988 2952 10275 2954
4 2952 1069 2953 10275
4 2954 10275 2953 1131
4 2346 2955 10276 2957
4 2955 2412 2956 10276
4 2957 10276 2956 2531
4 2638 2958 10277 2960
4 2958 2671 2959 10277
4 2960 10277 2959 2800
4 2006 2961 10278 2963
4 2961 2033 2962 10278
4 2963 10278 2962 2039
4 2398 2964 10279 2966
4 2964 2471 2965 10279
4 2966 10279 2965 2687
4 2640 2967 10280 2969
4 2967 2715 2968 10280
4 2969 10280 2968 2745
4 887 2970 10281 2972
4 2970 925 2971 10281
4 2972 10281 2971 958
4 2558 2973 10282 2975
4 2973 2637 2974 10282
4 2975 10282 2974 2684
4 2246 2976 10283 2978
4 2976 2288 2977 10283
4 2978 10283 2977 2389
4 2569 2979 10284 2981
4 2979 2620 2980 10284
4 2981 10284 2980 2900
4 2885 2982 10285 2984
4 2982 2841 2983 10285
4 2984 10285 2983 2914
4 1678 2985 10286 2987
4 2985 1716 2986 10286
4 2987 10286 2986 1744
4 2541 2988 10287 2990
4 2988 2714 2989 10287
4 2990 10287 2989 2743
4 1435 2991 10288 2993
4 2991 1414 2992 10288
4 2993 10288 2992 1484
4 1593 2994 10289 2996
4 2994 1625 2995 10289
4 2996 10289 2995 1664
4 1460 2997 10290 2999
4 2997 1429 2998 10290
4 2999 10290 2998 1475
4 2819 3000 10291 3002
4 3000 2756 3001 10291
4 3002 10291 3001 2822
4 2044 3003 10292 3005
4 3003 2071 3004 10292
4 3005 10292 3004 2258
4 1646 3006 10293 3008
4 3006 1624 3007 10293
4 3008 10293 3007 1755
4 1956 3009 10294 3011
4 3009 1893 3010 10294
4 3011 10294 3010 2140
4 1892 3012 10295 3014
4 3012 1928 3013 10295
4 3014 10295 3013 1973
4 1928 3015 10296 3017
4 3015 1956 3016 10296
4 3017 10296 3016 2001
4 2366 3018 10297 3020
4 3018 2417 3019 10297
4 3020 10297 3019 2500
4 1491 3021 10298 3023
4 3021 1466 3022 10298
4 3023 10298 3022 1585
4 2775 3024 10299 3026
4 3024 2708 3025 10299
4 3026 10299 3025 2794
4 1881 3027 10300 3029
4 3027 1942 3028 10300
4 3029 10300 3028 1984
4 2077 3030 10301 3032
4 3030 2140 3031 10301
4 3032 10301 3031 2388
4 1705 3033 10302 3035
4 3033 1743 3034 10302
4 3035 10302 3034 1950
4 2535 3036 10303 3038
4 3036 2403 3037 10303
4 3038 10303 3037 2604
4 2340 3039 10304 3041
4 3039 2325 3040 10304
4 3041 10304 3040 2461
4 2077 3042 10305 3044
4 3042 2104 3043 10305
4 3044 10305 3043 2180
4 2469 3045 10306 3047
4 3045 2397 3046 10306
4 3047 10306 3046 2602
4 857 3048 10307 3050
4 3048 841 3049 10307
4 3050 10307 3049 901
4 2237 3051 10308 3053
4 3051 2153 3052 10308
4 3053 10308 3052 2322
4 2719 3054 10309 3056
4 3054 2754 3055 10309
4 3056 10309 3055 2916
4 2244 3057 10310 3059
4 3057 2246 3058 10310
4 3059 10310 3058 2277
4 2576 3060 10311 3062
4 3060 2565 3061 10311
4 3062 10311 3061 2590
4 1665 3063 10312 3065
4 3063 1671 3064 10312
4 3065 10312 3064 1838
4 2615 3066 10313 3068
4 3066 2562 3067 10313
4 3068 10313 3067 2848
4 2108 3069 10314 3071
4 3069 2063 3070 10314
4 3071 10314 3070 2262
4 1466 3072 10315 3074
4 3072 1444 3073 10315
4 3074 10315 3073 1536
4 794 3075 10316 3077
4 3075 836 3076 10316
4 3077 10316 3076 935
4 1614 3078 10317 3080
4 3078 1639 3079 10317
4 3080 10317 3079 1688
4 1539 3081 10318 3083
4 3081 1571 3082 10318
4 3083 10318 3082 1611
4 938 3084 10319 3086
4 3084 904 3085 10319
4 3086 10319 3085 966
4 2521 3087 10320 3089
4 3087 2535 3088 10320
4 3089 10320 3088 2542
4 2023 3090 10321 3092
4 3090 2056 3091 10321
4 3092 10321 3091 2063
4 2781 3093 10322 3095
4 3093 2816 3094 10322
4 3095 10322 3094 2876
4 1515 3096 10323 3098
4 3096 1490 3097 10323
4 3098 10323 3097 1596
4 2865 3099 10324 3101
4 3099 2758 3100 10324
4 3101 10324 3100 2879
4 1955 3102 10325 3104
4 3102 1940 3103 10325
4 3104 10325 3103 2021
4 2197 3105 10326 3107
4 3105 2244 3106 10326
4 3107 10326 3106 2318
4 2785 3108 10327 3110
4 3108 2620 3109 10327
4 3110 10327 3109 2837
4 1801 3111 10328 3113
4 3111 1779 3112 10328
4 3113 10328 3112 1878
4 1293 3114 10329 3116
4 3114 1263 3115 10329
4 3116 10329 3115 1347
4 2644 3117 10330 3119
4 3117 2727 3118 10330
4 3119 10330 3118 2771
4 1111 3120 10331 3122
4 3120 1059 3121 10331
4 3122 10331 3121 1145
4 1057 3123 10332 3125
4 3123 1036 3124 10332
4 3125 10332 3124 1124
4 1882 3126 10333 3128
4 3126 1853 3127 10333
4 3128 10333 3127 2017
4 1836 3129 10334 3131
4 3129 1854 3130 10334
4 3131 10334 3130 1985
4 2757 3132 10335 3134
4 3132 2830 3133 10335
4 3134 10335 3133 2874
4 734 3135 10336 3137
4 3135 807 3136 10336
4 3137 10336 3136 1015
4 2187 3138 10337 3140
4 3138 2230 3139 10337
4 3140 10337 3139 2313
4 2188 3141 10338 3143
4 3141 2148 3142 10338
4 3143 10338 3142 2269
4 1521 3144 10339 3146
4 3144 1464 3145 10339
4 3146 10339 3145 1587
4 1263 3147 10340 3149
4 3147 1258 3148 10340
4 3149 10340 3148 1317
4 2538 3150 10341 3152
4 3150 2464 3151 10341
4 3152 10341 3151 2901
4 2042 3153 10342 3155
4 3153 2088 3154 10342
4 3155 10342 3154 2136
4 1896 3156 10343 3158
4 3156 1920 3157 10343
4 3158 10343 3157 1986
4 1623 3159 10344 3161
4 3159 1591 3160 10344
4 3161 10344 3160 1670
4 2633 3162 10345 3164
4 3162 2646 3163 10345
4 3164 10345 3163 2746
4 1381 3165 10346 3167
4 3165 1432 3166 10346
4 3167 10346 3166 1459
4 756 3168 10347 3170
4 3168 835 3169 10347
4 3170 10347 3169 973
4 1267 3171 10348 3173
4 3171 1293 3172 10348
4 3173 10348 3172 1341
4 2680 3174 10349 3176
4 3174 1918 3175 10349
4 3176 10349 3175 2694
4 2530 3177 10350 3179
4 3177 2474 3178 10350
4 3179 10350 3178 2590
4 2446 3180 10351 3182
4 3180 2338 3181 10351
4 3182 10351 3181 2578
4 1103 3183 10352 3185
4 3183 1137 3184 10352
4 3185 10352 3184 1260
4 850 3186 10353 3188
4 3186 877 3187 10353
4 3188 10353 3187 934
4 699 3189 10354 3191
4 3189 777 3190 10354
4 3191 10354 3190 829
4 799 3192 10355 3194
4 3192 840 3193 10355
4 3194 10355 3193 869
4 2363 3195 10356 3197
4 3195 2402 3196 10356
4 3197 10356 3196 2524
4 1754 3198 10357 3200
4 3198 1792 3199 10357
4 3200 10357 3199 1795
4 2568 3201 10358 3203
4 3201 2480 3202 10358
4 3203 10358 3202 2661
4 1440 3204 10359 3206
4 3204 1431 3205 10359
4 3206 10359 3205 1488
4 2636 3207 10360 3209
4 3207 2563 3208 10360
4 3209 10360 3208 2672
4 1670 3210 10361 3212
4 3210 1694 3211 10361
4 3212 10361 3211 1724
4 1443 3213 10362 3215
4 3213 1486 3214 10362
4 3215 10362 3214 1499
4 1957 3216 10363 3218
4 3216 1948 3217 10363
4 3218 10363 3217 2023
4 879 3219 10364 3221
4 3219 845 3220 10364
4 3221 10364 3220 903
4 2239 3222 10365 3224
4 3222 2126 3223 10365
4 3224 10365 3223 2448
4 2430 3225 10366 3227
4 3225 2470 3226 10366
4 3227 10366 3226 2601
4 2324 3228 10367 3230
4 3228 2269 3229 10367
4 3230 10367 3229 2392
4 2283 3231 10368 3233
4 3231 2226 3232 10368
4 3233 10368 3232 2364
4 1779 3234 10369 3236
4 3234 1732 3235 10369
4 3236 10369 3235 1794
4 2546 3237 10370 3239
4 3237 2511 3238 10370
4 3239 10370 3238 2692
4 2337 3240 10371 3242
4 3240 2398 3241 10371
4 3242 10371 3241 2507
4 1484 3243 10372 3245
4 3243 1522 3244 10372
4 3245 10372 3244 1556
4 2280 3246 10373 3248
4 3246 2268 3247 10373
4 3248 10373 3247 2519
4 1526 3249 10374 3251
4 3249 1545 3250 10374
4 3251 10374 3250 1638
4 2595 3252 10375 3254
4 3252 1 3253 10375
4 3254 10375 3253 2632
4 1039 3255 10376 3257
4 3255 1060 3256 10376
4 3257 10376 3256 1116
4 1673 3258 10377 3260
4 3258 1647 3259 10377
4 3260 10377 3259 1709
4 1197 3261 10378 3263
4 3261 1166 3262 10378
4 3263 10378 3262 1245
4 736 3264 10379 3266
4 3264 770 3265 10379
4 3266 10379 3265 826
4 1271 3267 10380 3269
4 3267 1302 3268 10380
4 3269 10380 3268 1336
4 1168 3270 10381 3272
4 3270 1161 3271 10381
4 3272 10381 3271 1225
4 2024 3273 10382 3275
4 3273 2851 3274 10382
4 3275 10382 3274 2921
4 1300 3276 10383 3278
4 3276 1350 3277 10383
4 3278 10383 3277 1428
4 2494 3279 10384 3281
4 3279 2540 3280 10384
4 3281 10384 3280 2659
4 2210 3282 10385 3284
4 3282 2167 3283 10385
4 3284 10385 3283 2218
4 2090 3285 10386 3287
4 3285 2896 3286 10386
4 3287 10386 3286 2918
4 1167 3288 10387 3290
4 3288 1144 3289 10387
4 3290 10387 3289 1224
4 1026 3291 10388 3293
4 3291 1061 3292 10388
4 3293 10388 3292 1112
4 2809 3294 10389 3296
4 3294 2751 3295 10389
4 3296 10389 3295 2866
4 2423 3297 10390 3299
4 3297 2335 3298 10390
4 3299 10390 3298 2514
4 2639 3300 10391 3302
4 3300 2556 3301 10391
4 3302 10391 3301 2747
4 1033 3303 10392 3305
4 3303 1068 3304 10392
4 3305 10392 3304 1087
4 2807 3306 10393 3308
4 3306 2887 3307 10393
4 3308 10393 3307 2896
4 1144 3309 10394 3311
4 3309 1102 3310 10394
4 3311 10394 3310 1176
4 2560 3312 10395 3314
4 3312 2420 3313 10395
4 3314 10395 3313 2833
4 2062 3315 10396 3317
4 3315 2122 3316 10396
4 3317 10396 3316 2319
4 1226 3318 10397 3320
4 3318 1171 3319 10397
4 3320 10397 3319 1236
4 2763 3321 10398 3323
4 3321 2725 3322 10398
4 3323 10398 3322 2820
4 2452 3324 10399 3326
4 3324 2392 3325 10399
4 3326 10399 3325 2528
4 2275 3327 10400 3329
4 3327 2231 3328 10400
4 3329 10400 3328 2430
4 1814 3330 10401 3332
4 3330 1781 3331 10401
4 3332 10401 3331 1857
4 1068 3333 10402 3335
4 3333 1106 3334 10402
4 3335 10402 3334 1129
4 2659 3336 10403 3338
4 3336 2701 3337 10403
4 3338 10403 3337 2792
4 2499 3339 10404 3341
4 3339 2473 3340 10404
4 3341 10404 3340 2593
4 1637 3342 10405 3344
4 3342 1647 3343 10405
4 3344 10405 3343 1697
4 1783 3345 10406 3347
4 3345 1798 3346 10406
4 3347 10406 3346 1872
4 1744 3348 10407 3350
4 3348 1785 3349 10407
4 3350 10407 3349 1914
4 0 7 10408 3352
4 7 8 3351 10408
4 3352 10408 3351 2486
4 1851 3353 10409 3355
4 3353 1835 3354 10409
4 3355 10409 3354 1895
4 1021 3356 10410 3358
4 3356 986 3357 10410
4 3358 10410 3357 1054
4 1108 3359 10411 3361
4 3359 1070 3360 10411
4 3361 10411 3360 1140
4 2615 3362 10412 3364
4 3362 2894 3363 10412
4 3364 10412 3363 2917
4 1042 3365 10413 3367
4 3365 1009 3366 10413
4 3367 10413 3366 1072
4 906 3368 10414 3370
4 3368 959 3369 10414
4 3370 10414 3369 985
4 911 3371 10415 3373
4 3371 895 3372 10415
4 3373 10415 3372 978
4 1816 3374 10416 3376
4 3374 1786 3375 10416
4 3376 10416 3375 1876
4 849 3377 10417 3379
4 3377 862 3378 10417
4 3379 10417 3378 1020
4 2143 3380 10418 3382
4 3380 2019 3381 10418
4 3382 10418 3381 2149
4 2354 3383 10419 3385
4 3383 2462 3384 10419
4 3385 10419 3384 2533
4 1959 3386 10420 3388
4 3386 1997 3387 10420
4 3388 10420 3387 2116
4 1551 3389 10421 3391
4 3389 1575 3390 10421
4 3391 10421 3390 1610
4 1352 3392 10422 3394
4 3392 1379 3393 10422
4 3394 10422 3393 1415
4 2074 3395 10423 3397
4 3395 2039 3396 10423
4 3397 10423 3396 2096
4 1631 3398 10424 3400
4 3398 1658 3399 10424
4 3400 10424 3399 1687
4 2271 3401 10425 3403
4 3401 2330 3402 10425
4 3403 10425 3402 2677
4 916 3404 10426 3406
4 3404 853 3405 10426
4 3406 10426 3405 933
4 2662 3407 10427 3409
4 3407 2706 3408 10427
4 3409 10427 3408 2741
4 1700 3410 10428 3412
4 3410 1684 3411 10428
4 3412 10428 3411 1710
4 1177 3413 10429 3415
4 3413 1208 3414 10429
4 3415 10429 3414 1227
4 2693 3416 10430 3418
4 3416 2526 3417 10430
4 3418 10430 3417 2750
4 1350 3419 10431 3421
4 3419 1388 3420 10431
4 3421 10431 3420 1408
4 2158 3422 10432 3424
4 3422 2179 3423 10432
4 3424 10432 3423 2251
4 1883 3425 10433 3427
4 3425 1946 3426 10433
4 3427 10433 3426 2094
4 2823 3428 10434 3430
4 3428 2817 3429 10434
4 3430 10434 3429 2876
4 2129 3431 10435 3433
4 3431 2146 3432 10435
4 3433 10435 3432 2216
4 1232 3434 10436 3436
4 3434 1224 3435 10436
4 3436 10436 3435 1286
4 1880 3437 10437 3439
4 3437 2888 3438 10437
4 3439 10437 3438 2897
4 1820 3440 10438 3442
4 3440 1843 3441 10438
4 3442 10438 3441 1913
4 646 3443 10439 3445
4 3443 680 3444 10439
4 3445 10439 3444 831
4 2255 3446 10440 3448
4 3446 2194 3447 10440
4 3448 10440 3447 2356
4 2496 3449 10441 3451
4 3449 2513 3450 10441
4 3451 10441 3450 2551
4 1808 3452 10442 3454
4 3452 1822 3453 10442
4 3454 10442 3453 1889
4 1356 3455 10443 3457
4 3455 1390 3456 10443
4 3457 10443 3456 1434
4 775 3458 10444 3460
4 3458 808 3459 10444
4 3460 10444 3459 868
4 2371 3461 10445 3463
4 3461 2448 3462 10445
4 3463 10445 3462 2513
4 1321 3464 10446 3466
4 3464 1358 3465 10446
4 3466 10446 3465 1394
4 2316 3467 10447 3469
4 3467 2370 3468 10447
4 3469 10447 3468 2387
4 858 3470 10448 3472
4 3470 919 3471 10448
4 3472 10448 3471 977
4 2106 3473 10449 3475
4 3473 2577 3474 10449
4 3475 10449 3474 2671
4 2289 3476 10450 3478
4 3476 2376 3477 10450
4 3478 10450 3477 2426
4 1809 3479 10451 3481
4 3479 1832 3480 10451
4 3481 10451 3480 1875
4 2052 3482 10452 3484
4 3482 2020 3483 10452
4 3484 10452 3483 2211
4 998 3485 10453 3487
4 3485 960 3486 10453
4 3487 10453 3486 1125
4 1390 3488 10454 3490
4 3488 1427 3489 10454
4 3490 10454 3489 1462
4 731 3491 10455 3493
4 3491 587 3492 10455
4 3493 10455 3492 755
4 1884 3494 10456 3496
4 3494 1855 3495 10456
4 3496 10456 3495 1948
4 648 3497 10457 3499
4 3497 681 3498 10457
4 3499 10457 3498 830
4 764 3500 10458 3502
4 3500 735 3501 10458
4 3502 10458 3501 818
4 1961 3503 10459 3505
4 3503 2013 3504 10459
4 3505 10459 3504 2055
4 1723 3506 10460 3508
4 3506 1727 3507 10460
4 3508 10460 3507 1760
4 1926 3509 10461 3511
4 3509 2731 3510 10461
4 3511 10461 3510 2798
4 2520 3512 10462 3514
4 3512 2489 3513 10462
4 3514 10462 3513 2642
4 2369 3515 10463 3517
4 3515 2382 3516 10463
4 3517 10463 3516 2394
4 1934 3518 10464 3520
4 3518 1902 3519 10464
4 3520 10464 3519 1977
4 1912 3521 10465 3523
4 3521 1835 3522 10465
4 3523 10465 3522 1950
4 741 3524 10466 3526
4 3524 788 3525 10466
4 3526 10466 3525 828
4 1334 3527 10467 3529
4 3527 1366 3528 10467
4 3529 10467 3528 1393
4 1480 3530 10468 3532
4 3530 1451 3531 10468
4 3532 10468 3531 1505
4 2254 3533 10469 3535
4 3533 2455 3534 10469
4 3535 10469 3534 2532
4 1815 3536 10470 3538
4 3536 1772 3537 10470
4 3538 10470 3537 1853
4 1427 3539 10471 3541
4 3539 1380 3540 10471
4 3541 10471 3540 1453
4 2328 3542 10472 3544
4 3542 2463 3543 10472
4 3544 10472 3543 2675
4 2072 3545 10473 3547
4 3545 2131 3546 10473
4 3547 10473 3546 2174
4 1523 3548 10474 3550
4 3548 1557 3549 10474
4 3550 10474 3549 1573
4 2869 3551 10475 3553
4 3551 2847 3552 10475
4 3553 10475 3552 2922
4 2404 3554 10476 3556
4 3554 2351 3555 10476
4 3556 10476 3555 2670
4 1502 3557 10477 3559
4 3557 1528 3558 10477
4 3559 10477 3558 1553
4 1527 3560 10478 3562
4 3560 1546 3561 10478
4 3562 10478 3561 1583
4 2270 3563 10479 3565
4 3563 2893 3564 10479
4 3565 10479 3564 2920
4 2652 3566 10480 3568
4 3566 2696 3567 10480
4 3568 10480 3567 2781
4 2721 3569 10481 3571
4 3569 2769 3570 10481
4 3571 10481 3570 2824
4 2728 3572 10482 3574
4 3572 2650 3573 10482
4 3574 10482 3573 2777
4 650 3575 10483 3577
4 3575 694 3576 10483
4 3577 10483 3576 716
4 1468 3578 10484 3580
4 3578 1439 3579 10484
4 3580 10484 3579 1513
4 1119 3581 10485 3583
4 3581 1160 3582 10485
4 3583 10485 3582 1195
4 2132 3584 10486 3586
4 3584 2135 3585 10486
4 3586 10486 3585 2175
4 2654 3587 10487 3589
4 3587 2658 3588 10487
4 3589 10487 3588 2726
4 2889 3590 10488 3592
4 3590 2905 3591 10488
4 3592 10488 3591 2906
4 1496 3593 10489 3595
4 3593 1469 3594 10489
4 3595 10489 3594 1538
4 1564 3596 10490 3598
4 3596 1543 3597 10490
4 3598 10490 3597 1613
4 2113 3599 10491 3601
4 3599 2152 3600 10491
4 3601 10491 3600 2219
4 1245 3602 10492 3604
4 3602 1271 3603 10492
4 3604 10492 3603 1313
4 1116 3605 10493 3607
4 3605 1143 3606 10493
4 3607 10493 3606 1223
4 2395 3608 10494 3610
4 3608 2642 3609 10494
4 3610 10494 3609 2688
4 1577 3611 10495 3613
4 3611 1597 3612 10495
4 3613 10495 3612 1640
4 1994 3614 10496 3616
4 3614 2160 3615 10496
4 3616 10496 3615 2176
4 883 3617 10497 3619
4 3617 949 3618 10497
4 3619 10497 3618 1016
4 1424 3620 10498 3622
4 3620 1442 3621 10498
4 3622 10498 3621 1454
4 982 3623 10499 3625
4 3623 1030 3624 10499
4 3625 10499 3624 1064
4 2888 3626 10500 3628
4 3626 2882 3627 10500
4 3628 10500 3627 2922
4 1567 3629 10501 3631
4 3629 1541 3630 10501
4 3631 10501 3630 1614
4 1947 3632 10502 3634
4 3632 1913 3633 10502
4 3634 10502 3633 1987
4 2381 3635 10503 3637
4 3635 2353 3636 10503
4 3637 10503 3636 2498
4 2380 3638 10504 3640
4 3638 2352 3639 10504
4 3640 10504 3639 2434
4 966 3641 10505 3643
4 3641 953 3642 10505
4 3643 10505 3642 1018
4 2553 3644 10506 3646
4 3644 2579 3645 10506
4 3646 10506 3645 2676
4 2351 3647 10507 3649
4 3647 2374 3648 10507
4 3649 10507 3648 2450
4 1296 3650 10508 3652
4 3650 1279 3651 10508
4 3652 10508 3651 1346
4 1887 3653 10509 3655
4 3653 2022 3654 10509
4 3655 10509 3654 2058
4 987 3656 10510 3658
4 3656 1042 3657 10510
4 3658 10510 3657 1088
4 1462 3659 10511 3661
4 3659 1472 3660 10511
4 3661 10511 3660 1487
4 2858 3662 10512 3664
4 3662 2845 3663 10512
4 3664 10512 3663 2867
4 2890 3665 10513 3667
4 3665 2809 3666 10513
4 3667 10513 3666 2895
4 1834 3668 10514 3670
4 3668 1776 3669 10514
4 3670 10514 3669 1966
4 2697 3671 10515 3673
4 3671 2651 3672 10515
4 3673 10515 3672 2743
4 2549 3674 10516 3676
4 3674 2586 3675 10516
4 3676 10516 3675 2690
4 1571 3677 10517 3679
4 3677 1584 3678 10517
4 3679 10517 3678 1591
4 2424 3680 10518 3682
4 3680 2550 3681 10518
4 3682 10518 3681 2599
4 2779 3683 10519 3685
4 3683 2802 3684 10519
4 3685 10519 3684 2829
4 2806 3686 10520 3688
4 3686 1616 3687 10520
4 3688 10520 3687 2861
4 1457 3689 10521 3691
4 3689 1430 3690 10521
4 3691 10521 3690 1485
4 2081 3692 10522 3694
4 3692 2121 3693 10522
4 3694 10522 3693 2178
4 2113 3695 10523 3697
4 3695 2136 3696 10523
4 3697 10523 3696 2156
4 2304 3698 10524 3700
4 3698 2303 3699 10524
4 3700 10524 3699 2320
4 1344 3701 10525 3703
4 3701 1296 3702 10525
4 3703 10525 3702 1356
4 2203 3704 10526 3706
4 3704 2224 3705 10526
4 3706 10526 3705 2323
4 1962 3707 10527 3709
4 3707 1982 3708 10527
4 3709 10527 3708 2015
4 2253 3710 10528 3712
4 3710 2297 3711 10528
4 3712 10528 3711 2307
4 2213 3713 10529 3715
4 3713 2168 3714 10529
4 3715 10529 3714 2243
4 2783 3716 10530 3718
4 3716 2814 3717 10530
4 3718 10530 3717 2828
4 2415 3719 10531 3721
4 3719 2223 3720 10531
4 3721 10531 3720 2594
4 1574 3722 10532 3724
4 3722 1529 3723 10532
4 3724 10532 3723 1586
4 2436 3725 10533 3727
4 3725 2518 3726 10533
4 3727 10533 3726 2582
4 2372 3728 10534 3730
4 3728 2423 3729 10534
4 3730 10534 3729 2447
4 1186 3731 10535 3733
4 3731 1151 3732 10535
4 3733 10535 3732 1220
4 2892 3734 10536 3736
4 3734 2884 3735 10536
4 3736 10536 3735 2899
4 898 3737 10537 3739
4 3737 810 3738 10537
4 3739 10537 3738 900
4 2178 3740 10538 3742
4 3740 2192 3741 10538
4 3742 10538 3741 2265
4 1906 3743 10539 3745
4 3743 1889 3744 10539
4 3745 10539 3744 2315
4 2774 3746 10540 3748
4 3746 2829 3747 10540
4 3748 10540 3747 2831
4 2742 3749 10541 3751
4 3749 2656 3750 10541
4 3751 10541 3750 2771
4 2910 3752 10542 3754
4 3752 2909 3753 10542
4 3754 10542 3753 2927
4 2340 3755 10543 3757
4 3755 2574 3756 10543
4 3757 10543 3756 2673
4 1721 3758 10544 3760
4 3758 1712 3759 10544
4 3760 10544 3759 1756
4 1287 3761 10545 3763
4 3761 1249 3762 10545
4 3763 10545 3762 1304
4 2362 3764 10546 3766
4 3764 2377 3765 10546
4 3766 10546 3765 2425
4 1166 3767 10547 3769
4 3767 1147 3768 10547
4 3769 10547 3768 1211
4 757 3770 10548 3772
4 3770 834 3771 10548
4 3772 10548 3771 871
4 839 3773 10549 3775
4 3773 866 3774 10549
4 3775 10549 3774 924
4 2843 3776 10550 3778
4 3776 2868 3777 10550
4 3778 10550 3777 2913
4 1594 3779 10551 3781
4 3779 1612 3780 10551
4 3781 10551 3780 1624
4 2505 3782 10552 3784
4 3782 2578 3783 10552
4 3784 10552 3783 2585
4 1669 3785 10553 3787
4 3785 1708 3786 10553
4 3787 10553 3786 1755
4 1690 3788 10554 3790
4 3788 1668 3789 10554
4 3790 10554 3789 1723
4 1952 3791 10555 3793
4 3791 1803 3792 10555
4 3793 10555 3792 2217
4 1534 3794 10556 3796
4 3794 1500 3795 10556
4 3796 10556 3795 1559
4 1660 3797 10557 3799
4 3797 1675 3798 10557
4 3799 10557 3798 1691
4 994 3800 10558 3802
4 3800 1034 3801 10558
4 3802 10558 3801 1076
4 1716 3803 10559 3805
4 3803 1692 3804 10559
4 3805 10559 3804 1761
4 2811 3806 10560 3808
4 3806 2619 3807 10560
4 3808 10560 3807 2900
4 2294 3809 10561 3811
4 3809 2326 3810 10561
4 3811 10561 3810 2386
4 1402 3812 10562 3814
4 3812 1395 3813 10562
4 3814 10562 3813 1412
4 2485 3815 10563 3817
4 3815 2571 3816 10563
4 3817 10563 3816 2651
4 2495 3818 10564 3820
4 3818 2546 3819 10564
4 3820 10564 3819 2581
4 1596 3821 10565 3823
4 3821 1626 3822 10565
4 3823 10565 3822 1644
4 2635 3824 10566 3826
4 3824 2412 3825 10566
4 3826 10566 3825 2735
4 2551 3827 10567 3829
4 3827 2598 3828 10567
4 3829 10567 3828 2650
4 2771 3830 10568 3832
4 3830 2704 3831 10568
4 3832 10568 3831 2791
4 2287 3833 10569 3835
4 3833 2603 3834 10569
4 3835 10569 3834 2682
4 2904 3836 10570 3838
4 3836 2908 3837 10570
4 3838 10570 3837 2923
4 1993 3839 10571 3841
4 3839 2068 3840 10571
4 3841 10571 3840 2097
4 970 3842 10572 3844
4 3842 913 3843 10572
4 3844 10572 3843 1012
4 972 3845 10573 3847
4 3845 932 3846 10573
4 3847 10573 3846 1013
4 1374 3848 10574 3850
4 3848 1327 3849 10574
4 3850 10574 3849 1401
4 2317 3851 10575 3853
4 3851 2354 3852 10575
4 3853 10575 3852 2519
4 1756 3854 10576 3856
4 3854 1741 3855 10576
4 3856 10576 3855 1796
4 255 254 10577 3858
4 254 253 3857 10577
4 3858 10577 3857 2773
4 2554 3859 10578 3861
4 3859 2608 3860 10578
4 3861 10578 3860 2749
4 2225 3862 10579 3864
4 3862 2350 3863 10579
4 3864 10579 3863 2384
4 1946 3865 10580 3867
4 3865 2099 3866 10580
4 3867 10580 3866 2123
4 1987 3868 10581 3870
4 3868 1941 3869 10581
4 3870 10581 3869 2018
4 2092 3871 10582 3873
4 3871 2580 3872 10582
4 3873 10582 3872 2683
4 2100 3874 10583 3876
4 3874 2101 3875 10583
4 3876 10583 3875 2139
4 2924 3877 10584 3879
4 3877 2907 3878 10584
4 3879 10584 3878 2926
4 1160 3880 10585 3882
4 3880 1118 3881 10585
4 3882 10585 3881 1192
4 1907 3883 10586 3885
4 3883 1897 3884 10586
4 3885 10586 3884 2010
4 2102 3886 10587 3888
4 3886 2082 3887 10587
4 3888 10587 3887 2250
4 2846 3889 10588 3891
4 3889 2698 3890 10588
4 3891 10588 3890 2915
4 2010 3892 10589 3894
4 3892 1932 3893 10589
4 3894 10589 3893 2041
4 964 3895 10590 3897
4 3895 995 3896 10590
4 3897 10590 3896 1055
4 1823 3898 10591 3900
4 3898 1827 3899 10591
4 3900 10591 3899 1886
4 2296 3901 10592 3903
4 3901 2281 3902 10592
4 3903 10592 3902 2460
4 1949 3904 10593 3906
4 3904 1929 3905 10593
4 3906 10593 3905 2501
4 2461 3907 10594 3909
4 3907 2343 3908 10594
4 3909 10594 3908 2484
4 1432 3910 10595 3912
4 3910 1426 3911 10595
4 3912 10595 3911 1438
4 1290 3913 10596 3915
4 3913 2549 3914 10596
4 3915 10596 3914 2643
4 1509 3916 10597 3918
4 3916 1514 3917 10597
4 3918 10597 3917 1516
4 2115 3919 10598 3921
4 3919 2904 3920 10598
4 3921 10598 3920 2925
4 2631 3922 10599 3924
4 3922 2724 3923 10599
4 3924 10599 3923 2729
4 1992 3925 10600 3927
4 3925 2057 3926 10600
4 3927 10600 3926 2082
4 1778 3928 10601 3930
4 3928 1796 3929 10601
4 3930 10601 3929 1837
4 1639 3931 10602 3933
4 3931 1643 3932 10602
4 3933 10602 3932 1654
4 1421 3934 10603 3936
4 3934 1433 3935 10603
4 3936 10603 3935 1444
4 2825 3937 10604 3939
4 3937 2755 3938 10604
4 3939 10604 3938 2839
4 2761 3940 10605 3942
4 3940 2795 3941 10605
4 3942 10605 3941 2871
4 1868 3943 10606 3945
4 3943 1824 3944 10606
4 3945 10606 3944 1873
4 2686 3946 10607 3948
4 3946 2544 3947 10607
4 3948 10607 3947 2747
4 202 203 10608 3950
4 203 204 3949 10608
4 3950 10608 3949 2092
4 1139 3951 10609 3953
4 3951 1162 3952 10609
4 3953 10609 3952 1193
4 2733 3954 10610 3956
4 3954 1405 3955 10610
4 3956 10610 3955 2790
4 2506 3957 10611 3959
4 3957 2475 3958 10611
4 3959 10611 3958 2515
4 2311 3960 10612 3962
4 3960 2233 3961 10612
4 3962 10612 3961 2355
4 2191 3963 10613 3965
4 3963 2293 3964 10613
4 3965 10613 3964 2321
4 1628 3966 10614 3968
4 3966 1655 3967 10614
4 3968 10614 3967 1695
4 2555 3969 10615 3971
4 3969 2510 3970 10615
4 3971 10615 3970 2589
4 1708 3972 10616 3974
4 3972 1777 3973 10616
4 3974 10616 3973 1793
4 2667 3975 10617 3977
4 3975 2543 3976 10617
4 3977 10617 3976 2715
4 2399 3978 10618 3980
4 3978 2517 3979 10618
4 3980 10618 3979 2554
4 978 3981 10619 3983
4 3981 921 3982 10619
4 3983 10619 3982 1019
4 2600 3984 10620 3986
4 3984 1935 3985 10620
4 3986 10620 3985 2653
4 1346 3987 10621 3989
4 3987 1303 3988 10621
4 3989 10621 3988 1373
4 1845 3990 10622 3992
4 3990 1905 3991 10622
4 3992 10622 3991 2049
4 2378 3993 10623 3995
4 3993 2427 3994 10623
4 3995 10623 3994 2443
4 2819 3996 10624 3998
4 3996 1925 3997 10624
4 3998 10624 3997 2864
4 2917 3999 10625 4001
4 3999 2905 4000 10625
4 4001 10625 4000 2927
4 2877 4002 10626 4004
4 4002 2812 4003 10626
4 4004 10626 4003 2902
4 2517 4005 10627 4007
4 4005 2481 4006 10627
4 4007 10627 4006 2609
4 2514 4008 10628 4010
4 4008 2364 4009 10628
4 4010 10628 4009 2596
4 2428 4011 10629 4013
4 4011 2474 4012 10629
4 4013 10629 4012 2534
4 2516 4014 10630 4016
4 4014 2488 4015 10630
4 4016 10630 4015 2576
4 2860 4017 10631 4019
4 4017 2803 4018 10631
4 4019 10631 4018 2877
4 2669 4020 10632 4022
4 4020 2588 4021 10632
4 4022 10632 4021 2681
4 2732 4023 10633 4025
4 4023 2617 4024 10633
4 4025 10633 4024 2794
4 2782 4026 10634 4028
4 4026 2738 4027 10634
4 4028 10634 4027 2800
4 2073 4029 10635 4031
4 4029 2095 4030 10635
4 4031 10635 4030 2219
4 2811 4032 10636 4034
4 4032 2869 4033 10636
4 4034 10636 4033 2873
4 2600 4035 10637 4037
4 4035 2492 4036 10637
4 4037 10637 4036 2609
4 2199 4038 10638 4040
4 4038 2261 4039 10638
4 4040 10638 4039 2321
4 2711 4041 10639 4043
4 4041 2538 4042 10639
4 4043 10639 4042 2765

CELL_TYPES 10929
3
3
3
3
3
3
3
3
3
3
3
3
3
3
3
3
3
3
3
3
3
3
3
3
3
3
3
3
3
3
3
3
3
3
3
3
3
3
3
3
3
3
3
3
3
3
3
3
3
3
3
3
3
3
3
3
3
3
3
3
3
3
3
3
3
3
3
3
3
3
3
3
3
3
3
3
3
3
3
3
3
3
3
3
3
3
3
3
3
3
3
3
3
3
3
3
3
3
3
3
3
3
3
3
3
3
3
3
3
3
3
3
3
3
3
3
3
3
3
3
3
3
3
3
3
3
3
3
3
3
3
3
3
3
3
3
3
3
3
3
3
3
3
3
3
3
3
3
3
3
3
3
3
3
3
3
3
3
3
3
3
3
3
3
3
3
3
3
3
3
3
3
3
3
3
3
3
3
3
3
3
3
3
3
3
3
3
3
3
3
3
3
3
3
3
3
3
3
3
3
3
3
3
3
3
3
3
3
3
3
3
3
3
3
3
3
3
3
3
3
3
3
3
3
3
3
3
3
3
3
3
3
3
3
3
3
3
3
3
3
3
3
3
3
3
3
3
3
3
3
3
3
3
3
3
3
3
3
3
3
3
3
3
3
3
3
3
3
3
3
3
3
3
3
3
3
3
3
3
3
3
3
3
3
3
3
3
3
3
3
3
3
3
3
3
3
3
3
3
3
3
3
3
3
3
3
3
3
3
3
3
3
3
3
3
3
3
3
3
3
3
3
3
3
3
3
3
3
3
3
3
3
3
3
3
3
3
3
3
3
3
3
3
3
3
3
3
3
3
3
3
3
3
3
3
3
3
3
3
3
3
3
3
3
3
3
3
3
3
3
3
3
3
3
3
3
3
3
3
3
3
3
3
3
3
3
3
3
3
3
3
3
3
3
3
3
3
3
3
3
3
3
3
3
3
3
3
3
3
3
3
3
3
3
3
3
3
3
3
3
3
3
3
3
3
3
3
3
3
3
3
3
3
3
3
3
3
3
3
3
3
3
3
3
3
3
3
3
3
3
3
3
3
3
3
3
3
3
3
3
3
3
3
3
3
3
3
3
3
3
3
3
3
3
3
3
3
3
3
3
3
3
3
3
3
3
3
3
3
3
3
3
3
3
3
3
3
3
3
3
3
3
3
3
3
3
3
3
3
3
3
3
3
3
3
3
3
3
3
3
3
3
3
3
3
3
3
3
3
3
3
3
3
3
3
3
3
3
3
3
3
3
3
3
3
3
3
3
3
3
3
3
3
3
3
3
3
3
3
3
3
3
3
3
3
3
3
3
3
3
3
3
3
3
3
3
3
3
9
9
9
9
9
9
9
9
9
9
9
9
9
9
9
9
9
9
9
9
9
9
9
9
9
9
9
9
9
9
9
9
9
9
9
9
9
9
9
9
9
9
9
9
9
9
9
9
9
9
9
9
9
9
9
9
9
9
9
9
9
9
9
9
9
9
9
9
9
9
9
9
9
9
9
9
9
9
9
9
9
9
9
9
9
9
9
9
9
9
9
9
9
9
9
9
9
9
9
9
9
9
9
9
9
9
9
9
9
9
9
9
9
9
9
9
9
9
9
9
9
9
9
9
9
9
9
9
9
9
9
9
9
9
9
9
9
9
9
9
9
9
9
9
9
9
9
9
9
9
9
9
9
9
9
9
9
9
9
9
9
9
9
9
9
9
9
9
9
9
9
9
9
9
9
9
9
9
9
9
9
9
9
9
9
9
9
9
9
9
9
9
9
9
9
9
9
9
9
9
9
9
9
9
9
9
9
9
9
9
9
9
9
9
9
9
9
9
9
9
9
9
9
9
9
9
9
9
9
9
9
9
9
9
9
9
9
9
9
9
9
9
9
9
9
9
9
9
9
9
9
9
9
9
9
9
9
9
9
9
9
9
9
9
9
9
9
9
9
9
9
9
9
9
9
9
9
9
9
9
9
9
9
9
9
9
9
9
9
9
9
9
9
9
9
9
9
9
9
9
9
9
9
9
9
9
9
9
9
9
9
9
9
9
9
9
9
9
9
9
9
9
9
9
9
9
9
9
9
9
9
9
9
9
9
9
9
9
9
9
9
9
9
9
9
9
9
9
9
9
9
9
9
9
9
9
9
9
9
9
9
9
9
9
9
9
9
9
9
9
9
9
9
9
9
9
9
9
9
9
9
9
9
9
9
9
9
9
9
9
9
9
9
9
9
9
9
9
9
9
9
9
9
9
9
9
9
9
9
9
9
9
9
9
9
9
9
9
9
9
9
9
9
9
9
9
9
9
9
9
9
9
9
9
9
9
9
9
9
9
9
9
9
9
9
9
9
9
9
9
9
9
9
9
9
9
9
9
9
9
9
9
9
9
9
9
9
9
9
9
9
9
9
9
9
9
9
9
9
9
9
9
9
9
9
9
9
9
9
9
9
9
9
9
9
9
9
9
9
9
9
9
9
9
9
9
9
9
9
9
9
9
9
9
9
9
9
9
9
9
9
9
9
9
9
9
9
9
9
9
9
9
9
9
9
9
9
9
9
9
9
9
9
9
9
9
9
9
9
9
9
9
9
9
9
9
9
9
9
9
9
9
9
9
9
9
9
9
9
9
9
9
9
9
9
9
9
9
9
9
9
9
9
9
9
9
9
9
9
9
9
9
9
9
9
9
9
9
9
9
9
9
9
9
9
9
9
9
9
9
9
9
9
9
9
9
9
9
9
9
9
9
9
9
9
9
9
9
9
9
9
9
9
9
9
9
9
9
9
9
9
9
9
9
9
9
9
9
9
9
9
9
9
9
9
9
9
9
9
9
9
9
9
9
9
9
9
9
9
9
9
9
9
9
9
9
9
9
9
9
9
9
9
9
9
9
9
9
9
9
9
9
9
9
9
9
9
9
9
9
9
9
9
9
9
9
9
9
9
9
9
9
9
9
9
9
9
9
9
9
9
9
9
9
9
9
9
9
9
9
9
9
9
9
9
9
9
9
9
9
9
9
9
9
9
9
9
9
9
9
9
9
9
9
9
9
9
9
9
9
9
9
9
9
9
9
9
9
9
9
9
9
9
9
9
9
9
9
9
9
9
9
9
9
9
9
9
9
9
9
9
9
9
9
9
9
9
9
9
9
9
9
9
9
9
9
9
9
9
9
9
9
9
9
9
9
9
9
9
9
9
9
9
9
9
9
9
9
9
9
9
9
9
9
9
9
9
9
9
9
9
9
9
9
9
9
9
9
9
9
9
9
9
9
9
9
9
9
9
9
9
9
9
9
9
9
9
9
9
9
9
9
9
9
9
9
9
9
9
9
9
9
9
9
9
9
9
9
9
9
9
9
9
9
9
9
9
9
9
9
9
9
9
9
9
9
9
9
9
9
9
9
9
9
9
9
9
9
9
9
9
9
9
9
9
9
9
9
9
9
9
9
9
9
9
9
9
9
9
9
9
9
9
9
9
9
9
9
9
9
9
9
9
9
9
9
9
9
9
9
9
9
9
9
9
9
9
9
9
9
9
9
9
9
9
9
9
9
9
9
9
9
9
9
9
9
9
9
9
9
9
9
9
9
9
9
9
9
9
9
9
9
9
9
9
9
9
9
9
9
9
9
9
9
9
9
9
9
9
9
9
9
9
9
9
9
9
9
9
9
9
9
9
9
9
9
9
9
9
9
9
9
9
9
9
9
9
9
9
9
9
9
9
9
9
9
9
9
9
9
9
9
9
9
9
9
9
9
9
9
9
9
9
9
9
9
9
9
9
9
9
9
9
9
9
9
9
9
9
9
9
9
9
9
9
9
9
9
9
9
9
9
9
9
9
9
9
9
9
9
9
9
9
9
9
9
9
9
9
9
9
9
9
9
9
9
9
9
9
9
9
9
9
9
9
9
9
9
9
9
9
9
9
9
9
9
9
9
9
9
9
9
9
9
9
9
9
9
9
9
9
9
9
9
9
9
9
9
9
9
9
9
9
9
9
9
9
9
9
9
9
9
9
9
9
9
9
9
9
9
9
9
9
9
9
9
9
9
9
9
9
9
9
9
9
9
9
9
9
9
9
9
9
9
9
9
9
9
9
9
9
9
9
9
9
9
9
9
9
9
9
9
9
9
9
9
9
9
9
9
9
9
9
9
9
9
9
9
9
9
9
9
9
9
9
9
9
9
9
9
9
9
9
9
9
9
9
9
9
9
9
9
9
9
9
9
9
9
9
9
9
9
9
9
9
9
9
9
9
9
9
9
9
9
9
9
9
9
9
9
9
9
9
9
9
9
9
9
9
9
9
9
9
9
9
9
9
9
9
9
9
9
9
9
9
9
9
9
9
9
9
9
9
9
9
9
9
9
9
9
9
9
9
9
9
9
9
9
9
9
9
9
9
9
9
9
9
9
9
9
9
9
9
9
9
9
9
9
9
9
9
9
9
9
9
9
9
9
9
9
9
9
9
9
9
9
9
9
9
9
9
9
9
9
9
9
9
9
9
9
9
9
9
9
9
9
9
9
9
9
9
9
9
9
9
9
9
9
9
9
9
9
9
9
9
9
9
9
9
9
9
9
9
9
9
9
9
9
9
9
9
9
9
9
9
9
9
9
9
9
9
9
9
9
9
9
9
9
9
9
9
9
9
9
9
9
9
9
9
9
9
9
9
9
9
9
9
9
9
9
9
9
9
9
9
9
9
9
9
9
9
9
9
9
9
9
9
9
9
9
9
9
9
9
9
9
9
9
9
9
9
9
9
9
9
9
9
9
9
9
9
9
9
9
9
9
9
9
9
9
9
9
9
9
9
9
9
9
9
9
9
9
9
9
9
9
9
9
9
9
9
9
9
9
9
9
9
9
9
9
9
9
9
9
9
9
9
9
9
9
9
9
9
9
9
9
9
9
9
9
9
9
9
9
9
9
9
9
9
9
9
9
9
9
9
9
9
9
9
9
9
9
9
9
9
9
9
9
9
9
9
9
9
9
9
9
9
9
9
9
9
9
9
9
9
9
9
9
9
9
9
9
9
9
9
9
9
9
9
9
9
9
9
9
9
9
9
9
9
9
9
9
9
9
9
9
9
9
9
9
9
9
9
9
9
9
9
9
9
9
9
9
9
9
9
9
9
9
9
9
9
9
9
9
9
9
9
9
9
9
9
9
9
9
9
9
9
9
9
9
9
9
9
9
9
9
9
9
9
9
9
9
9
9
9
9
9
9
9
9
9
9
9
9
9
9
9
9
9
9
9
9
9
9
9
9
9
9
9
9
9
9
9
9
9
9
9
9
9
9
9
9
9
9
9
9
9
9
9
9
9
9
9
9
9
9
9
9
9
9
9
9
9
9
9
9
9
9
9
9
9
9
9
9
9
9
9
9
9
9
9
9
9
9
9
9
9
9
9
9
9
9
9
9
9
9
9
9
9
9
9
9
9
9
9
9
9
9
9
9
9
9
9
9
9
9
9
9
9
9
9
9
9
9
9
9
9
9
9
9
9
9
9
9
9
9
9
9
9
9
9
9
9
9
9
9
9
9
9
9
9
9
9
9
9
9
9
9
9
9
9
9
9
9
9
9
9
9
9
9
9
9
9
9
9
9
9
9
9
9
9
9
9
9
9
9
9
9
9
9
9
9
9
9
9
9
9
9
9
9
9
9
9
9
9
9
9
9
9
9
9
9
9
9
9
9
9
9
9
9
9
9
9
9
9
9
9
9
9
9
9
9
9
9
9
9
9
9
9
9
9
9
9
9
9
9
9
9
9
9
9
9
9
9
9
9
9
9
9
9
9
9
9
9
9
9
9
9
9
9
9
9
9
9
9
9
9
9
9
9
9
9
9
9
9
9
9
9
9
9
9
9
9
9
9
9
9
9
9
9
9
9
9
9
9
9
9
9
9
9
9
9
9
9
9
9
9
9
9
9
9
9
9
9
9
9
9
9
9
9
9
9
9
9
9
9
9
9
9
9
9
9
9
9
9
9
9
9
9
9
9
9
9
9
9
9
9
9
9
9
9
9
9
9
9
9
9
9
9
9
9
9
9
9
9
9
9
9
9
9
9
9
9
9
9
9
9
9
9
9
9
9
9
9
9
9
9
9
9
9
9
9
9
9
9
9
9
9
9
9
9
9
9
9
9
9
9
9
9
9
9
9
9
9
9
9
9
9
9
9
9
9
9
9
9
9
9
9
9
9
9
9
9
9
9
9
9
9
9
9
9
9
9
9
9
9
9
9
9
9
9
9
9
9
9
9
9
9
9
9
9
9
9
9
9
9
9
9
9
9
9
9
9
9
9
9
9
9
9
9
9
9
9
9
9
9
9
9
9
9
9
9
9
9
9
9
9
9
9
9
9
9
9
9
9
9
9
9
9
9
9
9
9
9
9
9
9
9
9
9
9
9
9
9
9
9
9
9
9
9
9
9
9
9
9
9
9
9
9
9
9
9
9
9
9
9
9
9
9
9
9
9
9
9
9
9
9
9
9
9
9
9
9
9
9
9
9
9
9
9
9
9
9
9
9
9
9
9
9
9
9
9
9
9
9
9
9
9
9
9
9
9
9
9
9
9
9
9
9
9
9
9
9
9
9
9
9
9
9
9
9
9
9
9
9
9
9
9
9
9
9
9
9
9
9
9
9
9
9
9
9
9
9
9
9
9
9
9
9
9
9
9
9
9
9
9
9
9
9
9
9
9
9
9
9
9
9
9
9
9
9
9
9
9
9
9
9
9
9
9
9
9
9
9
9
9
9
9
9
9
9
9
9
9
9
9
9
9
9
9
9
9
9
9
9
9
9
9
9
9
9
9
9
9
9
9
9
9
9
9
9
9
9
9
9
9
9
9
9
9
9
9
9
9
9
9
9
9
9
9
9
9
9
9
9
9
9
9
9
9
9
9
9
9
9
9
9
9
9
9
9
9
9
9
9
9
9
9
9
9
9
9
9
9
9
9
9
9
9
9
9
9
9
9
9
9
9
9
9
9
9
9
9
9
9
9
9
9
9
9
9
9
9
9
9
9
9
9
9
9
9
9
9
9
9
9
9
9
9
9
9
9
9
9
9
9
9
9
9
9
9
9
9
9
9
9
9
9
9
9
9
9
9
9
9
9
9
9
9
9
9
9
9
9
9
9
9
9
9
9
9
9
9
9
9
9
9
9
9
9
9
9
9
9
9
9
9
9
9
9
9
9
9
9
9
9
9
9
9
9
9
9
9
9
9
9
9
9
9
9
9
9
9
9
9
9
9
9
9
9
9
9
9
9
9
9
9
9
9
9
9
9
9
9
9
9
9
9
9
9
9
9
9
9
9
9
9
9
9
9
9
9
9
9
9
9
9
9
9
9
9
9
9
9
9
9
9
9
9
9
9
9
9
9
9
9
9
9
9
9
9
9
9
9
9
9
9
9
9
9
9
9
9
9
9
9
9
9
9
9
9
9
9
9
9
9
9
9
9
9
9
9
9
9
9
9
9
9
9
9
9
9
9
9
9
9
9
9
9
9
9
9
9
9
9
9
9
9
9
9
9
9
9
9
9
9
9
9
9
9
9
9
9
9
9
9
9
9
9
9
9
9
9
9
9
9
9
9
9
9
9
9
9
9
9
9
9
9
9
9
9
9
9
9
9
9
9
9
9
9
9
9
9
9
9
9
9
9
9
9
9
9
9
9
9
9
9
9
9
9
9
9
9
9
9
9
9
9
9
9
9
9
9
9
9
9
9
9
9
9
9
9
9
9
9
9
9
9
9
9
9
9
9
9
9
9
9
9
9
9
9
9
9
9
9
9
9
9
9
9
9
9
9
9
9
9
9
9
9
9
9
9
9
9
9
9
9
9
9
9
9
9
9
9
9
9
9
9
9
9
9
9
9
9
9
9
9
9
9
9
9
9
9
9
9
9
9
9
9
9
9
9
9
9
9
9
9
9
9
9
9
9
9
9
9
9
9
9
9
9
9
9
9
9
9
9
9
9
9
9
9
9
9
9
9
9
9
9
9
9
9
9
9
9
9
9
9
9
9
9
9
9
9
9
9
9
9
9
9
9
9
9
9
9
9
9
9
9
9
9
9
9
9
9
9
9
9
9
9
9
9
9
9
9
9
9
9
9
9
9
9
9
9
9
9
9
9
9
9
9
9
9
9
9
9
9
9
9
9
9
9
9
9
9
9
9
9
9
9
9
9
9
9
9
9
9
9
9
9
9
9
9
9
9
9
9
9
9
9
9
9
9
9
9
9
9
9
9
9
9
9
9
9
9
9
9
9
9
9
9
9
9
9
9
9
9
9
9
9
9
9
9
9
9
9
9
9
9
9
9
9
9
9
9
9
9
9
9
9
9
9
9
9
9
9
9
9
9
9
9
9
9
9
9
9
9
9
9
9
9
9
9
9
9
9
9
9
9
9
9
9
9
9
9
9
9
9
9
9
9
9
9
9
9
9
9
9
9
9
9
9
9
9
9
9
9
9
9
9
9
9
9
9
9
9
9
9
9
9
9
9
9
9
9
9
9
9
9
9
9
9
9
9
9
9
9
9
9
9
9
9
9
9
9
9
9
9
9
9
9
9
9
9
9
9
9
9
9
9
9
9
9
9
9
9
9
9
9
9
9
9
9
9
9
9
9
9
9
9
9
9
9
9
9
9
9
9
9
9
9
9
9
9
9
9
9
9
9
9
9
9
9
9
9
9
9
9
9
9
9
9
9
9
9
9
9
9
9
9
9
9
9
9
9
9
9
9
9
9
9
9
9
9
9
9
9
9
9
9
9
9
9
9
9
9
9
9
9
9
9
9
9
9
9
9
9
9
9
9
9
9
9
9
9
9
9
9
9
9
9
9
9
9
9
9
9
9
9
9
9
9
9
9
9
9
9
9
9
9
9
9
9
9
9
9
9
9
9
9
9
9
9
9
9
9
9
9
9
9
9
9
9
9
9
9
9
9
9
9
9
9
9
9
9
9
9
9
9
9
9
9
9
9
9
9
9
9
9
9
9
9
9
9
9
9
9
9
9
9
9
9
9
9
9
9
9
9
9
9
9
9
9
9
9
9
9
9
9
9
9
9
9
9
9
9
9
9
9
9
9
9
9
9
9
9
9
9
9
9
9
9
9
9
9
9
9
9
9
9
9
9
9
9
9
9
9
9
9
9
9
9
9
9
9
9
9
9
9
9
9
9
9
9
9
9
9
9
9
9
9
9
9
9
9
9
9
9
9
9
9
9
9
9
9
9
9
9
9
9
9
9
9
9
9
9
9
9
9
9
9
9
9
9
9
9
9
9
9
9
9
9
9
9
9
9
9
9
9
9
9
9
9
9
9
9
9
9
9
9
9
9
9
9
9
9
9
9
9
9
9
9
9
9
9
9
9
9
9
9
9
9
9
9
9
9
9
9
9
9
9
9
9
9
9
9
9
9
9
9
9
9
9
9
9
9
9
9
9
9
9
9
9
9
9
9
9
9
9
9
9
9
9
9
9
9
9
9
9
9
9
9
9
9
9
9
9
9
9
9
9
9
9
9
9
9
9
9
9
9
9
9
9
9
9
9
9
9
9
9
9
9
9
9
9
9
9
9
9
9
9
9
9
9
9
9
9
9
9
9
9
9
9
9
9
9
9
9
9
9
9
9
9
9
9
9
9
9
9
9
9
9
9
9
9
9
9
9
9
9
9
9
9
9
9
9
9
9
9
9
9
9
9
9
9
9
9
9
9
9
9
9
9
9
9
9
9
9
9
9
9
9
9
9
9
9
9
9
9
9
9
9
9
9
9
9
9
9
9
9
9
9
9
9
9
9
9
9
9
9
9
9
9
9
9
9
9
9
9
9
9
9
9
9
9
9
9
9
9
9
9
9
9
9
9
9
9
9
9
9
9
9
9
9
9
9
9
9
9
9
9
9
9
9
9
9
9
9
9
9
9
9
9
9
9
9
9
9
9
9
9
9
9
9
9
9
9
9
9
9
9
9
9
9
9
9
9
9
9
9
9
9
9
9
9
9
9
9
9
9
9
9
9
9
9
9
9
9
9
9
9
9
9
9
9
9
9
9
9
9
9
9
9
9
9
9
9
9
9
9
9
9
9
9
9
9
9
9
9
9
9
9
9
9
9
9
9
9
9
9
9
9
9
9
9
9
9
9
9
9
9
9
9
9
9
9
9
9
9
9
9
9
9
9
9
9
9
9
9
9
9
9
9
9
9
9
9
9
9
9
9
9
9
9
9
9
9
9
9
9
9
9
9
9
9
9
9
9
9
9
9
9
9
9
9
9
9
9
9
9
9
9
9
9
9
9
9
9
9
9
9
9
9
9
9
9
9
9
9
9
9
9
9
9
9
9
9
9
9
9
9
9
9
9
9
9
9
9
9
9
9
9
9
9
9
9
9
9
9
9
9
9
9
9
9
9
9
9
9
9
9
9
9
9
9
9
9
9
9
9
9
9
9
9
9
9
9
9
9
9
9
9
9
9
9
9
9
9
9
9
9
9
9
9
9
9
9
9
9
9
9
9
9
9
9
9
9
9
9
9
9
9
9
9
9
9
9
9
9
9
9
9
9
9
9
9
9
9
9
9
9
9
9
9
9
9
9
9
9
9
9
9
9
9
9
9
9
9
9
9
9
9
9
9
9
9
9
9
9
9
9
9
9
9
9
9
9
9
9
9
9
9
9
9
9
9
9
9
9
9
9
9
9
9
9
9
9
9
9
9
9
9
9
9
9
9
9
9
9
9
9
9
9
9
9
9
9
9
9
9
9
9
9
9
9
9
9
9
9
9
9
9
9
9
9
9
9
9
9
9
9
9
9
9
9
9
9
9
9
9
9
9
9
9
9
9
9
9
9
9
9
9
9
9
9
9
9
9
9
9
9
9
9
9
9
9
9
9
9
9
9
9
9
9
9
9
9
9
9
9
9
9
9
9
9
9
9
9
9
9
9
9
9
9
9
9
9
9
9
9
9
9
9
9
9
9
9
9
9
9
9
9
9
9
9
9
9
9
9
9
9
9
9
9
9
9
9
9
9
9
9
9
9
9
9
9
9
9
9
9
9
9
9
9
9
9
9
9
9
9
9
9
9
9
9
9
9
9
9
9
9
9
9
9
9
9
9
9
9
9
9
9
9
9
9
9
9
9
9
9
9
9
9
9
9
9
9
9
9
9
9
9
9
9
9
9
9
9
9
9
9
9
9
9
9
9
9
9
9
9
9
9
9
9
9
9
9
9
9
9
9
9
9
9
9
9
9
9
9
9
9
9
9
9
9
9
9
9
9
9
9
9
9
9
9
9
9
9
9
9
9
9
9
9
9
9
9
9
9
9
9
9
9
9
9
9
9
9
9
9
9
9
9
9
9
9
9
9
9
9
9
9
9
9
9
9
9
9
9
9
9
9
9
9
9
9
9
9
9
9
9
9
9
9
9
9
9
9
9
9
9
9
9
9
9
9
9
9
9
9
9
9
9
9
9
9
9
9
9
9
9
9
9
9
9
9
9
9
9
9
9
9
9
9
9
9
9
9
9
9
9
9
9
9
9
9
9
9
9
9
9
9
9
9
9
9
9
9
9
9
9
9
9
9
9
9
9
9
9
9
9
9
9
9
9
9
9
9
9
9
9
9
9
9
9
9
9
9
9
9
9
9
9
9
9
9
9
9
9
9
9
9
9
9
9
9
9
9
9
9
9
9
9
9
9
9
9
9
9
9
9
9
9
9
9
9
9
9
9
9
9
9
9
9
9
9
9
9
9
9
9
9
9
9
9
9
9
9
9
9
9
9
9
9
9
9
9
9
9
9
9
9
9
9
9
9
9
9
9
9
9
9
9
9
9
9
9
9
9
9
9
9
9
9
9
9
9
9
9
9
9
9
9
9
9
9
9
9
9
9
9
9
9
9
9
9
9
9
9
9
9
9
9
9
9
9
9
9
9
9
9
9
9
9
9
9
9
9
9
9
9
9
9
9
9
9
9
9
9
9
9
9
9
9
9
9
9
9
9
9
9
9
9
9
9
9
9
9
9
9
9
9
9
9
9
9
9
9
9
9
9
9
9
9
9
9
9
9
9
9
9
9
9
9
9
9
9
9
9
9
9
9
9
9
9
9
9
9
9
9
9
9
9
9
9
9
9
9
9
9
9
9
9
9
9
9
9
9
9
9
9
9
9
9
9
9
9
9
9
9
9
9
9
9
9
9
9
9
9
9
9
9
9
9
9
9
9
9
9
9
9
9
9
9
9
9
9
9
9
9
9
9
9
9
9
9
9
9
9
9
9
9
9
9
9
9
9
9
9
9
9
9
9
9
9
9
9
9
9
9
9
9
9
9
9
9
9
9
9
9
9
9
9
9
9
9
9
9
9
9
9
9
9
9
9
9
9
9
9
9
9
9
9
9
9
9
9
9
9
9
9
9
9
9
9
9
9
9
9
9
9
9
9
9
9
9
9
9
9
9
9
9
9
9
9
9
9
9
9
9
9
9
9
9
9
9
9
9
9
9
9
9
9
9
9
9
9
9
9
9
9
9
9
9
9
9
9
9
9
9
9
9
9
9
9
9
9
9
9
9
9
9
9
9
9
9
9
9
9
9
9
9
9
9
9
9
9
9
9
9
9
9
9
9
9
9
9
9
9
9
9
9
9
9
9
9
9
9
9
9
9
9
9
9
9
9
9
9
9
9
9
9
9
9
9
9
9
9
9
9
9
9
9
9
9
9
9
9
9
9
9
9
9
9
9
9
9
9
9
9
9
9
9
9
9
9
9
9
9
9
9
9
9
9
9
9
9
9
9
9
9
9
9
9
9
9
9
9
9
9
9
9
9
9
9
9
9
9
9
9
9
9
9
9
9
9
9
9
9
9
9
9
9
9
9
9
9
9
9
9
9
9
9
9
9
9
9
9
9
9
9
9
9
9
9
9
9
9
9
9
9
9
9
9
9
9
9
9
9
9
9
9
9
9
9
9
9
9
9
9
9
9
9
9
9
9
9
9
9
9
9
9
9
9
9
9
9
9
9
9
9
9
9
9
9
9
9
9
9
9
9
9
9
9
9
9
9
9
9
9
9
9
9
9
9
9
9
9
9
9
9
9
9
9
9
9
9
9
9
9
9
9
9
9
9
9
9
9
9
9
9
9
9
9
9
9
9
9
9
9
9
9
9
9
9
9
9
9
9
9
9
9
9
9
9
9
9
9
9
9
9
9
9
9
9
9
9
9
9
9
9
9
9
9
9
9
9
9
9
9
9
9
9
9
9
9
9
9
9
9
9
9
9
9
9
9
9
9
9
9
9
9
9
9
9
9
9
9
9
9
9
9
9
9
9
9
9
9
9
9
9
9
9
9
9
9
9
9
9
9
9
9
9
9
9
9
9
9
9
9
9
9
9
9
9
9
9
9
9
9
9
9
9
9
9
9
9
9
9
9
9
9
9
9
9
9
9
9
9
9
9
9
9
9
9
9
9
9
9
9
9
9
9
9
9
9
9
9
9
9
9
9
9
9
9
9
9
9
9
9
9
9
9
9
9
9
9
9
9
9
9
9
9
9
9
9
9
9
9
9
9
9
9
9
9
9
9
9
9
9
9
9
9
9
9
9
9
9
9
9
9
9
9
9
9
9
9
9
9
9
9
9
9
9
9
9
9
9
9
9
9
9
9
9
9
9
9
9
9
9
9
9
9
9
9
9
9
9
9
9
9
9
9
9
9
9
9
9
9
9
9
9
9
9
9
9
9
9
9
9
9
9
9
9
9
9
9
9
9
9
9
9
9
9
9
9
9
9
9
9
9
9
9
9
9
9
9
9
9
9
9
9
9
9
9
9
9
9
9
9
9
9
9
9
9
9
9
9
9
9
9
9
9
9
9
9
9
9
9
9
9
9
9
9
9
9
9
9
9
9
9
9
9
9
9
9
9
9
9
9
9
9
9
9
9
9
9
9
9
9
9
9
9
9
9
9
9
9
9
9
9
9
9
9
9
9
9
9
9
9
9
9
9
9
9
9
9
9
9
9
9
9
9
9
9
9
9
9
9
9
9
9
9
9
9
9
9
9
9
9
9
9
9
9
9
9
9
9
9
9
9
9
9
9
9
9
9
9
9
9
9
9
9
9
9
9
9
9
9
9
9
9
9
9
9
9
9
9
9
9
9
9
9
9
9
9
9
9
9
9
9
9
9
9
9
9
9
9
9
9
9
9
9
9
9
9
9
9
9
9
9
9
9
9
9
9
9
9
9
9
9
9
9
9
9
9
9
9
9
9
9
9
9
9
9
9
9
9
9
9
9
9
9
9
9
9
9
9
9
9
9
9
9
9
9
9
9
9
9
9
9
9
9
9
9
9
9
9
9
9
9
9
9
9
9
9
9
9
9
9
9
9
9
9
9
9
9
9
9
9
9
9
9
9
9
9
9
9
9
9
9
9
9
9
9
9
9
9
9
9
9
9
9
9
9
9
9
9
9
9
9
9
9
9
9
9
9
9
9
9
9
9
9
9
9
9
9
9
9
9
9
9
9
9
9
9
9
9
9
9
9
9
9
9
9
9
9
9
9
9
9
9
9
9
9
9
9
9
9
9
9
9
9
9
9
9
9
9
9
9
9
9
9
9
9
9
9
9
9
9
9
9
9
9
9
9
9
9
9
9
9
9
9
9
9
9
9
9
9
9
9
9
9
9
9
9
9
9
9
9
9
9
9
9
9
9
9
9
9
9
9
9
9
9
9
9
9
9
9
9
9
9
9
9
9
9
9
9
9
9
9
9
9
9
9
9
9
9
9
9
9
9
9
9
9
9
9
9
9
9
9
9
9
9
9
9
9
9
9
9
9
9
9
9
9
9
9
9
9
9
9
9
9
9
9
9
9
9
9
9
9
9
9
9
9
9
9
9
9
9
9
9
9
9
9
9
9
9
9
9
9
9
9
9
9
9
9
9
9
9
9
9
9
9
9
9
9
9
9
9
9
9
9
9
9
9
9
9
9
9
9
9
9
9
9
9
9
9
9
9
9
9
9
9
9
9
9
9
9
9
9
9
9
9
9
9
9
9
9
9
9
9
9
9
9
9
9
9
9
9
9
9
9
9
9
9
9
9
9
9
9
9
9
9
9
9
9
9
9
9
9
9
9
9
9
9
9
9
9
9
9
9
9
9
9
9
9
9
9
9
9
9
9
9
9
9
9
9
9
9
9
9
9
9
9
9
9
9
9
9
9
9
9
9
9
9
9
9
9
9
9
9
9
9
9
9
9
9
9
9
9
9
9
9
9
9
9
9
9
9
9
9
9
9
9
9
9
9
9
9
9
9
9
9
9
9
9
9
9
9
9
9
9
9
9
9
9
9
9
9
9
9
9
9
9
9
9
9
9
9
9
9
9
9
9
9
9
9
9
9
9
9
9
9
9
9
9
9
9
9
9
9
9
9
9
9
9
9
9
9
9
9
9
9
9
9
9
9
9
9
9
9
9
9
9
9
9
9
9
9
9
9
9
9
9
9
9
9
9
9
9
9
9
9
9
9
9
9
9
9
9
9
9
9
9
9
9
9
9
9
9
9
9
9
9
9
9
9
9
9
9
9
9
9
9
9
9
9
9
9
9
9
9
9
9
9
9
9
9
9
9
9
9
9
9
9
9
9
9
9
9
9
9
9
9
9
9
9
9
9
9
9
9
9
9
9
9
9
9
9
9
9
9
9
9
9
9
9
9
9
9
9
9
9
9
9
9
9
9
9
9
9
9
9
9
9
9
9
9
9
9
9
9
9
9
9
9
9
9
9
9
9
9
9
9
9
9
9
9
9
9
9
9
9
9
9
9
9
9
9
9
9
9
9
9
9
9
9
9
9
9
9
9
9
9
9
9
9
9
9
9
9
9
9
9
9
9
9
9
9
9
9
9
9
9
9
9
9
9
9
9
9
9
9
9
9
9
9
9
9
9
9
9
9
9
9
9
9
9
9
9
9
9
9
9
9
9
9
9
9
9
9
9
9
9
9
9
9
9
9
9
9
9
9
9
9
9
9
9
9
9
9
9
9
9
9
9
9
9
9
9
9
9
9
9
9
9
9
9
9
9
9
9
9
9
9
9
9
9
9
9
9
9
9
9
9
9
9
9
9
9
9
9
9
9
9
9
9
9
9
9
9
9
9
9
9
9
9
9
9
9
9
9
9
9
9
9
9
9
9
9
9
9
9
9
9
9
9
9
9
9
9
9
9
9
9
9
9
9
9
9
9
9
9
9
9
9
9
9
9
9
9
9
9
9
9
9
9
9
9
9
9
9
9
9
9
9
9
9
9
9
9
9
9
9
9
9
9
9
9
9
9
9
9
9
9
9
9
9
9
9
9
9
9
9
9
9
9
9
9
9
9
9
9
9
9
9
9
9
9
9
9
9
9
9
9
9
9
9
9
9
9
9
9
9
9
9
9
9
9
9
9
9
9
9
9
9
9
9
9
9
9
9
9
9
9
9
9
9
9
9
9
9
9
9
9
9
9
9
9
9
9
9
9
9
9
9
9
9
9
9
9
9
9
9
9
9
9
9
9
9
9
9
9
9
9
9
9
9
9
9
9
9
9
9
9
9
9
9
9
9
9
9
9
9
9
9
9
9
9
9
9
9
9
9
9
9
9
9
9
9
9
9
9
9
9
9
9
9
9
9
9
9
9
9
9
9
9
9
9
9
9
9
9
9
9
9
9
9
9
9
9
9
9
9
9
9
9
9
9
9
9
9
9
9
9
9
9
9
9
9
9
9
9
9
9
9
9
9
9
9
9
9
9
9
9
9
9
9
9
9
9
9
9
9
9
9
9
9
9
9
9
9
9
9
9
9
9
9
9
9
9
9
9
9
9
9
9
9
9
9
9
9
9
9
9
9
9
9
9
9
9
9
9
9
9
9
9
9
9
9
9
9
9
9
9
9
9
9
9
9
9
9
9
9
9
9
9
9
9
9
9
9
9
9
9
9
9
9
9
9
9
9
9
9
9
9
9
9
9
9
9
9
9
9
9
9
9
9
9
9
9
9
9
9
9
9
9
9
9
9
9
9
9
9
9
9
9
9
9
9
9
9
9
9
9
9
9
9
9
9
9
9
9
9
9
9
9
9
9
9
9
9
9
9
9
9
9
9
9
9
9
9
9
9
9
9
9
9
9
9
9
9
9
9
9
9
9
9
9
9
9
9
9
9
9
9
9
9
9
9
9
9
9
9
9
9
9
9
9
9
9
9
9
9
9
9
9
9
9
9
9
9
9
9
9
9
9
9
9
9
9
9
9
9
9
9
9
9
9
9
9
9
9
9
9
9
9
9
9
9
9
9
9
9
9
9
9
9
9
9
9
9
9
9
9
9
9
9
9
9
9
9
9
9
9
9
9
9
9
9
9
9
9
9
9
9
9
9
9
9
9
9
9
9
9
9
9
9
9
9
9
9
9
9
9
9
9
9
9
9
9
9
9
9
9
9
9
9
9
9
9
9
9
9
9
9
9
9
9
9
9
9
9
9
9
9
9
9
9
9
9
9
9
9
9
9
9
9
9
9
9
9
9
9
9
9
9
9
9
9
9
9
9
9
9
9
9
9
9
9
9
9
9
9
9
9
9
9
9
9
9
9
9
9
9
9
9
9
9
9
9
9
9
9
9
9
9
9
9
9
9
9
9
9
9
9
9
9
9
9
9
9
9
9
9
9
9
9
9
9
9
9
9
9
9
9
9
9
9
9
9
9
9
9
9
9
9
9
9
9
9
9
9
9
9
9
9
9
9
9
9
9
9
9
9
9
9
9
9
9
9
9
9
9
9
9
9
9
9
9
9
9
9
9
9
9
9
9
9
9
9
9
9
9
9
9
9
9
9
9
9
9
9
9
9
9
9
9
9
9
9
9
9
9
9
9
9
9
9
9
9
9
9
9
9
9
9
9
9
9
9
9
9
9
9
9
9
9
9
9
9
9
9
9
9
9
9
9
9
9
9
9
9
9
9
9
9
9
9
9
9
9
9
9
9
9
9
9
9
9
9
9
9
9
9
9
9
9
9
9
9
9
9
9
9
9
9
9
9
9
9
9
9
9
9
9
9
9
9
9
9
9
9
9
9
9
9
9
9
9
9
9
9
9
9
9
9
9
9
9
9
9
9
9
9
9
9
9
9
9
9
9
9
9
9
9
9
9
9
9
9
9
9
9
9
9
9
9
9
9
9
9
9
9
9
9
9
9
9
9
9
9
9
9
9
9
9
9
9
9
9
9
9
9
9
9
9
9
9
9
9
9
9
9
9
9
9
9
9
9
9
9
9
9
9
9
9
9
9
9
9
9
9
9
9
9
9
9
9
9
9
9
9
9
9
9
9
9
9
9
9
9
9
9
9
9
9
9
9
9
9
9
9
9
9
9
9
9
9
9
9
9
9
9
9
9
9
9
9
9
9
9
9
9
9
9
9
9
9
9
9
9
9
9
9
9
9
9
9
9
9
9
9
9
9
9
9
9
9
9
9
9
9
9
9
9
9
9
9
9
9
9
9
9
9
9
9
9
9
9
9
9
9
9
9
9
9
9
9
9
9
9
9
9
9
9
9
9
9
9
9
9
9
9
9
9
9
9
9
9
9
9
9
9
9
9
9
9
9
9
9
9
9
9
9
9
9
9
9
9
9
9
9
9
9
9
9
9
9
9
9
9
9
9
9
9
9
9
9
9
9
9
9
9
9
9
9
9
9
9
9
9
9
9
9
9
9
9
9
9
9
9
9
9
9
9
9
9
9
9
9
9
9
9
9
9
9
9
9
9
9
9
9
9
9
9
9
9
9
9
9
9
9
9
9
9
9
9
9
9
9
9
9
9
9
9
9
9
9
9
9
9
9
9
9
9
9
9
9
9
9
9
9
9
9
9
9
9
9
9
9
9
9
9
9
9
9
9
9
9
9
9
9
9
9
9
9
9
9
9
9
9
9
9
9
9
9
9
9
9
9
9
9
9
9
9
9
9
9
9
9
9
9
9
9
9
9
9
9
9
9
9
9
9
9
9
9
9
9
9
9
9
9
9
9
9
9
9
9
9
9
9
9
9
9
9
9
9
9
9
9
9
9
9
9
9
9
9
9
9
9
9
9
9
9
9
9
9
9
9
9
9
9
9
9
9
9
9
9
9
9
9
9
9
9
9
9
9
9
9
9
9
9
9
9
9
9
9
9
9
9
9
9
9
9
9
9
9
9
9
9
9
9
9
9
9
9
9
9
9
9
9
9
9
9
9
9
9
9
9
9
9
9
9
9
9
9
9
9
9
9
9
9
9
9
9
9
9
9
9
9
9
9
9
9
9
9
9
9
9
9
9
9
9
9
9
9
9
9
9
9
9
9
9
9
9
9
9
9
9
9
9
9
9
9
9
9
9
9
9
9
9
9
9
9
9
9
9
9
9
9
9
9
9
9
9
9
9
9
9
9
9
9
9
9
9
9
9
9
9
9
9
9
9
9
9
9
9
9
9
9
9
9
9
9
9
9
9
9
9
9
9
9
9
9
9
9
9
9
9
9
9
9
9
9
9
9
9
9
9
9
9
9
9
9
9
9
9
9
9
9
9
9
9
9
9
9
9
9
9
9
9
9
9
9
9
9
9
9
9
9
9
9
9
9
9
9
9
9
9
9
9
9
9
9
9
9
9
9
9
9
9
9
9
9
9
9
9
9
9
9
9
9
9
9
9
9
9
9
9
9
9
9
9
9
9
9
9
9
9
9
9
9
9
9
9
9
9
9
9
9
9
9
9
9
9
9
9
9
9
9
9
9
9
9
9
9
9
9
9
9
9
9
9
9
9
9
9
9
9
9
9
9
9
9
9
9
9
9
9
9
9
9
9
9
9
9
9
9
9
9
9
9
9
9
9
9
9
9
9
9
9
9
9
9
9
9
9
9
9
9
9
9
9
9
9
9
9
9
9
9
9
9
9
9
9
9
9
9
9
9
9
9
9
9
9
9
9
9
9
9
9
9
9
9
9
9
9
9
9
9
9
9
9
9
9
9
9
9
9
9
9
9
9
9
9
9
9
9
9
9
9
9
9
9
9
9
9
9
9
9
9
9
9
9
9
9
9
9
9
9
9
9
9
9
9
9
9
9
9
9
9
9
9
9
9
9
9
9
9
9
9
9
9
9
9
9
9
9
9
9
9
9
9
9
9
9
9
9
9
9
9
9
9
9
9
9
9
9
9
9
9
9
9
9
9
9
9
9
9
9
9
9
9
9
9
9
9
9
9
9
9
9
9
9
9
9
9
9
9
9
9
9
9
9
9
9
9
9
9
9
9
9
9
9
9
9
9
9
9
9
9
9
9
9
9
9
9
9
9
9
9
9
9
9
9
9
9
9
9
9
9
9
9
9
9
9
9
9
9
9
9
9
9
9
9
9
9
9
9
9
9
9
9
9
9
9
9
9
9
9
9
9
9
9
9
9
9
9
9
9
9
9
9
9
9
9
9
9
9
9
9
9
9
9
9
9
9
9
9
9
9
9
9
9
9
9
9
9
9
9
9
9
9
9
9
9
9
9
9
9
9
9
9
9
9
9
9
9
9
9
9
9
9
9
9
9
9
9
9
9
9
9
9
9
9
9
9
9
9
9
9
9
9
9
9
9
9
9
9
9
9
9
9
9
9
9
9
9
9
9
9
9
9
9
9
9
9
9
9
9
9
9
9
9
9
9
9
9
9
9
9
9
9
9
9
9
9
9
9
9
9
9
9
9
9
9
9
9
9
9
9
9
9
9
9
9
9
9
9
9
9
9
9
9
9
9
9
9
9
9
9
9
9
9
9
9
9
9
9
9
9
9
9
9
9
9
9
9
9
9
9
9
9
9
9
9
9
9
9
9
9
9
9
9
9
9
9
9
9
9
9
9
9
9
9
9
9
9
9
9
9
9
9
9
9
9
9
9
9
9
9
9
9
9
9
9
9
9
9
9
9
9
9
9
9
9
9
9
9
9
9
9
9
9
9
9
9
9
9
9
9
9
9
9
9
9
9
9
9
9
9
9
9
9
9
9
9
9
9
9
9
9
9
9
9
9
9
9
9
9
9
9
9
9
9
9
9
9
9
9
9
9
9
9
9
9
9
9
9
9
9
9
9
9
9
9
9
9
9
9
9
9
9
9
9
9
9
9
9
9
9
9
9
9
9
9
9
9
9
9
9
9
9
9
9
9
9
9
9
9
9
9
9
9
9
9
9
9
9
9
9
9
9
9
9
9
9
9
9
9
9
9
9
9
9
9
9
9
9
9
9
9
9
9
9
9
9
9
9
9
9
9
9
9
9
9
9
9
9
9
9
9
9
9
9
9
9
9
9
9
9
9
9
9
9
9
9
9
9
9
9
9
9
9
9
9
9
9
9
9
9
9
9
9
9
9
9
9
9
9
9
9
9
9
9
9
9
9
9
9
9
9
9
9
9
9
9
9
9
9
9
9
9
9
9
9
9
9
9
9
9
9
9
9
9
9
9
9
9
9
9
9
9
9
9
9
9
9
9
9
9
9
9
9
9
9
9
9
9
9
9
9
9
9
9
9
9
9
9
9
9
9
9
9
9
9
9
9
9
9
9
9
9
9
9
9
9
9
9
9
9
9
9
9
9
9
9
9
9
9
9
9
9
9
9
9
9
9
9
9
9
9
9
9
9
9
9
9
9
9
9
9
9
9
9
9
9
9
9
9
9
9
9
9
9
9
9
9
9
9
9
9
9
9
9
9
9
9
9
9
9
9
9
9
9
9
9
9
9
9
9
9
9
9
9
9
9
9
9
9
9
9
9
9
9
9
9
9
9
9
9
9
9
9
9
9
9
9
9
9
9
9
9
9
9
9
9
9
9
9
9
9
9
9
9
9
9
9
9
9
9
9
9
9
9
9
9
9
9
9
9
9
9
9
9
9
9
9
9
9
9
9
9
9
9
9
9
9
9
9
9
9
9
9
9
9
9
9
9
9
9
9
9
9
9
9
9
9
9
9
9
9
9
9
9
9
9
9
9
9
9
9
9
9
9
9
9
9
9
9
9
9
9
9
9
9
9
9
9
9
9
9
9
9
9
9
9
9
9
9
9
9
9
9
9
9
9
9
9
9
9
9
9
9
9
9
9
9
9
9
9
9
9
9
9
9
9
9
9
9
9
9
9
9
9
9
9
9
9
9
9
9
9
9
9
9
9
9
9
9
9
9
9
9
9
9
9
9
9
9
9
9
9
9
9
9
9
9
9
9
9
9
9
9
9
9
9
9
9
9
9
9
9
9
9
9
9
9
9
9
9
9
9
9
9
9
9
9
9
9
9
9
9
9
9
9
9
9
9
9
9
9
9
9
9
9
9
9
9
9
9
9
9
9
9
9
9
9
9
9
9
9
9
9
9
9
9
9
9
9
9
9
9
9
9
9
9
9
9
9
9
9
9
9
9
9
9
9
9
9
9
9
9
9
9
9
9
9
9
9
9
9
9
9
9
9
9
9
9
9
9
9
9
9
9
9
9
9
9
9
9
9
9
9
9
9
9
9
9
9
9
9
9
9
9
9
9
9
9
9
9
9
9
9
9
9
9
9
9
9
9
9
9
9
9
9
9
9
9
9
9
9
9
9
9
9
9
9
9
9
9
9
9
9
9
9
9
9
9
9
9
9
9
9
9
9
9
9
9
9
9
9
9
9
9
9
9
9
9
9
9
9
9
9
9
9
9
9
9
9
9
9
9
9
9
9
9
9
9
9
9
9
9
9
9
9
9
9
9
9
9
9
9
9
9
9
9
9
9
9
9
9
9
9
9
9
9
9
9
9
9
9
9
9
9
9
9
9
9
9
9
9
9
9
9
9
9
9
9
9
9
9
9
9
9
9
9
9
9
9
9
9
9
9
9
9
9
9
9
9
9
9
9
9
9
9
9
9
9
9
9
9
9
9
9
9
9
9
9
9
9
9
9
9
9
9
9
9
9
9
9
9
9
9
9
9
9
9
9
9
9
9
9
9
9
9
9
9
9
9
9
9
9
9
9
9
9
9
9
9
9
9
9
9
9
9
9
9
9
9
9
9
9
9
9
9
9
9
9
9
9
9
9
9
9
9
9
9
9
9
9
9
9
9
9
9
9
9
9
9
9
9
9
9
9
9
9
9
9
9
9
9
9
9
9
9
9
9
9
9
9
9
9
9
9
9
9
9
9
9
9
9
9
9
9
9
9
9
9
9
9
9
9
9
9
9
9
9
9
9
9
9
9
9
9
9
9
9
9
9
9
9
9
9
9
9
9
9
9
9
9
9
9
9
9
9
9
9
9
9
9
9
9
9
9
9
9
9
9
9
9
9
9
9
9
9
9
9
9
9
9
9
9
9
9
9
9
9
9
9
9
9
9
9
9
9
9
9
9
9
9
9
9
9
9
9
9
9
9
9
9
9
9
9
9
9
9
9
9
9
9
9
9
9
9
9
9
9
9
9
9
9
9
9
9
9
9
9
9
9
9
9
9
9
9
9
9
9
9
9
9
9
9
9
9
9
9
9
9
9
9
9
9
9
9
9
9
9
9
9
9
9
9
9
9
9
9
9
9
9
9
9
9
9
9
9
9
9
9
9
9
9
9
9
9
9
9
9
9
9
9
9
9
9
9
9
9
9
9
9
9
9
9
9
9
9
9
9
9
9
9
9
9
9
9
9
9
9
9
9
9
9
9
9
9
9
9
9
9
9
9
9
9
9
9
9
9
9
9
9
9
9
9
9
9
9
9
9
9
9
9
9
9
9
9
9
9
9
9
9
9
9
9
9
9
9
9
9
9
9
9
9
9
9
9
9
9
9
9
9
9
9
9
9
9
9
9
9
9
9
9
9
9
9
9
9
9
9
9
9
9
9
9
9
9
9
9
9
9
9
9
9
9
9
9
9
9
9
9
9
9
9
9
9
9
9
9
9
9
9
9
9
9
9
9
9
9
9
9
9
9
9
9
9
9
9
9
9
9
9
9
9
9
9
9
9
9
9
9
9
9
9
9
9
9
9
9
9
9
9
9
9
9
9
9
9
9
9
9
9
9
9
9
9
9
9
9
9
9
9
9
9
9
9
9
9
9
9
9
9
9
9
9
9
9
9
9
9
9
9
9
9
9
9
9
9
9
9
9
9
9
9
9
9
9
9
9
9
9
9
9
9
9
9
9
9
9
9
9
9
9
9
9
9
9
9
9
9
9
9
9
9
9
9
9
9
9
9
9
9
9
9
9
9
9
9
9
9
9
9
9
9
9
9
9
9
9
9
9
9
9
9
9
9
9
9
9
9
9
9
9
9
9
9
9
9
9
9
9
9
9
9
9
9
9
9
9
9
9
9
9
9
9
9
9
9
9
9
9
9
9
9
9
9
9
9
9
9
9
9
9
9
9
9
9
9
9
9
9
9
9
9
9
9
9
9
9
9
9
9
9
9
9
9
9
9
9
9
9
9
9
9
9
9
9
9
9
9
9
9
9
9
9
9
9
9
9
9
9
9
9
9
9
9
9
9
9
9
9
9
9
9
9
9
9
9
9
9
9
9
9
9
9
9
9
9
9
9
9
9
9
9
9
9
9
9
9
9
9
9
9
9
9
9
9
9
9
9
9
9
9
9
9
9
9
9
9
9
9
9
9
9
9
9
9
9
9
9
9
9
9
9
9
9
9
9
9
9
9
9
9
9
9
9
9
9
9
9
9
9
9
9
9
9
9
9
9
9
9
9

CELL_DATA 10929
SCALARS CellEntityIds int 1
LOOKUP_TABLE default
1
1
1
1
1
1
1
1
1
1
1
1
1
1
1
1
1
1
1
1
1
1
1
1
1
1
1
1
1
1
1
1
1
1
1
1
1
1
1
1
1
1
1
1
1
1
1
1
1
1
1
1
1
1
1
1
1
1
1
1
1
1
1
1
1
1
1
1
1
1
1
1
1
1
1
1
1
1
1
1
1
1
1
1
1
1
1
1
1
1
1
1
1
1
1
1
1
1
1
1
1
1
1
1
1
1
1
1
1
1
1
1
1
1
1
1
1
1
1
1
1
1
1
1
1
1
1
1
1
1
1
1
1
1
1
1
1
1
1
1
1
1
1
1
1
1
1
1
1
1
1
1
1
1
1
1
1
1
1
1
1
1
1
1
1
1
1
1
1
1
1
1
1
1
1
1
1
1
1
1
1
1
1
1
1
1
1
1
1
1
1
1
1
1
1
1
1
1
1
1
1
1
1
1
2
2
2
2
2
2
2
2
2
2
2
2
2
2
2
2
2
2
2
2
2
2
2
2
2
2
2
2
2
2
2
2
2
2
2
2
2
2
2
2
2
2
2
2
2
2
2
2
2
2
2
2
2
2
2
2
2
2
2
2
2
2
2
2
2
2
2
2
2
2
2
2
2
2
2
2
2
2
2
2
2
2
2
2
2
2
2
2
2
2
2
2
2
2
2
2
2
2
2
2
2
2
2
2
2
2
2
2
2
2
2
2
2
2
2
2
2
2
2
2
2
2
2
2
2
2
2
2
2
2
2
2
2
2
2
2
2
2
2
2
2
2
2
2
2
2
2
2
2
2
2
2
2
2
2
2
2
2
2
2
2
2
2
2
2
2
2
2
2
2
2
2
2
2
2
2
2
2
2
2
2
2
2
2
2
2
2
2
2
2
2
2
2
2
2
2
2
2
2
2
2
2
2
2
2
2
6
6
6
6
6
6
6
6
6
6
6
6
6
6
6
6
6
6
6
6
6
6
6
6
6
6
6
6
6
6
6
6
6
6
6
6
6
6
6
6
6
6
6
6
4
4
4
4
4
4
4
4
4
4
4
4
4
4
4
4
4
4
4
4
4
4
4
4
4
4
4
4
4
4
4
4
4
4
4
4
4
4
4
4
5
5
5
5
5
5
5
5
5
5
5
5
5
5
5
5
5
5
5
5
5
5
5
5
5
5
5
5
5
5
5
5
5
5
5
5
5
5
5
5
5
5
5
5
3
3
3
3
3
3
3
3
3
3
3
3
3
3
3
3
3
3
3
3
3
3
3
3
3
3
3
3
3
3
3
3
3
3
3
3
3
3
3
3
7
7
7
7
7
7
7
7
7
7
7
7
7
7
7
7
7
7
7
7
7
7
7
7
7
7
7
7
7
7
7
7
7
7
7
7
7
7
7
7
7
7
7
7
7
7
7
7
7
7
7
7
7
7
7
7
7
7
7
7
7
7
7
7
7
7
7
7
7
7
7
7
7
7
7
7
7
7
7
7
7
7
7
7
7
7
7
7
7
7
7
7
7
7
7
7
7
7
7
7
7
7
7
7
7
7
7
7
7
7
7
7
7
7
7
7
7
7
7
7
7
7
7
7
7
7
7
7
7
7
7
7
7
7
7
7
7
7
7
7
7
7
7
7
7
7
7
7
7
7
7
7
7
7
7
7
7
7
7
7
7
7
7
7
7
7
7
7
7
7
7
7
7
7
7
7
7
7
7
7
7
7
7
7
7
7
7
7
7
7
7
7
7
7
7
7
7
7
7
7
7
7
7
7
7
7
7
7
7
7
7
7
7
7
7
7
7
7
7
7
7
7
7
7
7
7
7
7
7
7
7
7
7
7
7
7
7
7
7
7
7
7
7
7
7
7
7
7
7
7
7
7
7
7
7
7
7
7
7
7
7
7
7
7
7
7
7
7
7
7
7
7
7
7
7
7
7
7
7
7
7
7
7
7
7
7
7
7
7
7
7
7
7
7
7
7
7
7
7
7
7
7
7
7
7
7
7
7
7
7
7
7
7
7
7
7
7
7
7
7
7
7
7
7
7
7
7
7
7
7
7
7
7
7
7
7
7
7
7
7
7
7
7
7
7
7
7
7
7
7
7
7
7
7
7
7
7
7
7
7
7
7
7
7
7
7
7
7
7
7
7
7
7
7
7
7
7
7
7
7
7
7
7
7
7
7
7
7
7
7
7
7
7
7
7
7
7
7
7
7
7
7
7
7
7
7
7
7
7
7
7
7
7
7
7
7
7
7
7
7
7
7
7
7
7
7
7
7
7
7
7
7
7
7
7
7
7
7
7
7
7
7
7
7
7
7
7
7
7
7
7
7
7
7
7
7
7
7
7
7
7
7
7
7
7
7
7
7
7
7
7
7
7
7
7
7
7
7
7
7
7
7
7
7
7
7
7
7
7
7
7
7
7
7
7
7
7
7
7
7
7
7
7
7
7
7
7
7
7
7
7
7
7
7
7
7
7
7
7
7
7
7
7
7
7
7
7
7
7
7
7
7
7
7
7
7
7
7
7
7
7
7
7
7
7
7
7
7
7
7
7
7
7
7
7
7
7
7
7
7
7
7
7
7
7
7
7
7
7
7
7
7
7
7
7
7
7
7
7
7
7
7
7
7
7
7
7
7
7
7
7
7
7
7
7
7
7
7
7
7
7
7
7
7
7
7
7
7
7
7
7
7
7
7
7
7
7
7
7
7
7
7
7
7
7
7
7
7
7
7
7
7
7
7
7
7
7
7
7
7
7
7
7
7
7
7
7
7
7
7
7
7
7
7
7
7
7
7
7
7
7
7
7
7
7
7
7
7
7
7
7
7
7
7
7
7
7
7
7
7
7
7
7
7
7
7
7
7
7
7
7
7
7
7
7
7
7
7
7
7
7
7
7
7
7
7
7
7
7
7
7
7
7
7
7
7
7
7
7
7
7
7
7
7
7
7
7
7
7
7
7
7
7
7
7
7
7
7
7
7
7
7
7
7
7
7
7
7
7
7
7
7
7
7
7
7
7
7
7
7
7
7
7
7
7
7
7
7
7
7
7
7
7
7
7
7
7
7
7
7
7
7
7
7
7
7
7
7
7
7
7
7
7
7
7
7
7
7
7
7
7
7
7
7
7
7
7
7
7
7
7
7
7
7
7
7
7
7
7
7
7
7
7
7
7
7
7
7
7
7
7
7
7
7
7
7
7
7
7
7
7
7
7
7
7
7
7
7
7
7
7
7
7
7
7
7
7
7
7
7
7
7
7
7
7
7
7
7
7
7
7
7
7
7
7
7
7
7
7
7
7
7
7
7
7
7
7
7
7
7
7
7
7
7
7
7
7
7
7
7
7
7
7
7
7
7
7
7
7
7
7
7
7
7
7
7
7
7
7
7
7
7
7
7
7
7
7
7
7
7
7
7
7
7
7
7
7
7
7
7
7
7
7
7
7
7
7
7
7
7
7
7
7
7
7
7
7
7
7
7
7
7
7
7
7
7
7
7
7
7
7
7
7
7
7
7
7
7
7
7
7
7
7
7
7
7
7
7
7
7
7
7
7
7
7
7
7
7
7
7
7
7
7
7
7
7
7
7
7
7
7
7
7
7
7
7
7
7
7
7
7
7
7
7
7
7
7
7
7
7
7
7
7
7
7
7
7
7
7
7
7
7
7
7
7
7
7
7
7
7
7
7
7
7
7
7
7
7
7
7
7
7
7
7
7
7
7
7
7
7
7
7
7
7
7
7
7
7
7
7
7
7
7
7
7
7
7
7
7
7
7
7
7
7
7
7
7
7
7
7
7
7
7
7
7
7
7
7
7
7
7
7
7
7
7
7
7
7
7
7
7
7
7
7
7
7
7
7
7
7
7
7
7
7
7
7
7
7
7
7
7
7
7
7
7
7
7
7
7
7
7
7
7
7
7
7
7
7
7
7
7
7
7
7
7
7
7
7
7
7
7
7
7
7
7
7
7
7
7
7
7
7
7
7
7
7
7
7
7
7
7
7
7
7
7
7
7
7
7
7
7
7
7
7
7
7
7
7
7
7
7
7
7
7
7
7
7
7
7
7
7
7
7
7
7
7
7
7
7
7
7
7
7
7
7
7
7
7
7
7
7
7
7
7
7
7
7
7
7
7
7
7
7
7
7
7
7
7
7
7
7
7
7
7
7
7
7
7
7
7
7
7
7
7
7
7
7
7
7
7
7
7
7
7
7
7
7
7
7
7
7
7
7
7
7
7
7
7
7
7
7
7
7
7
7
7
7
7
7
7
7
7
7
7
7
7
7
7
7
7
7
7
7
7
7
7
7
7
7
7
7
7
7
7
7
7
7
7
7
7
7
7
7
7
7
7
7
7
7
7
7
7
7
7
7
7
7
7
7
7
7
7
7
7
7
7
7
7
7
7
7
7
7
7
7
7
7
7
7
7
7
7
7
7
7
7
7
7
7
7
7
7
7
7
7
7
7
7
7
7
7
7
7
7
7
7
7
7
7
7
7
7
7
7
7
7
7
7
7
7
7
7
7
7
7
7
7
7
7
7
7
7
7
7
7
7
7
7
7
7
7
7
7
7
7
7
7
7
7
7
7
7
7
7
7
7
7
7
7
7
7
7
7
7
7
7
7
7
7
7
7
7
7
7
7
7
7
7
7
7
7
7
7
7
7
7
7
7
7
7
7
7
7
7
7
7
7
7
7
7
7
7
7
7
7
7
7
7
7
7
7
7
7
7
7
7
7
7
7
7
7
7
7
7
7
7
7
7
7
7
7
7
7
7
7
7
7
7
7
7
7
7
7
7
7
7
7
7
7
7
7
7
7
7
7
7
7
7
7
7
7
7
7
7
7
7
7
7
7
7
7
7
7
7
7
7
7
7
7
7
7
7
7
7
7
7
7
7
7
7
7
7
7
7
7
7
7
7
7
7
7
7
7
7
7
7
7
7
7
7
7
7
7
7
7
7
7
7
7
7
7
7
7
7
7
7
7
7
7
7
7
7
7
7
7
7
7
7
7
7
7
7
7
7
7
7
7
7
7
7
7
7
7
7
7
7
7
7
7
7
7
7
7
7
7
7
7
7
7
7
7
7
7
7
7
7
7
7
7
7
7
7
7
7
7
7
7
7
7
7
7
7
7
7
7
7
7
7
7
7
7
7
7
7
7
7
7
7
7
7
7
7
7
7
7
7
7
7
7
7
7
7
7
7
7
7
7
7
7
7
7
7
7
7
7
7
7
7
7
7
7
7
7
7
7
7
7
7
7
7
7
7
7
7
7
7
7
7
7
7
7
7
7
7
7
7
7
7
7
7
7
7
7
7
7
7
7
7
7
7
7
7
7
7
7
7
7
7
7
7
7
7
7
7
7
7
7
7
7
7
7
7
7
7
7
7
7
7
7
7
7
7
7
7
7
7
7
7
7
7
7
7
7
7
7
7
7
7
7
7
7
7
7
7
7
7
7
7
7
7
7
7
7
7
7
7
7
7
7
7
7
7
7
7
7
7
7
7
7
7
7
7
7
7
7
7
7
7
7
7
7
7
7
7
7
7
7
7
7
7
7
7
7
7
7
7
7
7
7
7
7
7
7
7
7
7
7
7
7
7
7
7
7
7
7
7
7
7
7
7
7
7
7
7
7
7
7
7
7
7
7
7
7
7
7
7
7
7
7
7
7
7
7
7
7
7
7
7
7
7
7
7
7
7
7
7
7
7
7
7
7
7
7
7
7
7
7
7
7
7
7
7
7
7
7
7
7
7
7
7
7
7
7
7
7
7
7
7
7
7
7
7
7
7
7
7
7
7
7
7
7
7
7
7
7
7
7
7
7
7
7
7
7
7
7
7
7
7
7
7
7
7
7
7
7
7
7
7
7
7
7
7
7
7
7
7
7
7
7
7
7
7
7
7
7
7
7
7
7
7
7
7
7
7
7
7
7
7
7
7
7
7
7
7
7
7
7
7
7
7
7
7
7
7
7
7
7
7
7
7
7
7
7
7
7
7
7
7
7
7
7
7
7
7
7
7
7
7
7
7
7
7
7
7
7
7
7
7
7
7
7
7
7
7
7
7
7
7
7
7
7
7
7
7
7
7
7
7
7
7
7
7
7
7
7
7
7
7
7
7
7
7
7
7
7
7
7
7
7
7
7
7
7
7
7
7
7
7
7
7
7
7
7
7
7
7
7
7
7
7
7
7
7
7
7
7
7
7
7
7
7
7
7
7
7
7
7
7
7
7
7
7
7
7
7
7
7
7
7
7
7
7
7
7
7
7
7
7
7
7
7
7
7
7
7
7
7
7
7
7
7
7
7
7
7
7
7
7
7
7
7
7
7
7
7
7
7
7
7
7
7
7
7
7
7
7
7
7
7
7
7
7
7
7
7
7
7
7
7
7
7
7
7
7
7
7
7
7
7
7
7
7
7
7
7
7
7
7
7
7
7
7
7
7
7
7
7
7
7
7
7
7
7
7
7
7
7
7
7
7
7
7
7
7
7
7
7
7
7
7
7
7
7
7
7
7
7
7
7
7
7
7
7
7
7
7
7
7
7
7
7
7
7
7
7
7
7
7
7
7
7
7
7
7
7
7
7
7
7
7
7
7
7
7
7
7
7
7
7
7
7
7
7
7
7
7
7
7
7
7
7
7
7
7
7
7
7
7
7
7
7
7
7
7
7
7
7
7
7
7
7
7
7
7
7
7
7
7
7
7
7
7
7
7
7
7
7
7
7
7
7
7
7
7
7
7
7
7
7
7
7
7
7
7
7
7
7
7
7
7
7
7
7
7
7
7
7
7
7
7
7
7
7
7
7
7
7
7
7
7
7
7
7
7
7
7
7
7
7
7
7
7
7
7
7
7
7
7
7
7
7
7
7
7
7
7
7
7
7
7
7
7
7
7
7
7
7
7
7
7
7
7
7
7
7
7
7
7
7
7
7
7
7
7
7
7
7
7
7
7
7
7
7
7
7
7
7
7
7
7
7
7
7
7
7
7
7
7
7
7
7
7
7
7
7
7
7
7
7
7
7
7
7
7
7
7
7
7
7
7
7
7
7
7
7
7
7
7
7
7
7
7
7
7
7
7
7
7
7
7
7
7
7
7
7
7
7
7
7
7
7
7
7
7
7
7
7
7
7
7
7
7
7
7
7
7
7
7
7
7
7
7
7
7
7
7
7
7
7
7
7
7
7
7
7
7
7
7
7
7
7
7
7
7
7
7
7
7
7
7
7
7
7
7
7
7
7
7
7
7
7
7
7
7
7
7
7
7
7
7
7
7
7
7
7
7
7
7
7
7
7
7
7
7
7
7
7
7
7
7
7
7
7
7
7
7
7
7
7
7
7
7
7
7
7
7
7
7
7
7
7
7
7
7
7
7
7
7
7
7
7
7
7
7
7
7
7
7
7
7
7
7
7
7
7
7
7
7
7
7
7
7
7
7
7
7
7
7
7
7
7
7
7
7
7
7
7
7
7
7
7
7
7
7
7
7
7
7
7
7
7
7
7
7
7
7
7
7
7
7
7
7
7
7
7
7
7
7
7
7
7
7
7
7
7
7
7
7
7
7
7
7
7
7
7
7
7
7
7
7
7
7
7
7
7
7
7
7
7
7
7
7
7
7
7
7
7
7
7
7
7
7
7
7
7
7
7
7
7
7
7
7
7
7
7
7
7
7
7
7
7
7
7
7
7
7
7
7
7
7
7
7
7
7
7
7
7
7
7
7
7
7
7
7
7
7
7
7
7
7
7
7
7
7
7
7
7
7
7
7
7
7
7
7
7
7
7
7
7
7
7
7
7
7
7
7
7
7
7
7
7
7
7
7
7
7
7
7
7
7
7
7
7
7
7
7
7
7
7
7
7
7
7
7
7
7
7
7
7
7
7
7
7
7
7
7
7
7
7
7
7
7
7
7
7
7
7
7
7
7
7
7
7
7
7
7
7
7
7
7
7
7
7
7
7
7
7
7
7
7
7
7
7
7
7
7
7
7
7
7
7
7
7
7
7
7
7
7
7
7
7
7
7
7
7
7
7
7
7
7
7
7
7
7
7
7
7
7
7
7
7
7
7
7
7
7
7
7
7
7
7
7
7
7
7
7
7
7
7
7
7
7
7
7
7
7
7
7
7
7
7
7
7
7
7
7
7
7
7
7
7
7
7
7
7
7
7
7
7
7
7
7
7
7
7
7
7
7
7
7
7
7
7
7
7
7
7
7
7
7
7
7
7
7
7
7
7
7
7
7
7
7
7
7
7
7
7
7
7
7
7
7
7
7
7
7
7
7
7
7
7
7
7
7
7
7
7
7
7
7
7
7
7
7
7
7
7
7
7
7
7
7
7
7
7
7
7
7
7
7
7
7
7
7
7
7
7
7
7
7
7
7
7
7
7
7
7
7
7
7
7
7
7
7
7
7
7
7
7
7
7
7
7
7
7
7
7
7
7
7
7
7
7
7
7
7
7
7
7
7
7
7
7
7
7
7
7
7
7
7
7
7
7
7
7
7
7
7
7
7
7
7
7
7
7
7
7
7
7
7
7
7
7
7
7
7
7
7
7
7
7
7
7
7
7
7
7
7
7
7
7
7
7
7
7
7
7
7
7
7
7
7
7
7
7
7
7
7
7
7
7
7
7
7
7
7
7
7
7
7
7
7
7
7
7
7
7
7
7
7
7
7
7
7
7
7
7
7
7
7
7
7
7
7
7
7
7
7
7
7
7
7
7
7
7
7
7
7
7
7
7
7
7
7
7
7
7
7
7
7
7
7
7
7
7
7
7
7
7
7
7
7
7
7
7
7
7
7
7
7
7
7
7
7
7
7
7
7
7
7
7
7
7
7
7
7
7
7
7
7
7
7
7
7
7
7
7
7
7
7
7
7
7
7
7
7
7
7
7
7
7
7
7
7
7
7
7
7
7
7
7
7
7
7
7
7
7
7
7
7
7
7
7
7
7
7
7
7
7
7
7
7
7
7
7
7
7
7
7
7
7
7
7
7
7
7
7
7
7
7
7
7
7
7
7
7
7
7
7
7
7
7
7
7
7
7
7
7
7
7
7
7
7
7
7
7
7
7
7
7
7
7
7
7
7
7
7
7
7
7
7
7
7
7
7
7
7
7
7
7
7
7
7
7
7
7
7
7
7
7
7
7
7
7
7
7
7
7
7
7
7
7
7
7
7
7
7
7
7
7
7
7
7
7
7
7
7
7
7
7
7
7
7
7
7
7
7
7
7
7
7
7
7
7
7
7
7
7
7
7
7
7
7
7
7
7
7
7
7
7
7
7
7
7
7
7
7
7
7
7
7
7
7
7
7
7
7
7
7
7
7
7
7
7
7
7
7
7
7
7
7
7
7
7
7
7
7
7
7
7
7
7
7
7
7
7
7
7
7
7
7
7
7
7
7
7
7
7
7
7
7
7
7
7
7
7
7
7
7
7
7
7
7
7
7
7
7
7
7
7
7
7
7
7
7
7
7
7
7
7
7
7
7
7
7
7
7
7
7
7
7
7
7
7
7
7
7
7
7
7
7
7
7
7
7
7
7
7
7
7
7
7
7
7
7
7
7
7
7
7
7
7
7
7
7
7
7
7
7
7
7
7
7
7
7
7
7
7
7
7
7
7
7
7
7
7
7
7
7
7
7
7
7
7
7
7
7
7
7
7
7
7
7
7
7
7
7
7
7
7
7
7
7
7
7
7
7
7
7
7
7
7
7
7
7
7
7
7
7
7
7
7
7
7
7
7
7
7
7
7
7
7
7
7
7
7
7
7
7
7
7
7
7
7
7
7
7
7
7
7
7
7
7
7
7
7
7
7
7
7
7
7
7
7
7
7
7
7
7
7
7
7
7
7
7
7
7
7
7
7
7
7
7
7
7
7
7
7
7
7
7
7
7
7
7
7
7
7
7
7
7
7
7
7
7
7
7
7
7
7
7
7
7
7
7
7
7
7
7
7
7
7
7
7
7
7
7
7
7
7
7
7
7
7
7
7
7
7
7
7
7
7
7
7
7
7
7
7
7
7
7
7
7
7
7
7
7
7
7
7
7
7
7
7
7
7
7
7
7
7
7
7
7
7
7
7
7
7
7
7
7
7
7
7
7
7
7
7
7
7
7
7
7
7
7
7
7
7
7
7
7
7
7
7
7
7
7
7
7
7
7
7
7
7
7
7
7
7
7
7
7
7
7
7
7
7
7
7
7
7
7
7
7
7
7
7
7
7
7
7
7
7
7
7
7
7
7
7
7
7
7
7
7
7
7
7
7
7
7
7
7
7
7
7
7
7
7
7
7
7
7
7
7
7
7
7
7
7
7
7
7
7
7
7
7
7
7
7
7
7
7
7
7
7
7
7
7
7
7
7
7
7
7
7
7
7
7
7
7
7
7
7
7
7
7
7
7
7
7
7
7
7
7
7
7
7
7
7
7
7
7
7
7
7
7
7
7
7
7
7
7
7
7
7
7
7
7
7
7
7
7
7
7
7
7
7
7
7
7
7
7
7
7
7
7
7
7
7
7
7
7
7
7
7
7
7
7
7
7
7
7
7
7
7
7
7
7
7
7
7
7
7
7
7
7
7
7
7
7
7
7
7
7
7
7
7
7
7
7
7
7
7
7
7
7
7
7
7
7
7
7
7
7
7
7
7
7
7
7
7
7
7
7
7
7
7
7
7
7
7
7
7
7
7
7
7
7
7
7
7
7
7
7
7
7
7
7
7
7
7
7
7
7
7
7
7
7
7
7
7
7
7
7
7
7
7
7
7
7
7
7
7
7
7
7
7
7
7
7
7
7
7
7
7
7
7
7
7
7
7
7
7
7
7
7
7
7
7
7
7
7
7
7
7
7
7
7
7
7
7
7
7
7
7
7
7
7
7
7
7
7
7
7
7
7
7
7
7
7
7
7
7
7
7
7
7
7
7
7
7
7
7
7
7
7
7
7
7
7
7
7
7
7
7
7
7
7
7
7
7
7
7
7
7
7
7
7
7
7
7
7
7
7
7
7
7
7
7
7
7
7
7
7
7
7
7
7
7
7
7
7
7
7
7
7
7
7
7
7
7
7
7
7
7
7
7
7
7
7
7
7
7
7
7
7
7
7
7
7
7
7
7
7
7
7
7
7
7
7
7
7
7
7
7
7
7
7
7
7
7
7
7
7
7
7
7
7
7
7
7
7
7
7
7
7
7
7
7
7
7
7
7
7
7
7
7
7
7
7
7
7
7
7
7
7
7
7
7
7
7
7
7
7
7
7
7
7
7
7
7
7
7
7
7
7
7
7
7
7
7
7
7
7
7
7
7
7
7
7
7
7
7
7
7
7
7
7
7
7
7
7
7
7
7
7
7
7
7
7
7
7
7
7
7
7
7
7
7
7
7
7
7
7
7
7
7
7
7
7
7
7
7
7
7
7
7
7
7
7
7
7
7
7
7
7
7
7
7
7
7
7
7
7
7
7
7
7
7
7
7
7
7
7
7
7
7
7
7
7
7
7
7
7
7
7
7
7
7
7
7
7
7
7
7
7
7
7
7
7
7
7
7
7
7
7
7
7
7
7
7
7
7
7
7
7
7
7
7
7
7
7
7
7
7
7
7
7
7
7
7
7
7
7
7
7
7
7
7
7
7
7
7
7
7
7
7
7
7
7
7
7
7
7
7
7
7
7
7
7
7
7
7
7
7
7
7
7
7
7
7
7
7
7
7
7
7
7
7
7
7
7
7
7
7
7
7
7
7
7
7
7
7
7
7
7
7
7
7
7
7
7
7
7
7
7
7
7
7
7
7
7
7
7
7
7
7
7
7
7
7
7
7
7
7
7
7
7
7
7
7
7
7
7
7
7
7
7
7
7
7
7
7
7
7
7
7
7
7
7
7
7
7
7
7
7
7
7
7
7
7
7
7
7
7
7
7
7
7
7
7
7
7
7
7
7
7
7
7
7
7
7
7
7
7
7
7
7
7
7
7
7
7
7
7
7
7
7
7
7
7
7
7
7
7
7
7
7
7
7
7
7
7
7
7
7
7
7
7
7
7
7
7
7
7
7
7
7
7
7
7
7
7
7
7
7
7
7
7
7
7
7
7
7
7
7
7
7
7
7
7
7
7
7
7
7
7
7
7
7
7
7
7
7
7
7
7
7
7
7
7
7
7
7
7
7
7
7
7
7
7
7
7
7
7
7
7
7
7
7
7
7
7
7
7
7
7
7
7
7
7
7
7
7
7
7
7
7
7
7
7
7
7
7
7
7
7
7
7
7
7
7
7
7
7
7
7
7
7
7
7
7
7
7
7
7
7
7
7
7
7
7
7
7
7
7
7
7
7
7
7
7
7
7
7
7
7
7
7
7
7
7
7
7
7
7
7
7
7
7
7
7
7
7
7
7
7
7
7
7
7
7
7
7
7
7
7
7
7
7
7
7
7
7
7
7
7
7
7
7
7
7
7
7
7
7
7
7
7
7
7
7
7
7
7
7
7
7
7
7
7
7
7
7
7
7
7
7
7
7
7
7
7
7
7
7
7
7
7
7
7
7
7
7
7
7
7
7
7
7
7
7
7
7
7
7
7
7
7
7
7
7
7
7
7
7
7
7
7
7
7
7
7
7
7
7
7
7
7
7
7
7
7
7
7
7
7
7
7
7
7
7
7
7
7
7
7
7
7
7
7
7
7
7
7
7
7
7
7
7
7
7
7
7
7
7
7
7
7
7
7
7
7
7
7
7
7
7
7
7
7
7
7
7
7
7
7
7
7
7
7
7
7
7
7
7
7
7
7
7
7
7
7
7
7
7
7
7
7
7
7
7
7
7
7
7
7
7
7
7
7
7
7
7
7
7
7
7
7
7
7
7
7
7
7
7
7
7
7
7
7
7
7
7
7
7
7
7
7
7
7
7
7
7
7
7
7
7
7
7
7
7
7
7
7
7
7
7
7
7
7
7
7
7
7
7
7
7
7
7
7
7
7
7
7
7
7
7
7
7
7
7
7
7
7
7
7
7
7
7
7
7
7
7
7
7
7
7
7
7
7
7
7
7
7
7
7
7
7
7
7
7
7
7
7
7
7
7
7
7
7
7
7
7
7
7
7
7
7
7
7
7
7
7
7
7
7
7
7
7
7
7
7
7
7
7
7
7
7
7
7
7
7
7
7
7
7
7
7
7
7
7
7
7
7
7
7
7
7
7
7
7
7
7
7
7
7
7
7
7
7
7
7
7
7
7
7
7
7
7
7
7
7
7
7
7
7
7
7
7
7
7
7
7
7
7
7
7
7
7
7
7
7
7
7
7
7
7
7
7
7
7
7
7
7
7
7
7
7
7
7
7
7
7
7
7
7
7
7
7
7
7
7
7
7
7
7
7
7
7
7
7
7
7
7
7
7
7
7
7
7
7
7
7
7
7
7
7
7
7
7
7
7
7
7
7
7
7
7
7
7
7
7
7
7
7
7
7
7
7
7
7
7
7
7
7
7
7
7
7
7
7
7
7
7
7
7
7
7
7
7
7
7
7
7
7
7
7
7
7
7
7
7
7
7
7
7
7
7
7
7
7
7
7
7
7
7
7
7
7
7
7
7
7
7
7
7
7
7
7
7
7
7
7
7
7
7
7
7
7
7
7
7
7
7
7
7
7
7
7
7
7
7
7
7
7
7
7
7
7
7
7
7
7
7
7
7
7
7
7
7
7
7
7
7
7
7
7
7
7
7
7
7
7
7
7
7
7
7
7
7
7
7
7
7
7
7
7
7
7
7
7
7
7
7
7
7
7
7
7
7
7
7
7
7
7
7
7
7
7
7
7
7
7
7
7
7
7
7
7
7
7
7
7
7
7
7
7
7
7
7
7
7
7
7
7
7
7
7
7
7
7
7
7
7
7
7
7
7
7
7
7
7
7
7
7
7
7
7
7
7
7
7
7
7
7
7
7
7
7
7
7
7
7
7
7
7
7
7
7
7
7
7
7
7
7
7
7
7
7
7
7
7
7
7
7
7
7
7
7
7
7
7
7
7
7
7
7
7
7
7
7
7
7
7
7
7
7
7
7
7
7
7
7
7
7
7
7
7
7
7
7
7
7
7
7
7
7
7
7
7
7
7
7
7
7
7
7
7
7
7
7
7
7
7
7
7
7
7
7
7
7
7
7
7
7
7
7
7
7
7
7
7
7
7
7
7
7
7
7
7
7
7
7
7
7
7
7
7
7
7
7
7
7
7
7
7
7
7
7
7
7
7
7
7
7
7
7
7
7
7
7
7
7
7
7
7
7
7
7
7
7
7
7
7
7
7
7
7
7
7
7
7
7
7
7
7
7
7
7
7
7
7
7
7
7
7
7
7
7
7
7
7
7
7
7
7
7
7
7
7
7
7
7
7
7
7
7
7
7
7
7
7
7
7
7
7
7
7
7
7
7
7
7
7
7
7
7
7
7
7
7
7
7
7
7
7
7
7
7
7
7
7
7
7
7
7
7
7
7
7
7
7
7
7
7
7
7
7
7
7
7
7
7
7
7
7
7
7
7
7
7
7
7
7
7
7
7
7
7
7
7
7
7
7
7
7
7
7
7
7
7
7
7
7
7
7
7
7
7
7
7
7
7
7
7
7
7
7
7
7
7
7
7
7
7
7
7
7
7
7
7
7
7
7
7
7
7
7
7
7
7
7
7
7
7
7
7
7
7
7
7
7
7
7
7
7
7
7
7
7
7
7
7
7
7
7
7
7
7
7
7
7
7
7
7
7
7
7
7
7
7
7
7
7
7
7
7
7
7
7
7
7
7
7
7
7
7
7
7
7
7
7
7
7
7
7
7
7
7
7
7
7
7
7
7
7
7
7
7
7
7
7
7
7
7
7
7
7
7
7
7
7
7
7
7
7
7
7
7
7
7
7
7
7
7
7
7
7
7
7
7
7
7
7
7
7
7
7
7
7
7
7
7
7
7
7
7
7
7
7
7
7
7
7
7
7
7
7
7
7
7
7
7
7
7
7
7
7
7
7
7
7
7
7
7
7
7
7
7
7
7
7
7
7
7
7
7
7
7
7
7
7
7
7
7
7
7
7
7
7
7
7
7
7
7
7
7
7
7
7
7
7
7
7
7
7
7
7
7
7
7
7
7
7
7
7
7
7
7
7
7
7
7
7
7
7
7
7
7
7
7
7
7
7
7
7
7
7
7
7
7
7
7
7
7
7
7
7
7
7
7
7
7
7
7
7
7
7
7
7
7
7
7
7
7
7
7
7
7
7
7
7
7
7
7
7
7
7
7
7
7
7
7
7
7
7
7
7
7
7
7
7
7
7
7
7
7
7
7
7
7
7
7
7
7
7
7
7
7
7
7
7
7
7
7
7
7
7
7
7
7
7
7
7
7
7
7
7
7
7
7
7
7
7
7
7
7
7
7
7
7
7
7
7
7
7
7
7
7
7
7
7
7
7
7
7
7
7
7
7
7
7
7
7
7
7
7
7
7
7
7
7
7
7
7
7
7
7
7
7
7
7
7
7
7
7
7
7
7
7
7
7
7
7
7
7
7
7
7
7
7
7
7
7
7
7
7
7
7
7
7
7
7
7
7
7
7
7
7
7
7
7
7
7
7
7
7
7
7
7
7
7
7
7
7
7
7
7
7
7
7
7
7
7
7
7
7
7
7
7
7
7
7
7
7
7
7
7
7
7
7
7
7
7
7
7
7
7
7
7
7
7
7
7
7
7
7
7
7
7
7
7
7
7
7
7
7
7
7
7
7
7
7
7
7
7
7
7
7
7
7
7
7
7
7
7
7
7
7
7
7
7
7
7
7
7
7
7
7
7
7
7
7
7
7
7
7
7
7
7
7
7
7
7
7
7
7
7
7
7
7
7
7
7
7
7
7
7
7
7
7
7
7
7
7
7
7
7
7
7
7
7
7
7
7
7
7
7
7
7
7
7
7
7
7
7
7
7
7
7
7
7
7
7
7
7
7
7
7
7
7
7
7
7
7
7
7
7
7
7
7
7
7
7
7
7
7
7
7
7
7
7
7
7
7
7
7
7
7
7
7
7
7
7
7
7
7
7
7
7
7
7
7
7
7
7
7
7
7
7
7
7
7
7
7
7
7
7
7
7
7
7
7
7
7
7
7
7
7
7
7
7
7
7
7
7
7
7
7
7
7
7
7
7
7
7
7
7
7
7
7
7
7
7
7
7
7
7
7
7
7
7
7
7
7
7
7
7
7
7
7
7
7
7
7
7
7
7
7
7
7
7
7
7
7
7
7
7
7
7
7
7
7
7
7
7
7
7
7
7
7
7
7
7
7
7
7
7
7
7
7
7
7
7
7
7
7
7
7
7
7
7
7
7
7
7
7
7
7
7
7
7
7
7
7
7
7
7
7
7
7
7
7
7
7
7
7
7
7
7
7
7
7
7
7
7
7
7
7
7
7
7
7
7
7
7
7
7
7
7
7
7
7
7
7
7
7
7
7
7
7
7
7
7
7
7
7
7
7
7
7
7
7
7
7
7
7
7
7
7
7
7
7
7
7
7
7
7
7
7
7
7
7
7
7
7
7
7
7
7
7
7
7
7
7
7
7
7
7
7
7
7
7
7
7
7
7
7
7
7
7
7
7
7
7
7
7
7
7
7
7
7
7
7
7
7
7
7
7
7
7
7
7
7
7
7
7
7
7
7
7
7
7
7
7
7
7
7
7
7
7
7
7
7
7
7
7
7
7
7
7
7
7
7
7
7
7
7
7
7
7
7
7
7
7
7
7
7
7
7
7
7
7
7
7
7
7
7
7
7
7
7
7
7
7
7
7
7
7
7
7
7
7
7
7
7
7
7
7
7
7
7
7
7
7
7
7
7
7
7
7
7
7
7
7
7
7
7
7
7
7
7
7
7
7
7
7
7
7
7
7
7
7
7
7
7
7
7
7
7
7
7
7
7
7
7
7
7
7
7
7
7
7
7
7
7
7
7
7
7
7
7
7
7
7
7
7
7
7
7
7
7
7
7
7
7
7
7
7
7
7
7
7
7
7
7
7
7
7
7
7
7
7
7
7
7
7
7
7
7
7
7
7
7
7
7
7
7
7
7
7
7
7
7
7
7
7
7
7
7
7
7
7
7
7
7
7
7
7
7
7
7
7
7
7
7
7
7
7
7
7
7
7
7
7
7
7
7
7
7
7
7
7
7
7
7
7
7
7
7
7
7
7
7
7
7
7
7
7
7
7
7
7
7
7
7
7
7
7
7
7
7
7
7
7
7
7
7
7
7
7
7
7
7
7
7
7
7
7
7
7
7
7
7
7
7
7
7
7
7
7
7
7
7
7
7
7
7
7
7
7
7
7
7
7
7
7
7
7
7
7
7
7
7
7
7
7
7
7
7
7
7
7
7
7
7
7
7
7
7
7
7
7
7
7
7
7
7
7
7
7
7
7
7
7
7
7
7
7
7
7
7
7
7
7
7
7
7
7
7
7
7
7
7
7
7
7
7
7
7
7
7
7
7
7
7
7
7
7
7
7
7
7
7
7
7
7
7
7
7
7
7
7
7
7
7
7
7
7
7
7
7
7
7
7
7
7
7
7
7
7
7
7
7
7
7
7
7
7
7
7
7
7
7
7
7
7
7
7
7
7
7
7
7
7
7
7
7
7
7
7
7
7
7
7
7
7
7
7
7
7
7
7
7
7
7
7
7
7
7
7
7
7
7
7
7
7
7
7
7
7
7
7
7
7
7
7
7
7
7
7
7
7
7
7
7
7
7
7
7
7
7
7
7
7
7
7
7
7
7
7
7
7
7
7
7
7
7
7
7
7
7
7
7
7
7
7
7
7
7
7
7
7
7
7
7
7
7
7
7
7
7
7
7
7
7
7
7
7
7
7
7
7
7
7
7
7
7
7
7
7
7
7
7
7
7
7
7
7
7
7
7
7
7
7
7
7
7
7
7
7
7
7
7
7
7
7
7
7
7
7
7
7
7
7
7
7
7
7
7
7
7
7
7
7
7
7
7
7
7
7
7
7
7
7
7
7
7
7
7
7
7
7
7
7
7
7
7
7
7
7
7
7
7
7
7
7
7
7
7
7
7
7
7
7
7
7
7
7
7
7
7
7
7
7
7
7
7
7
7
7
7
7
7
7
7
7
7
7
7
7
7
7
7
7
7
7
7
7
7
7
7
7
7
7
7
7
7
7
7
7
7
7
7
7
7
7
7
7
7
7
7
7
7
7
7
7
7
7
7
7
7
7
7
7
7
7
7
7
7
7
7
7
7
7
7
7
7
7
7
7
7
7
7
7
7
7
7
7
7
7
7
7
7
7
7
7
7
7
7
7
7
7
7
7
7
7
7
7
7
7
7
7
7
7
7
7
7
7
7
7
7
7
7
7
7
7
7
7
7
7
7
7
7
7
7
7
7
7
7
7
7
7
7
7
7
7
7
7
7
7
7
7
7
7
7
7
7
7
7
7
7
7
7
7
7
7
7
7
7
7
7
7
7
7
7
7
7
7
7
7
7
7
7
7
7
7
7
7
7
7
7
7
7
7
7
7
7
7
7
7
7
7
7
7
7
7
7
7
7
7
7
7
7
7
7
7
7
7
7
7
7
7
7
7
7
7
7
7
7
7
7
7
7
7
7
7
7
7
7
7
7
7
7
7
7
7
7
7
7
7
7
7
7
7
7
7
7
7
7
7
7
7
7
7
7
7
7
7
7
7
7
7
7
7
7
7
7
7
7
7
7
7
7
7
7
7
7
7
7
7
7
7
7
7
7
7
7
7
7
7
7
7
7
7
7
7
7
7
7
7
7
7
7
7
7
7
7
7
7
7
7
7
7
7
7
7
7
7
7
7
7
7
7
7
7
7
7
7
7
7
7
7
7
7
7
7
7
7
7
7
7
7
7
7
7
7
7
7
7
7
7
7
7
7
7
7
7
7
7
7
7
7
7
7
7
7
7
7
7
7
7
7
7
7
7
7
7
7
7
7
7
7
7
7
7
7
7
7
7
7
7
7
7
7
7
7
7
7
7
7
7
7
7
7
7
7
7
7
7
7
7
7
7
7
7
7
7
7
7
7
7
7
7
7
7
7
7
7
7
7
7
7
7
7
7
7
7
7
7
7
7
7
7
7
7
7
7
7
7
7
7
7
7
7
7
7
7
7
7
7
7
7
7
7
7
7
7
7
7
7
7
7
7
7
7
7
7
7
7
7
7
7
7
7
7
7
7
7
7
7
7
7
7
7
7
7
7
7
7
7
7
7
7
7
7
7
7
7
7
7
7
7
7
7
7
7
7
7
7
7
7
7
7
7
7
7
7
7
7
7
7
7
7
7
7
7
7
7
7
7
7
7
7
7
7
7
7
7
7
7
7
7
7
7
7
7
7
7
7
7
7
7
7
7
7
7
7
7
7
7
7
7
7
7
7
7
7
7
7
7
7
7
7
7
7
7
7
7
7
7
7
7
7
7
7
7
7
7
7
7
7
7
7
7
7
7
7
7
7
7
7
7
7
7
7
7
7
7
7
7
7
7
7
7
7
7
7
7
7
7
7
7
7
7
7
7
7
7
7
7
7
7
7
7
7
7
7
7
7
7
7
7
7
7
7
7
7
7
7
7
7
7
7
7
7
7
7
7
7
7
7
7
7
7
7
7
7
7
7
7
7
7
7
7
7
7
7
7
7
7
7
7
7
7
7
7
7
7
7
7
7
7
7
7
7
7
7
7
7
7
7
7
7
7
7
7
7
7
7
7
7
7
7
7
7
7
7
7
7
7
7
7
7
7
7
7
7
7
7
7
7
7
7
7
7
7
7
7
7
7
7
7
7
7
7
7
7
7
7
7
7
7
7
7
7
7
7
7
7
7
7
7
7
7
7
7
7
7
7
7
7
7
7
7
7
7
7
7
7
7
7
7
7
7
7
7
7
7
7
7
7
7
7
7
7
7
7
7
7
7
7
7
7
7
7
7
7
7
7
7
7
7
7
7
7
7
7
7
7
7
7
7
7
7
7
7
7
7
7
7
7
7
7
7
7
7
7
7
7
7
7
7
7
7
7
7
7
7
7
7
7
7
7
7
7
7
7
7
7
7
7
7
7
7
7
7
7
7
7
7
7
7
7
7
7
7
7
7
7
7
7
7
7
7
7
7
7
7
7
7
7
7
7
7
7
7
7
7
7
7
7
7
7
7
7
7
7
7
7
7
7
7
7
7
7
7
7
7
7
7
7
7
7
7
7
7
7
7
7
7
7
7
7
7
7
7
7
7
7
7
7
7
7
7
7
7
7
7
7
7
7
7
7
7
7
7
7
7
7
7
7
7
7
7
7
7
7
7
7
7
7
7
7
7
7
7
7
7
7
7
7
7
7
7
7
7
7
7
7
7
7
7
7
7
7
7
7
7
7
7
7
7
7
7
7
7
7
7
7
7
7
7
7
7
7
7
7
7
7
7
7
7
7
7
7
7
7
7
7
7
7
7
7
7
7
7
7
7
7
7
7
7
7
7
7
7
7
7
7
7
7
7
7
7
7
7
7
7
7
7
7
7
7
7
7
7
7
7
7
7
7
7
7
7
7
7
7
7
7
7
7
7
7
7
7
7
7
7
7
7
7
7
7
7
7
7
7
7
7
7
7
7
7
7
7
7
7
7
7
7
7
7
7
7
7
7
7
7
7
7
7
7
7
7
7
7
7
7
7
7
7
7
7
7
7
7
7
7
7
7
7
7
7
7
7
7
7
7
7
7
7
7
7
7
7
7
7
7
7
7
7
7
7
7
7
7
7
7
7
7
7
7
7
7
7
7
7
7
7
7
7
7
7
7
7
7
7
7
7
7
7
7
7
7
7
7
7
7
7
7
7
7
7
7
7
7
7
7
7
7
7
7
7
7
7
7
7
7
7
7
7
7
7
7
7
7
7
7
7
7
7
7
7
7
7
7
7
7
7
7
7
7
7
7
7
7
7
7
7
7
7
7
7
7
7
7
7
7
7
7
7
7
7
7
7
7
7
7
7
7
7
7
7
7
7
7
7
7
7
7
7
7
7
7
7
7
7
7
7
7
7
7
7
7
7
7
7
7
7
7
7
7
7
7
7
7
7
7
7
7
7
7
7
7
7
7
7
7
7
7
7
7
7
7
7
7
7
7
7
7
7
7
7
7
7
7
7
7
7
7
7
7
7
7
7
7
7
7
7
7
7
7
7
7
7
7
7
7
7
7
7
7
7
7
7
7
7
7
7
7
7
7
7
7
7
7
7
7
7
7
7
7
7
7
7
7
7
7
7
7
7
7
7
7
7
7
7
7
7
7
7
7
7
7
7
7
7
7
7
7
7
7
7
7
7
7
7
7
7
7
7
7
7
7
7
7
7
7
7
7
7
7
7
7
7
7
7
7
7
7
7
7
7
7
7
7
7
7
7
7
7
7
7
7
7
7
7
7
7
7
7
7
7
7
7
7
7
7
7
7
7
7
7
7
7
7
7
7
7
7
7
7
7
7
7
7
7
7
7
7
7
7
7
7
7
7
7
7
7
7
7
7
7
7
7
7
7
7
7
7
7
7
7
7
7
7
7
7
7
7
7
7
7
7
7
7
7
7
7
7
7
7
7
7
7
7
7
7
7
7
7
7
7
7
7
7
7
7
7
7
7
7
7
7
7
7
7
7
7
7
7
7
7
7
7
7
7
7
7
7
7
7
7
7
7
7
7
7
7
7
7
7
7
7
7
7
7
7
7
7
7
7
7
7
7
7
7
7
7
7
7
7
7
7
7
7
7
7
7
7
7
7
7
7
7
7
7
7
7
7
7
7
7
7
7
7
7
7
7
7
7
7
7
7
7
7
7
7
7
7
7
7
7
7
7
7
7
7
7
7
7
7
7
7
7
7
7
7
7
7
7
7
7
7
7
7
7
7
7
7
7
7
7
7
7
7
7
7
7
7
7
7
7
7
7
7
7
7
7
7
7
7
7
7
7
7
7
7
7
7
7
7
7
7
7
7
7
7
7
7
7
7
7
7
7
7
7
7
7
7
7
7
7
7
7
7
7
7
7
7
7
7
7
7
7
7
7
7
7
7
7
7
7
7
7
7
7
7
7
7
7
7
7
7
7
7
7
7
7
7
7
7
7
7
7
7
7
7
7
7
7
7
7
7
7
7
7
7
7
7
7
7
7
7
7
7
7
7
7
7
7
7
7
7
7
7
7
7
7
7
7
7
7
7
7
7
7
7
7
7
7
7
7
7
7
7
7
7
7
7
7
7
7
7
7
7
7
7
7
7
7
7
7
7
7
7
7
7
7
7
7
7
7
7
7
7
7
7
7
7
7
7
7
7
7
7
7
7
7
7
7
7
7
7
7
7
7
7
7
7
7
7
7
7
7
7
7
7
7
7
7
7
7
7
7
7
7
7
7
7
7
7
7
7
7
7
7
7
7
7
7
7
7
7
7
7
7
7
7
7
7
7
7
7
7
7
7
7
7
7
7
7
7
7
7
7
7
7
7
7
7
7
7
7
7
7
7
7
7
7
7
7
7
7
7
7
7
7
7
7
7
7
7
7
7
7
7
7
7
7
7
7
7
7
7
7
7
7
7
7
7
7
7
7
7
7
7
7
7
7
7
7
7
7
7
7
7
7
7
7
7
7
7
7
7
7
7
7
7
7
7
7
7
7
7
7
7
7
7
7
7
7
7
7
7
7
7
7
7
7
7
7
7
7
7
7
7
7
7
7
7
7
7
7
7
7
7
7
7
7
7
7
7
7
7
7
7
7
7
7
7
7
7
7
7
7
7
7
7
7
7
7
7
7
7
7
7
7
7
7
7
7
7
7
7
7
7
7
7
7
7
7
7
7
7
7
7
7
7
7
7
7
7
7
7
7
7
7
7
7
7
7
7
7
7
7
7
7
7
7
7
7
7
7
7
7
7
7
7
7
7
7
7
7
7
7
7
7
7
7
7
7
7
7
7
7
7
7
7
7
7
7
7
7
7
7
7
7
7
7
7
7
7
7
7
7
7
7
7
7
7
7
7
7
7
7
7
7
7
7
7
7
7
7
7
7
7
7
7
7
7
7
7
7
7
7
7
7
7
7
7
7
7
7
7
7
7
7
7
7
7
7
7
7
7
7
7
7
7
7
7
7
7
7
7
7
7
7
7
7
7
7
7
7
7
7
7
7
7
7
7
7
7
7
7
7
7
7
7
7
7
7
7
7
7
7
7
7
7
7
7
7
7
7
7
7
7
7
7
7
7
7
7
7
7
7
7
7
7
7
7
7
7
7
7
7
7
7
7
7
7
7
7
7
7
7
7
7
7
7
7
7
7
7
7
7
7
7
7
7
7
7
7
7
7
7
7
7
7
7
7
7
7
7
7
7
7
7
7
7
7
7
7
7
7
7
7
7
7
7
7
7
7
7
7
7
7
7
7
7
7
7
7
7
7
7
7
7
7
7
7
7
7
7
7
7
7
7
7
7
7
7
7
7
7
7
7
7
7
7
7
7
7
7
7
7
7
7
7
7
7
7
7
7
7
7
7
7
7
7
7
7
7
7
7
7
7
7
7
7
7
7
7
7
7
7
7
7
7
7
7
7
7
7
7
7
7
7
7
7
7
7
7
7
7
7
7
7
7
7
7
7
7
7
7
7
7
7
7
7
7
7
7
7
7
7
7
7
7
7
7
7
7
7
7
7
7
7
7
7
7
7
7
7
7
7
7
7
7
7
7
7
7
7
7
7
7
7
7
7
7
7
7
7
7
7
7
7
7
7
7
7
7
7
7
7
7
7
7
7
7
7
7
7
7
7
7
7
7
7
7
7
7
7
7
7
7
7
7
7
7
7
7
7
7
7
7
7
7
7
7
7
7
7
7
7
7
7
7
7
7
7
7
7
7
7
7
7
7
7
7
7
7
7
7
7
7
7
7
7
7
7
7
7
7
7
7
7
7
7
7
7
7
7
7
7
7
7
7
7
7
7
7
7
7
7
7
7
7
7
7
7
7
7
7
7
7
7
7
7
7
7
7
7
7
7
7
7
7
7
7
7
7
7
7
7
7
7
7
7
7
7
7
7
7
7
7
7
7
7
7
7
7
7
7
7
7
7
7
7
7
7
7
7
7
7
7
7
7
7
7
7
7
7
7
7
7
7
7
7
7
7
7
7
7
7
7
7
7
7
7
7
7
7
7
7
7
7
7
7
7
7
7
7
7
7
7
7
7
7
7
7
7
7
7
7
7
7
7
7
7
7
7
7
7
7
7
7
7
7
7
7
7
7
7
7
7
7
7
7
7
7
7
7
7
7
7
7
7
7
7
7
7
7
7
7
7
7
7
7
7
7
7
7
7
7
7
7
7
7
7
7
7
7
7
7
7
7
7
7
7
7
7
7
7
7
7
7
7
7
7
7
7
7
7
7
7
7
7
7
7
7
7
7
7
7
7
7
7
7
7
7
7
7
7
7
7
7
7
7
7
7
7
7
7
7
7
7
7
7
7
7
7
7
7
7
7
7
7
7
7
7
7
7
7
7
7
7
7
7
7
7
7
7
7
7
7
7
7
7
7
7
7
7
7
7
7
7
7
7
7
7
7
7
7
7
7
7
7
7
7
7
7
7
7
7
7
7
7
7
7
7
7
7
7
7
7
7
7
7
7
7
7
7
7
7
7
7
7
7
7
7
7
7
7
7
7
7
7
7
